loc_id,city??,usmba,Morocco,year??,lat??,lon??,2088,-7,8760
USMBA - Fes (Edited file)
Temperature,Pressure,Direction,Speed,
C,atm,degrees,m/s,
80,80,80,80
5.79,0.953663953,163,2.945707178
4.94,0.953861337,164,1.72
4.09,0.953762645,164,1.78
3.25,0.954058722,164,1.85
2.4,0.954058722,167,1.91
1.55,0.95396003,172,1.98
0.7,0.954256107,174,2.04
-0.14,0.954946953,174,2.1
2.71,0.955539107,169,1.86
5.9,0.956229953,174,1.17
11.71,0.956624722,173,0.48
14.86,0.956427338,340,0.41
16.44,0.956032568,337,1.1
17.16,0.955341722,339,1.38
17.47,0.954946953,344,1.31
17.29,0.954848261,348,1.1
16.61,0.95524303,342,0.83
15.2,0.955440415,316,0.62
14.11,0.955835184,237,0.83
10.77,0.95652603,209,1.52
8.31,0.956624722,189,1.93
6.23,0.957019492,184,2
5.04,0.956723415,183,1.93
4.41,0.956624722,188,1.86
3.96,0.956723415,192,1.79
3.59,0.956723415,192,1.79
3.14,0.956624722,187,1.86
3,0.956328645,182,1.79
2.81,0.955835184,180,1.72
2.61,0.955341722,179,1.72
2.4,0.95524303,179,1.72
1.91,0.955736491,183,1.79
2.19,0.955736491,185,1.72
6.74,0.956131261,188,0.9
12.09,0.956229953,241,0.21
14.56,0.955736491,335,0.69
15.64,0.954946953,340,1.17
16.27,0.953861337,338,1.38
16.59,0.953170491,337,1.45
16.44,0.952874414,333,1.31
15.75,0.952973106,331,1.1
14.41,0.953170491,326,1.03
12.6,0.953269183,279,0.83
10.19,0.953367876,223,1.38
8.36,0.95356526,208,1.66
6.42,0.953663953,198,1.72
5.08,0.953663953,196,1.52
4.37,0.953367876,193,1.45
4.15,0.952973106,193,1.24
4.25,0.952677029,196,1.1
4,0.952380952,192,1.1
3.06,0.952183568,183,1.31
2.19,0.951492721,178,1.45
1.69,0.951295337,178,1.52
1.4,0.951196644,180,1.52
0.22,0.951986183,177,1.59
0.52,0.952183568,174,1.45
4.77,0.952677029,169,0.9
10.48,0.952973106,107,0.48
13.29,0.952677029,54,0.9
14.98,0.951887491,40,1.17
16.07,0.950703183,35,1.52
16.61,0.950407106,32,1.66
16.55,0.950111029,29,1.66
15.88,0.950308414,21,1.24
14.54,0.950604491,3,1.17
13.45,0.950900567,0,0.41
13.31,0.95099926,199,0.62
11,0.951097952,185,1.24
7.65,0.951492721,180,1.52
5.97,0.951591414,178,1.38
5.1,0.951492721,170,1.31
4.55,0.951591414,163,1.17
4.06,0.951492721,156,1.1
3.73,0.951492721,152,1.1
3.24,0.951394029,153,1.1
2.79,0.95099926,154,1.17
2.32,0.950604491,154,1.24
2.17,0.950703183,157,1.17
1.72,0.951591414,161,1.31
2.01,0.95228226,161,1.24
5.94,0.952874414,166,0.76
10.67,0.953367876,107,0.34
13.5,0.953170491,38,0.83
15.19,0.952677029,19,1.17
16.25,0.952084875,14,1.52
16.74,0.951986183,13,1.66
16.7,0.952084875,16,1.52
16.14,0.952380952,22,1.03
14.99,0.952775722,16,0.62
14.21,0.953071799,154,0.34
12.43,0.95356526,170,1.17
8.48,0.95396003,173,1.52
6.09,0.954552184,173,1.59
4.8,0.954848261,173,1.66
3.85,0.954749568,171,1.72
3.18,0.954848261,168,1.66
2.58,0.954848261,166,1.66
2.02,0.955045645,166,1.66
1.47,0.954946953,166,1.72
1.18,0.955045645,166,1.72
0.87,0.954848261,166,1.79
0.57,0.954946953,168,1.79
0.22,0.956131261,169,1.66
0.54,0.956328645,166,1.52
5.55,0.956723415,164,0.9
11.45,0.957315569,117,0.48
14.41,0.956822107,62,0.62
16.17,0.956131261,28,0.97
17.22,0.95524303,20,1.38
17.67,0.955144338,18,1.59
17.51,0.955144338,17,1.59
16.71,0.955341722,16,1.24
15.25,0.955440415,6,0.9
14.32,0.955736491,199,0.28
12.78,0.956032568,185,1.17
7.88,0.955933876,180,2
5.53,0.956032568,177,2
4.28,0.956229953,178,2
3.42,0.955835184,178,1.93
2.77,0.955539107,178,1.93
2.22,0.955341722,176,1.86
1.88,0.955440415,176,1.86
1.72,0.955539107,178,2
1.48,0.955341722,180,2.07
1.26,0.95524303,181,2.21
1.02,0.955045645,180,2.14
0.87,0.955736491,181,2.21
1.06,0.955835184,179,2.07
5.19,0.956229953,181,1.24
11.49,0.956723415,184,0.55
14.7,0.956229953,324,0.34
16.32,0.955637799,332,1.1
17.13,0.954453491,332,1.59
17.41,0.954354799,331,1.86
17.11,0.954157414,334,1.86
16.16,0.954354799,344,1.52
14.6,0.954552184,350,1.17
13.41,0.954749568,276,0.28
11.01,0.954749568,216,1.17
8.42,0.954946953,201,1.66
5.95,0.954848261,196,1.66
4.66,0.955045645,196,1.52
4,0.954848261,198,1.45
3.55,0.954650876,198,1.45
2.95,0.954453491,196,1.45
2.4,0.954354799,193,1.52
2.09,0.954453491,190,1.45
1.9,0.954157414,190,1.38
1.58,0.953861337,187,1.45
1.04,0.953861337,183,1.52
0.4,0.954453491,178,1.66
0.55,0.954749568,178,1.66
5.61,0.954848261,180,0.83
11.26,0.954946953,130,0.21
14,0.954552184,25,0.55
15.45,0.953367876,9,1.1
16.27,0.952380952,4,1.45
16.51,0.951788798,1,1.72
16.2,0.951887491,359,1.66
15.31,0.951986183,357,1.31
14,0.952183568,341,0.9
12.65,0.952380952,254,0.48
11.38,0.952677029,226,0.83
7.76,0.952973106,190,1.72
5.24,0.953170491,184,1.93
3.83,0.953071799,181,1.72
3.33,0.952973106,179,1.52
3.19,0.952677029,175,1.45
2.26,0.952578337,177,1.66
1.49,0.952578337,180,1.86
0.98,0.952677029,178,1.86
0.61,0.952380952,175,1.86
0.33,0.952084875,170,1.79
0.06,0.951986183,167,1.72
-0.63,0.952380952,169,1.72
-0.09,0.952578337,163,1.52
5.04,0.952874414,156,0.76
10.04,0.953367876,89,0.69
12.73,0.952874414,54,1.17
14.65,0.952084875,45,1.59
15.86,0.951097952,43,2
16.47,0.950407106,42,2.28
16.51,0.950111029,43,2.34
15.88,0.950505798,43,1.93
14.33,0.950308414,46,1.38
12.16,0.950407106,95,1.17
11.2,0.950407106,126,1.17
8.26,0.950604491,161,1.45
5.91,0.95099926,167,1.31
4.33,0.950900567,169,1.52
3.17,0.950801875,172,1.66
2.32,0.950308414,173,1.66
1.77,0.949913644,172,1.66
1.38,0.949518875,170,1.66
1.15,0.949420183,172,1.72
0.92,0.949025413,177,1.79
0.59,0.948729336,180,1.93
0.36,0.948531952,181,2.07
0.17,0.948828029,181,2.07
0.39,0.949025413,180,1.93
5.12,0.949518875,185,1.24
11.39,0.949518875,196,0.48
14.35,0.949124106,310,0.62
15.79,0.948137182,333,1.38
16.5,0.946854182,333,1.86
16.74,0.946163336,328,2.07
16.48,0.945768566,326,2.14
15.6,0.945669874,327,1.93
13.87,0.945768566,327,1.52
11.72,0.946064643,293,1.24
9.47,0.945867259,243,1.59
7.6,0.946064643,221,1.86
5.91,0.945867259,209,1.66
4.79,0.945965951,205,1.52
4.11,0.945965951,205,1.45
3.67,0.94547249,203,1.52
3.36,0.945373797,200,1.52
2.78,0.944979028,197,1.66
2.39,0.944781643,195,1.72
2.26,0.944386874,195,1.66
2.37,0.944090797,194,1.59
2.27,0.944090797,193,1.59
1.42,0.944189489,194,1.79
2.14,0.944682951,199,1.59
6.83,0.945373797,210,0.83
10.68,0.945768566,294,0.62
12.61,0.94547249,315,1.17
13.87,0.944584259,322,1.86
14.55,0.94379472,323,2.14
14.79,0.943103874,324,2.21
14.62,0.943103874,327,2.14
13.9,0.943399951,329,1.86
12.48,0.943597335,334,1.31
10.72,0.943992105,321,1.03
10.25,0.944386874,281,0.69
9.24,0.944781643,231,1.03
7.14,0.945275105,210,1.38
5.36,0.945373797,201,1.66
4.92,0.94547249,198,1.17
5.05,0.945275105,191,0.97
4.41,0.945275105,187,1.03
4.46,0.945373797,176,0.97
3.87,0.945669874,168,0.97
2.54,0.945373797,174,1.24
1.61,0.945275105,172,1.31
0.86,0.94547249,168,1.31
0.62,0.946459413,174,1.52
0.77,0.946656797,174,1.45
4.89,0.947248951,153,0.55
10.02,0.947939798,58,0.62
12.41,0.947939798,40,1.31
13.8,0.947347644,36,1.93
14.61,0.946854182,34,2.21
15.05,0.946656797,37,2.28
15.09,0.94675549,43,2.21
14.64,0.946952874,49,2.07
13.3,0.947446336,49,1.59
11.43,0.947841105,72,1.59
10.48,0.94803849,99,1.24
8.66,0.948334567,120,1.52
7,0.948926721,122,1.45
5.88,0.949222798,120,1.17
5.38,0.949124106,124,1.03
4.96,0.948926721,127,0.97
4.53,0.948828029,132,0.97
4.23,0.948630644,136,0.9
3.82,0.948630644,140,0.97
3.46,0.948531952,147,0.97
2.9,0.948531952,149,1.03
2.38,0.948729336,149,1.1
1.9,0.949025413,147,1.17
1.89,0.94932149,148,1.17
6.31,0.949913644,140,0.55
10.3,0.950407106,62,0.83
12.79,0.950604491,47,1.52
14.44,0.94971626,45,2
15.62,0.948926721,42,2.14
16.29,0.948531952,39,2.28
16.33,0.948630644,41,2.34
15.74,0.949025413,44,2.14
14.11,0.949518875,41,1.66
11.97,0.94971626,62,1.45
10.41,0.950209721,100,1.31
8.81,0.950703183,129,1.31
6.85,0.950900567,132,1.1
6.05,0.951394029,135,0.97
5.36,0.951295337,137,0.97
4.34,0.951295337,142,1.03
3.39,0.951097952,144,1.1
2.58,0.95099926,148,1.17
1.95,0.95099926,154,1.31
1.42,0.95099926,156,1.38
1.07,0.950900567,156,1.38
0.97,0.951097952,157,1.45
0.34,0.951690106,163,1.72
0.65,0.952084875,165,1.66
5.42,0.952479645,172,1.03
11.11,0.952973106,133,0.41
14.09,0.952775722,34,0.41
15.93,0.951788798,7,0.97
17.1,0.951196644,7,1.45
17.57,0.950703183,9,1.72
17.46,0.950407106,13,1.66
16.8,0.950209721,18,1.38
15.55,0.950505798,8,0.9
14.43,0.950604491,269,0.28
10.5,0.95099926,198,1.38
7.66,0.951196644,191,1.86
5.61,0.951295337,189,1.72
4.45,0.951492721,187,1.79
3.62,0.951591414,188,1.86
2.99,0.951394029,188,1.86
2.51,0.951097952,186,1.86
2.1,0.950801875,184,1.93
1.82,0.950801875,183,2
1.66,0.950407106,182,2.07
1.57,0.950209721,180,2.14
1.36,0.950111029,178,2.14
0.68,0.950407106,182,1.79
1.08,0.950900567,183,1.72
6.75,0.950900567,184,0.9
12.32,0.951394029,172,0.21
15.01,0.95099926,0,0.41
16.6,0.950012337,347,0.97
17.51,0.948926721,341,1.45
17.86,0.94803849,340,1.79
17.66,0.947742413,342,1.93
16.84,0.947643721,347,1.79
15.33,0.947545028,355,1.31
13.46,0.947742413,337,0.76
13.01,0.947841105,241,0.9
10.23,0.947939798,223,1.38
7.86,0.947939798,211,1.59
6.26,0.948137182,205,1.52
5.17,0.948137182,203,1.45
4.14,0.94803849,197,1.45
3.23,0.947742413,193,1.59
2.54,0.947446336,192,1.66
2.02,0.947347644,190,1.66
1.61,0.946952874,188,1.66
1.26,0.946558105,185,1.66
0.99,0.946656797,184,1.66
0.98,0.947545028,185,1.59
1.52,0.947643721,185,1.45
7.1,0.94803849,187,0.69
11.46,0.948433259,354,0.07
13.71,0.948334567,360,0.76
15.07,0.947446336,355,1.38
15.79,0.94675549,351,1.86
15.97,0.945965951,350,2.07
15.73,0.945965951,349,2.07
14.99,0.945867259,346,1.86
13.61,0.946262028,337,1.31
11.78,0.946558105,306,0.9
10.67,0.947051567,266,0.97
9.95,0.947545028,233,1.03
8.29,0.947545028,218,1.17
6.66,0.947939798,209,1.45
5.42,0.947939798,205,1.52
4.68,0.947742413,200,1.45
4.07,0.947446336,196,1.38
3.35,0.947051567,194,1.38
2.9,0.946952874,192,1.31
2.47,0.94675549,195,1.38
2.15,0.946656797,195,1.38
1.78,0.946459413,192,1.45
1.56,0.946952874,190,1.52
2.01,0.947051567,188,1.38
7.14,0.947347644,185,0.41
10.09,0.947446336,23,0.28
11.97,0.947248951,8,0.83
13.17,0.946262028,351,1.31
14.13,0.945373797,324,1.52
14.5,0.944584259,321,2
14.41,0.944288182,328,2.14
13.92,0.944189489,340,2.48
12.56,0.944485566,354,1.79
11.01,0.944979028,351,0.9
10.81,0.94547249,242,0.34
9.46,0.946064643,222,0.97
8.12,0.946163336,212,1.24
6.96,0.946262028,200,1.52
5.64,0.946163336,190,1.59
4.67,0.945965951,186,1.45
3.84,0.945373797,186,1.52
3.27,0.945176413,187,1.52
2.76,0.944880336,189,1.52
2.41,0.944781643,190,1.59
2.56,0.944584259,190,1.59
2.37,0.944682951,190,1.66
2.69,0.944880336,189,1.66
2.94,0.94507772,187,1.59
7.28,0.945373797,190,0.83
10.56,0.945571182,237,0.48
12.45,0.945571182,294,1.1
13.71,0.944781643,302,2
13.98,0.943992105,311,2.55
13.9,0.943399951,302,2.9
13.07,0.943301258,316,2.69
12.65,0.943498643,316,2.48
11.36,0.943893412,332,1.72
10.1,0.944090797,341,0.69
9.8,0.944584259,252,0.21
9.28,0.944880336,227,0.62
8.25,0.945373797,239,0.9
7.52,0.945571182,234,1.1
6.4,0.945768566,216,1.38
5.66,0.945768566,200,1.45
5.37,0.94547249,195,1.31
5.45,0.945176413,194,1.17
4.48,0.94507772,197,1.24
4.3,0.945176413,197,1.1
3.99,0.944979028,193,1.03
3.72,0.945176413,191,1.03
1.8,0.945867259,190,1.31
2.03,0.946163336,188,1.17
5.93,0.946952874,194,0.48
8.75,0.947248951,250,0
10.67,0.947446336,294,0.69
11.95,0.946854182,310,1.79
12.5,0.946163336,320,2.41
12.99,0.945571182,322,2.55
12.9,0.945768566,324,2.76
12.45,0.945965951,327,2.83
11.49,0.94636072,329,1.93
10.21,0.946952874,321,1.38
9.52,0.947446336,275,0.76
8.68,0.947643721,208,1.24
7.34,0.947939798,210,1.38
6.35,0.948433259,231,1.38
6.27,0.948926721,242,1.52
6.33,0.949222798,235,1.52
6.18,0.948926721,225,1.52
6.64,0.948433259,220,1.38
6.74,0.948334567,235,1.24
6.62,0.948334567,232,1.45
6.44,0.94803849,221,1.66
6.89,0.947939798,216,1.72
7.05,0.947742413,226,2.34
7.6,0.948235875,227,2.07
8.29,0.948235875,224,2.28
8.25,0.948630644,222,2.69
8.55,0.948926721,225,3.31
9.27,0.948630644,234,3.79
10.29,0.947742413,238,3.93
10.61,0.946952874,240,3.79
10.58,0.947051567,241,3.72
10.33,0.946952874,238,3.79
9.41,0.946952874,236,3.45
9.23,0.946854182,232,3.38
9.21,0.94675549,229,3.72
9.44,0.94675549,232,3.72
9.8,0.94675549,235,3.59
9.91,0.946558105,239,3.45
9.85,0.946459413,245,3.59
9.99,0.94636072,244,3.38
9.75,0.945867259,240,3.38
9.5,0.944979028,239,3.86
9.65,0.944485566,240,4.76
9.62,0.943992105,241,5.31
9.31,0.943399951,236,5.24
9.33,0.943399951,237,5.1
9.78,0.943597335,242,4.97
9.99,0.943696028,248,4.69
10.45,0.944189489,249,4.14
10.76,0.944386874,249,5.72
11.35,0.944880336,253,4.76
11.23,0.944386874,268,5.59
11.46,0.944090797,281,4.55
12.08,0.94379472,278,4.21
11.88,0.943992105,273,4.34
11.74,0.944485566,268,4
10.93,0.945275105,269,3.66
9.87,0.945965951,269,3.17
9.46,0.946459413,277,2.9
9.09,0.946854182,277,2.76
8.85,0.946952874,271,2.48
8.38,0.947347644,262,2.34
7.85,0.947347644,246,2.14
7.59,0.947446336,234,2.21
7.17,0.946952874,228,2.34
6.62,0.94675549,224,2.41
6.33,0.946459413,222,2.28
6.36,0.94636072,222,2.34
6.24,0.946459413,223,2.34
6.14,0.946656797,228,2.21
5.71,0.946854182,220,1.86
5.98,0.947150259,226,1.72
7.28,0.947446336,239,1.59
8.51,0.947841105,254,2.21
9.96,0.948235875,265,2.34
11.15,0.947643721,277,2.55
11.83,0.946854182,289,2.55
11.58,0.94636072,289,2.76
10.69,0.946163336,288,2.48
10.12,0.94636072,279,2.07
9.14,0.946854182,268,1.66
7.67,0.947347644,259,1.72
7.6,0.948137182,223,1.52
6.11,0.948235875,217,1.79
6.05,0.948630644,214,1.72
5.33,0.948926721,210,1.86
5,0.949025413,209,1.93
5.2,0.94932149,213,1.86
4.03,0.949222798,217,1.93
3.41,0.949124106,215,2.07
3.19,0.948828029,213,2.14
3.64,0.948828029,213,2
3.21,0.948729336,210,2.07
2.77,0.948926721,203,2.14
2.29,0.949617567,200,2.28
2.42,0.949913644,202,2.07
5.39,0.950308414,203,1.79
8.02,0.950308414,219,2.07
9.99,0.950505798,255,3.03
10.74,0.94971626,267,3.45
11.43,0.949025413,273,4.41
12,0.94803849,277,5.03
11.56,0.947446336,278,4.62
10.92,0.947545028,279,4.07
10.07,0.947939798,280,3.93
8.49,0.948334567,281,4.21
8.17,0.949222798,275,3.93
7.82,0.949420183,268,3.45
7.78,0.949222798,262,3.17
7.78,0.949025413,257,3.31
7.67,0.948630644,251,3.45
7.73,0.948334567,249,3.59
7.62,0.948137182,251,3.72
7.43,0.947347644,253,3.79
7.52,0.947051567,255,3.79
7.51,0.946558105,251,4
7.18,0.946064643,248,4.07
7.25,0.945768566,247,4.21
7.78,0.945965951,248,4.07
7.92,0.94636072,252,4.07
8.03,0.946854182,256,3.93
8.63,0.947051567,260,4.55
9.21,0.947446336,268,4
10.14,0.946854182,271,3.79
10.42,0.945965951,271,4.41
10.75,0.945275105,268,4.76
10.84,0.944979028,269,4.28
10.54,0.944880336,269,3.79
10.12,0.944781643,268,4.07
9.03,0.945176413,271,4.21
9.52,0.945867259,271,4.14
9.26,0.946064643,270,3.93
8.97,0.946064643,264,3.93
8.84,0.945867259,256,3.86
8.96,0.945571182,252,3.93
8.96,0.945275105,248,3.79
8.93,0.944880336,245,3.66
8.91,0.944485566,245,3.52
8.83,0.944090797,247,3.38
8.78,0.943597335,248,3.1
8.74,0.943005181,243,2.97
8.8,0.94251172,239,2.97
9.5,0.94251172,240,2.97
9.73,0.942709104,235,2.83
10.11,0.942610412,234,2.69
10.6,0.942709104,237,2.69
11.13,0.942709104,243,2.76
11.97,0.942413027,255,3.79
12.23,0.942018258,259,3.52
12.35,0.941228719,259,3.45
12.47,0.941228719,262,3.03
12.16,0.941524796,270,2
11.96,0.941919566,265,1.52
11.51,0.942018258,260,1.17
11.43,0.94211695,270,0.97
11.09,0.942807797,268,0.69
11.18,0.942906489,232,0.55
10.03,0.943202566,190,1.1
9.69,0.943103874,180,1.03
9.35,0.943301258,162,0.9
7.87,0.942906489,156,1.1
8.19,0.942610412,140,0.83
8.14,0.942413027,122,0.9
8.06,0.942314335,126,0.83
8.02,0.942018258,128,0.76
7.4,0.94211695,134,0.76
7.19,0.94251172,133,0.83
7.09,0.943103874,133,0.83
9.36,0.94379472,116,0.69
11.77,0.943893412,93,0.76
13.4,0.944090797,58,1.03
15.16,0.943498643,42,1.45
16.31,0.943103874,34,1.72
17.02,0.94251172,29,1.72
17.29,0.94251172,20,1.52
17.02,0.942709104,2,1.24
16.05,0.943005181,326,1.1
14.25,0.943399951,296,1.17
13.25,0.943597335,251,1.17
11.18,0.944090797,211,1.52
9.22,0.944485566,198,1.79
7.63,0.944682951,193,1.66
6.8,0.944584259,189,1.59
6.17,0.944979028,185,1.59
5.57,0.944781643,183,1.66
5.11,0.944880336,182,1.72
4.76,0.944880336,181,1.79
4.46,0.944781643,179,1.79
4.17,0.944781643,178,1.86
3.91,0.944979028,177,1.93
3.51,0.945965951,180,1.86
3.75,0.946262028,176,1.72
8.53,0.946656797,173,0.83
13.87,0.946952874,154,0.28
16.32,0.946952874,26,0.41
17.85,0.946656797,9,0.83
18.78,0.945867259,5,1.17
19.19,0.945373797,350,1.45
19.09,0.945275105,334,1.66
18.47,0.945768566,331,1.72
17.21,0.945965951,333,1.1
15.68,0.945965951,301,0.55
14.64,0.946656797,257,0.76
12.11,0.946854182,228,1.24
9.89,0.946952874,222,1.66
8.46,0.947051567,223,1.52
7.8,0.947150259,222,1.31
7.46,0.947248951,213,1.17
7.57,0.947051567,211,1.17
8.29,0.946854182,222,1.1
8.61,0.946854182,233,1.03
8.57,0.94675549,240,1.03
8.6,0.94675549,243,1.03
8.22,0.946854182,243,1.03
8.21,0.947347644,255,1.17
8.1,0.947939798,259,1.17
10.36,0.948334567,275,1.38
12.14,0.948531952,288,2.21
13.5,0.948630644,294,3.17
14.34,0.948828029,298,3.59
14.96,0.94803849,291,3.52
15.81,0.946952874,286,3.66
15.56,0.946854182,296,3.72
14.77,0.947051567,298,3.24
13.88,0.947150259,293,2.62
12.45,0.947347644,286,2.41
11.53,0.948235875,291,2.76
10.64,0.948828029,287,2.69
10.04,0.948926721,280,2.48
10.04,0.94932149,284,2.62
9.78,0.949913644,286,2.55
9.58,0.950308414,284,2.48
9.37,0.950209721,273,2.41
8.98,0.949814952,266,2.21
8.96,0.949814952,264,2.28
8.99,0.949420183,252,2.34
8.95,0.949420183,255,2.28
8.77,0.949814952,253,2.28
9.14,0.950012337,248,1.93
9.2,0.950111029,252,1.86
9.92,0.95099926,258,1.79
10.68,0.951196644,266,2.48
11.67,0.951591414,273,2.55
12.67,0.950900567,279,2.76
13.05,0.950012337,283,2.83
13.77,0.949025413,289,3.17
13.76,0.948926721,296,3.38
13.45,0.949222798,296,3.59
12.47,0.949913644,303,2.97
11.29,0.950308414,301,2.83
11.03,0.950703183,293,2.48
9.98,0.951196644,287,2.28
9.45,0.951492721,278,1.93
9,0.951196644,268,1.66
8.77,0.951295337,265,1.31
7.54,0.951097952,257,1.24
6.81,0.950900567,232,1.24
6.37,0.950505798,212,1.38
6.44,0.949913644,206,1.31
5.97,0.94971626,202,1.38
5.86,0.949222798,197,1.31
5.32,0.94932149,203,1.31
5.85,0.949518875,206,1.38
5.67,0.950111029,219,1.38
9.07,0.950604491,241,1.03
11.12,0.95099926,265,1.38
12.5,0.950900567,287,2
13.3,0.950111029,299,2.41
13.88,0.949518875,295,2.76
13.85,0.948531952,301,2.76
14.12,0.947643721,291,2.83
13.9,0.947545028,300,2.62
12.95,0.947643721,319,2.34
11.44,0.948137182,313,1.86
10.85,0.948137182,305,1.72
9.9,0.948531952,292,1.66
9.95,0.948433259,279,1.59
9.93,0.948235875,271,1.59
9.7,0.948235875,262,1.52
9.54,0.94803849,246,1.45
9.21,0.947446336,239,1.45
8.55,0.947051567,226,1.59
7.99,0.946656797,217,1.59
8.25,0.94636072,222,1.52
7.71,0.946262028,222,1.66
7.83,0.946262028,220,1.72
8.8,0.946558105,234,2.14
8.89,0.94675549,236,2.07
9.89,0.947150259,244,1.79
10.72,0.947248951,259,1.86
11.86,0.947446336,270,3.03
12.64,0.946854182,278,2.9
13.76,0.946064643,286,2.97
14.11,0.945275105,292,2.76
13.84,0.944880336,299,2.21
13.82,0.944584259,300,2.07
13.02,0.944485566,318,1.59
11.98,0.944682951,329,1.31
10.98,0.944584259,297,1.1
10.13,0.944682951,269,1.1
9.81,0.944781643,249,1.17
9.61,0.944781643,241,1.24
9.51,0.944682951,231,1.24
9.65,0.944485566,232,1.24
9.71,0.944189489,242,1.24
9.45,0.94379472,238,1.38
9.16,0.943399951,229,1.45
8.5,0.943202566,225,1.52
7.76,0.943202566,233,1.59
6.99,0.943399951,218,1.79
7.23,0.943103874,218,1.72
7.54,0.943301258,229,1.66
10.31,0.94379472,246,1.45
12.72,0.94379472,259,2.48
14.16,0.943893412,267,3.03
15.29,0.943103874,276,3.24
16.14,0.942215643,279,3.31
16.35,0.941228719,285,3.45
16.09,0.941031335,295,3.38
13.98,0.940932642,299,2.14
13.33,0.941130027,317,2.04
12.67,0.941623489,312,1.93
12.01,0.941919566,292,1.83
11.36,0.942314335,254,1.72
10.7,0.942018258,230,1.62
10.04,0.941820873,237,1.51
9.39,0.941524796,241,1.41
8.73,0.950012337,152,1.3
8.07,0.949814952,159,1.2
7.42,0.949617567,163,1.09
6.76,0.949814952,166,0.98
6.1,0.949913644,171,0.88
5.45,0.949913644,149,0.77
4.79,0.949518875,157,0.67
4.13,0.949617567,145,0.56
6.08,0.950012337,163,0.97
7.52,0.950012337,156,1.1
10.47,0.949617567,126,1.31
12.96,0.948137182,84,1.66
15,0.946854182,52,2
16.92,0.945965951,35,2.28
17.66,0.94547249,17,2.41
17.43,0.945965951,0,2.21
16.7,0.946558105,328,1.79
15.64,0.947347644,289,1.52
14.36,0.947939798,272,1.52
13.42,0.948334567,250,1.1
12.54,0.948531952,230,0.9
12.57,0.948828029,213,0.69
11.81,0.948729336,195,0.69
10.66,0.948828029,173,1.03
9.98,0.948828029,152,1.31
9.57,0.948235875,125,1.17
9.23,0.947446336,113,1.17
9.44,0.946952874,122,0.97
9.69,0.94636072,132,0.83
9.25,0.946262028,145,0.83
8.74,0.946163336,178,0.76
10.08,0.946952874,140,0.62
9.11,0.946656797,132,0.69
10.26,0.947150259,93,0.34
12.02,0.94675549,75,0.9
13.41,0.94636072,50,1.24
14.31,0.945768566,37,1.66
15.95,0.94507772,39,1.31
16.63,0.944189489,5,2.07
15.8,0.944189489,336,2.62
14.39,0.944979028,307,2.28
13,0.945373797,275,1.17
12.06,0.945669874,247,0.41
11.33,0.945275105,138,0.76
9.82,0.945571182,172,1.38
9.02,0.945768566,188,1.45
8.2,0.945867259,186,1.31
7.58,0.946262028,183,1.17
7.49,0.946163336,185,1.24
6.96,0.945965951,180,1.31
6.68,0.94547249,184,1.31
6.28,0.945275105,207,1.45
6.34,0.945275105,218,1.66
6.61,0.945669874,224,1.45
6.62,0.946163336,216,1.31
7.77,0.946262028,197,1.17
8.12,0.946656797,168,1.17
10.3,0.947248951,166,0.55
12.59,0.947643721,290,0.34
13.7,0.947545028,314,1.24
13.72,0.947248951,314,1.86
14.68,0.946656797,320,1.93
14.49,0.946163336,323,2.21
14.3,0.946064643,330,2.21
13.69,0.94636072,329,1.86
12.45,0.947248951,324,1.24
11.43,0.947841105,284,0.9
10.44,0.948235875,244,1.31
9.55,0.948828029,243,1.24
9.35,0.949025413,238,1.03
9.29,0.949222798,235,0.97
8.76,0.949518875,229,1.1
8.52,0.949518875,232,1.17
7.92,0.949518875,228,1.03
9.19,0.949222798,215,0.41
9.18,0.949025413,121,0.14
8.94,0.948630644,108,0.34
8.66,0.948630644,133,0.34
8.49,0.948926721,123,0.21
8.67,0.949025413,62,0.07
8.67,0.94932149,57,0.14
9.71,0.94971626,37,0.9
9.71,0.950012337,45,1.17
11.55,0.950012337,33,1.1
12.8,0.94971626,21,1.1
13.84,0.948828029,14,1.31
14.35,0.948137182,8,1.59
14.49,0.947939798,8,1.79
14.08,0.94803849,8,1.72
13.23,0.948137182,0,1.38
11.9,0.948235875,329,0.9
11.29,0.947939798,228,0.34
9.28,0.948137182,197,1.17
7.9,0.948137182,187,1.31
7.04,0.948235875,188,1.31
6.61,0.948334567,190,1.31
6.08,0.948235875,191,1.31
5.54,0.947742413,190,1.24
5.47,0.947347644,189,1.17
5.24,0.947051567,184,1.1
5.26,0.94675549,177,1.03
4.59,0.946558105,166,1.1
3.88,0.94636072,163,1.17
3.78,0.946459413,166,1.24
4.38,0.946459413,166,1.03
8.24,0.946558105,150,0.48
11.68,0.946262028,58,0.55
13.78,0.945867259,30,1.03
15.16,0.945275105,13,1.31
15.95,0.944485566,356,1.59
15.99,0.943597335,344,1.66
15.81,0.943202566,334,1.52
15.39,0.943005181,322,1.24
14.56,0.942906489,308,0.83
13.41,0.942807797,283,0.76
12.95,0.942215643,288,0.48
12.4,0.94211695,235,0.62
10.95,0.942215643,222,1.03
10.09,0.942314335,225,1.24
9.67,0.942413027,214,1.24
9,0.942215643,201,1.31
8.28,0.941722181,195,1.24
8.06,0.941130027,195,1.17
7.84,0.940340489,191,1.1
7.9,0.939748335,191,1.17
7.72,0.939353565,199,1.24
7.46,0.939452258,209,1.31
7.43,0.939353565,211,1.38
7.64,0.93955095,208,1.38
9.93,0.939945719,209,0.9
12.18,0.940241796,259,0.48
13.49,0.940439181,314,1.17
14.24,0.940241796,314,2.07
14.37,0.93955095,297,2.83
13.89,0.938958796,297,3.03
13.05,0.938662719,299,2.55
12.77,0.938860104,297,1.59
12.38,0.939057488,284,1.24
11.36,0.939353565,263,1.24
10.81,0.939452258,276,1.52
10.3,0.939945719,284,1.59
10.3,0.940340489,276,1.45
9.68,0.940636566,262,1.31
8.92,0.940932642,262,1.24
8.39,0.941327412,251,1.17
8.45,0.940932642,237,1.1
8.12,0.940932642,249,1.17
8.21,0.940932642,259,1.52
7.94,0.940636566,244,1.38
8.08,0.940439181,242,1.24
7.77,0.94083395,249,1.17
8.14,0.941327412,241,1.31
8.53,0.941919566,247,1.03
9.59,0.942906489,275,1.03
10.37,0.943893412,284,1.93
11.19,0.944485566,287,2.55
12.06,0.944880336,299,2.48
12.68,0.944189489,307,2.21
13.72,0.943301258,295,2.21
14.33,0.942610412,296,2.28
13.9,0.942906489,323,2.34
13.03,0.943103874,342,1.66
11.81,0.943696028,336,1.1
11.05,0.944090797,335,0.62
11.05,0.944584259,194,0.55
10.45,0.944584259,191,0.69
10.2,0.944781643,223,0.76
9.06,0.94507772,250,1.03
8.12,0.94547249,230,1.1
7.33,0.945275105,195,1.38
7.5,0.944979028,201,1.31
8.09,0.944682951,200,1.24
8.45,0.944386874,200,1.17
8.74,0.944189489,187,1.17
9.16,0.944189489,193,1.03
10.32,0.944288182,223,0.9
10.48,0.944781643,228,0.83
11.24,0.945176413,205,1.1
11.8,0.945275105,214,1.59
13.22,0.945373797,232,1.79
14.67,0.944979028,247,1.45
14.83,0.943992105,252,1.66
15.72,0.943597335,266,2.14
16.07,0.943498643,259,2.62
15.78,0.94379472,258,3.38
14.81,0.944682951,265,3.52
13.79,0.945275105,266,3.17
13.42,0.94547249,265,3.17
13.23,0.945867259,262,2.9
13.04,0.94636072,259,3.1
12.81,0.946558105,258,3.17
12.92,0.947150259,262,3.59
13,0.947248951,263,3.79
12.97,0.947545028,258,4.07
12.96,0.947150259,253,4.07
12.87,0.947150259,252,4
12.69,0.947545028,254,3.79
12.7,0.948137182,249,3.93
12.58,0.948630644,237,3.66
12.58,0.948828029,239,3.45
12.73,0.94971626,241,3.03
13.51,0.950209721,245,2.83
14.7,0.950604491,257,2.97
15.08,0.951196644,265,4.28
16.17,0.951196644,276,4.48
16.04,0.95099926,284,4.34
16.02,0.950308414,287,4.14
16.01,0.950209721,288,3.72
16.01,0.950703183,291,3.31
15.14,0.951295337,294,2.21
14.09,0.951887491,285,1.93
13.8,0.952084875,271,1.52
12.8,0.952677029,249,1.66
11.92,0.953170491,249,1.45
11.35,0.953367876,259,1.31
10.86,0.954058722,279,1.38
10.57,0.954256107,280,1.31
10.49,0.95396003,266,0.97
11.06,0.953663953,284,0.62
11.15,0.953269183,278,0.34
11.11,0.953170491,266,0.34
10.77,0.953269183,248,0.48
10.69,0.953466568,203,0.76
11.15,0.953466568,194,0.62
11.56,0.953663953,223,0.34
12.86,0.954354799,308,0.69
13.8,0.954552184,309,1.45
14.8,0.954946953,297,2.07
15.9,0.954848261,291,2.28
16.98,0.954354799,295,2.28
17.53,0.953762645,301,2.55
17.38,0.953663953,308,2.41
17.07,0.95396003,318,2
16.33,0.954058722,338,1.38
15.16,0.954453491,3,0.9
14.29,0.954749568,33,0.21
12.56,0.955045645,178,0.9
11.15,0.955045645,185,1.31
11.04,0.954848261,196,0.97
11.53,0.954848261,225,0.69
11.28,0.954749568,228,0.69
10.16,0.954552184,196,0.83
10.14,0.954058722,183,0.83
10.3,0.953663953,192,0.55
10.15,0.953466568,232,0.48
9.78,0.953466568,195,0.62
9.59,0.953466568,180,0.76
9.78,0.953861337,191,0.9
10.85,0.954058722,182,0.62
12.5,0.954256107,109,0.21
14.92,0.954552184,14,0.69
16.39,0.954650876,355,0.97
17.61,0.954157414,333,0.83
18.93,0.953071799,329,1.03
19.67,0.952084875,330,1.38
19.83,0.951887491,333,1.72
19.34,0.951887491,335,1.93
18.32,0.952183568,342,1.31
16.87,0.95228226,342,0.97
15.61,0.952775722,302,0.55
13.62,0.952973106,210,1.1
11.57,0.953071799,200,1.52
10.74,0.952973106,205,1.17
10.44,0.953071799,220,1.1
9.8,0.953071799,221,1.17
8.74,0.953071799,204,1.52
8.03,0.952775722,192,1.72
7.69,0.952183568,188,1.72
7.31,0.951591414,186,1.79
6.96,0.951394029,184,1.93
6.72,0.951492721,186,2
6.74,0.951394029,188,1.79
7.65,0.951690106,190,1.66
12.51,0.951887491,200,0.97
16.7,0.952479645,274,0.48
18.78,0.952380952,316,1.17
19.99,0.95228226,318,1.79
20.56,0.951788798,320,2.48
20.46,0.951394029,324,2.76
20.01,0.951394029,325,2.55
19.3,0.951492721,325,1.86
18.4,0.951591414,322,0.83
17.15,0.951788798,289,0.41
15.31,0.951690106,201,0.9
13.69,0.951887491,200,1.03
12.66,0.951986183,201,0.97
11.67,0.952183568,198,1.03
10.75,0.952380952,194,1.17
9.6,0.95228226,188,1.45
8.67,0.951887491,184,1.72
8.19,0.951295337,184,1.86
8.01,0.950801875,183,2
7.83,0.950209721,183,2.14
7.61,0.949913644,185,2.14
7.43,0.950111029,187,2.14
7.19,0.950407106,190,1.93
7.94,0.950801875,188,1.72
13.22,0.951196644,190,0.97
17.48,0.951492721,289,0.07
19.73,0.951196644,359,0.9
21.12,0.950900567,356,1.24
21.98,0.949913644,350,1.45
22.46,0.949025413,347,1.52
22.54,0.948630644,348,1.38
22.13,0.948334567,0,1.17
20.81,0.948334567,19,0.83
19.17,0.948531952,67,0.48
19.35,0.948531952,153,0.41
15.16,0.948630644,181,1.45
12.77,0.949025413,185,1.72
11.47,0.949025413,187,1.79
10.68,0.94932149,192,1.93
10.16,0.949518875,195,2
9.93,0.94932149,194,2.14
9.78,0.949124106,193,2.21
9.74,0.948926721,190,2.34
9.75,0.948630644,190,2.34
9.72,0.948531952,190,2.34
9.45,0.948828029,191,2.28
9.83,0.949124106,199,2.14
10.07,0.949814952,213,1.72
14.52,0.950604491,259,1.03
17.53,0.951097952,316,1.79
18.27,0.951097952,323,2.07
19.01,0.950801875,326,2.21
19.52,0.950111029,329,2.62
19.63,0.949617567,330,2.34
19.59,0.949222798,332,2.14
19.14,0.949518875,341,1.66
18.42,0.949617567,17,0.83
17.16,0.94971626,68,0.76
15.81,0.950012337,73,0.62
14.95,0.950012337,145,0.83
13.49,0.950111029,169,1.03
11.63,0.949913644,162,1.1
10.8,0.949518875,166,1.17
9.83,0.94932149,175,1.31
8.83,0.949124106,174,1.59
8.46,0.948729336,172,1.72
8.32,0.948334567,171,1.72
8.48,0.947939798,171,1.66
8.66,0.947742413,171,1.59
8.49,0.947742413,170,1.66
8.15,0.948531952,170,1.66
9.01,0.948433259,167,1.38
12.81,0.948630644,160,0.9
17.63,0.948531952,110,0.48
19.94,0.948137182,39,0.69
21.4,0.947347644,18,1.1
22.15,0.946459413,12,1.38
22.27,0.945669874,3,1.52
22.5,0.945275105,356,1.66
22.05,0.945275105,1,1.59
20.92,0.94547249,26,0.97
19.02,0.945669874,122,0.97
16.66,0.945867259,160,1.52
14.71,0.945571182,172,2.07
12.67,0.945768566,173,2.07
11.44,0.945275105,172,2.07
10.63,0.944880336,173,2.07
10.11,0.944189489,172,2.14
9.97,0.943498643,173,2.14
9.85,0.942610412,173,2.21
9.58,0.941820873,174,2.14
9.17,0.941031335,176,2.07
8.77,0.940636566,175,2.07
8.41,0.940636566,176,2.07
8.48,0.941130027,173,2.14
9.38,0.941327412,171,1.93
15.03,0.941031335,165,1.52
19.95,0.94083395,148,1.03
23.05,0.940537873,133,0.48
25,0.939847027,266,0.69
25.68,0.939254873,285,2.21
25.98,0.938465334,293,3.72
24.62,0.938761411,304,4.55
21.65,0.93955095,316,4.83
17.66,0.941327412,315,4.9
15.47,0.942906489,311,3.31
14.3,0.944090797,309,2.62
13.51,0.944584259,303,2.14
12.88,0.944781643,300,2.07
12.27,0.94507772,300,2
11.45,0.944880336,296,2
11.18,0.944880336,286,1.93
10.62,0.944682951,280,1.79
10.37,0.944386874,278,1.79
9.97,0.944386874,274,1.86
9.51,0.944090797,266,1.72
9.17,0.943893412,238,1.31
8.44,0.944189489,221,1.66
8.33,0.944288182,248,2.34
8.64,0.944979028,254,2.83
9.43,0.945768566,256,2.9
9.51,0.946558105,261,3.86
9.76,0.947150259,271,4.28
10.77,0.947248951,275,3.66
11.66,0.947051567,268,4
11.97,0.94636072,271,3.93
12.09,0.946558105,274,3.93
11.99,0.946854182,275,3.93
11.44,0.947545028,273,3.59
10.63,0.948334567,279,2.83
9.78,0.949518875,281,2.55
9.24,0.950111029,268,1.79
8.66,0.950308414,231,1.45
7.67,0.950308414,208,1.38
7.19,0.950308414,204,1.03
6.5,0.950209721,197,1.17
5.42,0.949814952,187,1.52
4.72,0.949222798,178,1.59
4.24,0.948531952,177,1.52
3.63,0.947939798,179,1.45
3.34,0.947841105,180,1.24
3.64,0.948137182,184,0.97
2.94,0.948433259,188,1.24
4.53,0.948433259,187,0.97
8.83,0.949025413,263,0.41
10.62,0.949518875,298,1.45
11.71,0.949222798,301,1.66
12.83,0.948926721,305,2.34
13.55,0.947742413,305,2.48
13.87,0.947248951,312,2.9
14.01,0.947248951,308,2.97
13.83,0.946656797,298,2.14
13.41,0.946262028,310,2
11.78,0.946656797,310,1.79
10.58,0.94636072,295,1.66
9.1,0.947150259,298,1.79
7.64,0.947742413,281,1.66
6.81,0.947939798,246,1.45
6.73,0.947939798,232,1.17
6.39,0.947446336,221,1.1
6,0.947150259,220,1.03
5.84,0.946656797,206,1.03
5.08,0.946262028,192,1.31
5.08,0.945768566,179,1.1
4.69,0.945275105,180,0.9
4.9,0.94547249,207,0.55
5.2,0.945275105,173,0.55
5.6,0.944979028,134,0.62
8.37,0.945275105,56,0.62
10.43,0.94547249,22,1.03
12.01,0.945176413,10,1.24
13.44,0.944485566,9,1.31
14.59,0.943301258,357,1.38
15.24,0.94211695,344,1.72
15.19,0.941623489,338,1.93
14.66,0.941623489,333,1.86
13.69,0.941623489,328,1.72
12.37,0.941919566,319,1.52
11.14,0.941524796,322,0.76
10.81,0.941426104,220,0.76
10.01,0.941820873,222,0.83
9.08,0.941228719,181,1.03
8.25,0.941031335,191,1.1
8.08,0.940439181,210,0.97
7.66,0.939748335,215,1.17
8.33,0.938860104,224,0.76
8.29,0.938465334,243,0.76
7.31,0.93826795,270,1.24
6.96,0.93826795,260,1.38
6.45,0.938662719,226,1.31
6.59,0.937971873,168,1.17
7.01,0.938070565,159,0.97
9.03,0.938169257,145,0.48
10.11,0.938070565,202,0.21
11.56,0.937675796,267,1.31
12.52,0.937379719,277,2.41
11.15,0.936984949,286,2.55
10.32,0.936491488,280,2.55
9.45,0.93659018,272,2.55
9.15,0.936787565,271,2.83
8.43,0.937478411,272,3.66
7.8,0.938366642,275,4.48
7.47,0.939452258,267,3.66
7.3,0.940439181,258,3.38
7.21,0.94083395,252,3.52
7.26,0.941426104,253,3.24
6.76,0.942018258,248,2.97
6.27,0.94211695,245,2.62
6.38,0.94251172,245,2.69
6.01,0.942413027,246,2.69
6.31,0.942610412,244,2.62
6.34,0.94251172,248,2.69
6.34,0.942906489,252,2.62
5.89,0.943498643,250,2.34
5.6,0.944090797,231,1.93
6.03,0.94507772,234,1.66
7.41,0.945768566,242,2.14
8.92,0.946163336,258,2.97
10.32,0.94636072,273,3.45
11.2,0.946163336,280,3.31
12.25,0.945669874,287,3.66
12.51,0.945275105,291,3.59
12.27,0.945176413,296,3.31
11.91,0.945867259,302,3.03
11.4,0.94636072,305,2.55
10.58,0.947150259,306,1.72
9.61,0.947742413,297,1.52
8.2,0.948334567,278,1.45
7.47,0.948729336,256,1.31
6.24,0.94932149,232,1.52
5.34,0.949222798,212,1.59
4.48,0.949222798,201,1.72
4.35,0.948828029,196,1.66
3.77,0.948729336,190,1.79
3.71,0.948433259,189,1.79
4.12,0.948137182,190,1.66
3.89,0.948137182,186,1.79
3.67,0.948433259,185,1.72
4.34,0.948828029,188,1.59
6.21,0.949025413,197,1.1
9.33,0.949913644,226,0.55
11.01,0.950407106,273,0.69
12.22,0.950505798,283,1.03
13.75,0.950209721,291,1.59
15.1,0.94971626,299,2.07
15.8,0.948926721,304,2.34
16.04,0.948630644,309,2.34
15.79,0.948630644,315,2.28
14.97,0.949222798,329,1.72
13.46,0.94971626,344,1.24
12.42,0.94971626,337,0.62
11.81,0.950111029,274,0.76
10.06,0.950604491,251,1.24
9.48,0.95099926,224,1.24
8.98,0.950801875,209,1.1
8.73,0.950604491,215,1.03
8.35,0.950012337,197,1.45
8.73,0.94971626,205,1.24
9.07,0.949420183,212,1.38
9.29,0.949025413,222,1.24
9.42,0.94932149,248,1.24
9.52,0.949814952,263,1.24
9.35,0.950111029,245,1.52
9.59,0.950505798,246,1.66
10.64,0.951097952,258,1.52
11.72,0.951591414,273,2.83
12.64,0.951887491,279,2.76
13.83,0.951591414,287,2.69
14.95,0.950801875,291,2.76
15.3,0.949913644,294,2.69
15.62,0.949617567,292,2.62
15.23,0.94971626,298,2.14
14.59,0.949913644,306,1.24
13.66,0.950308414,310,0.9
12.45,0.950407106,336,0.83
11.84,0.950900567,300,0.9
10.92,0.951394029,277,0.97
11.42,0.951690106,254,0.69
11.01,0.951591414,205,0.69
9.6,0.951394029,184,1.1
8.34,0.950900567,184,1.45
7.84,0.950505798,187,1.31
8.06,0.950111029,188,1.1
7.98,0.949913644,194,0.97
7.94,0.949913644,201,0.76
8.49,0.950308414,219,0.55
8.19,0.950407106,218,0.97
9.63,0.950801875,216,0.48
11.3,0.951196644,257,0.34
13.14,0.951492721,321,0.76
14.16,0.951887491,340,1.66
14.91,0.951690106,339,1.59
15.8,0.951196644,339,1.72
16.47,0.950604491,343,2
16.46,0.950111029,345,1.86
16.32,0.950308414,338,1.31
15.73,0.950407106,329,0.9
14.59,0.950604491,313,0.69
13.52,0.950801875,317,0.69
13.19,0.951196644,241,0.62
11.08,0.951887491,210,1.24
9.04,0.952084875,208,1.59
7.66,0.952479645,205,1.72
6.55,0.952380952,195,1.79
5.64,0.952084875,190,1.72
5,0.951690106,190,1.59
4.58,0.951394029,191,1.52
4.39,0.951097952,192,1.45
4.15,0.951196644,191,1.52
3.8,0.951591414,192,1.59
3.96,0.952183568,200,1.45
6.54,0.952479645,196,0.9
11.64,0.952973106,250,0.28
14.07,0.953170491,331,0.9
15.64,0.953466568,333,1.38
16.83,0.952973106,328,1.72
17.68,0.952084875,327,2.21
17.96,0.951492721,327,2.62
17.75,0.951295337,325,2.55
17.3,0.951492721,320,2.28
16.4,0.951986183,314,1.86
14.8,0.95228226,296,1.38
13.14,0.952380952,259,1.38
11.05,0.952677029,230,1.59
9.52,0.953170491,242,1.31
8.74,0.954058722,256,1.38
7.82,0.954650876,228,1.52
6.67,0.954552184,202,1.86
5.9,0.954058722,197,1.72
5.36,0.953663953,194,1.59
5.16,0.953367876,198,1.45
5.06,0.953269183,203,1.38
4.8,0.953466568,204,1.45
4.64,0.953762645,202,1.38
5.28,0.954058722,206,1.45
7.74,0.954946953,209,0.97
11.78,0.955440415,239,0.69
13.84,0.955539107,277,1.03
15.64,0.95524303,300,1.79
16.75,0.954946953,305,2.48
17.18,0.954157414,309,2.83
17.02,0.95356526,317,2.83
17.26,0.953269183,308,2.9
16.56,0.953269183,323,2.83
15.74,0.953663953,330,2.14
14.7,0.953861337,338,1.03
13.63,0.953762645,297,0.62
11.97,0.95396003,238,1.03
10.97,0.954256107,240,1.24
10.12,0.954749568,235,1.31
9.49,0.954946953,222,1.31
8.76,0.954946953,215,1.31
8.4,0.954552184,210,1.1
8.36,0.954058722,215,0.83
9.3,0.953762645,237,0.48
9.09,0.95356526,232,0.34
9.02,0.953367876,200,0.28
8.87,0.953663953,174,0.21
9.14,0.954157414,192,0.28
9.67,0.954453491,124,0.07
11.92,0.954749568,24,0.41
13.74,0.954848261,5,0.76
15.18,0.954749568,354,1.03
16.62,0.954354799,350,1.38
17.91,0.953663953,349,1.59
18.63,0.952775722,348,1.59
18.92,0.95228226,344,1.59
18.69,0.951986183,342,1.59
17.8,0.951986183,341,1.45
16.27,0.952183568,334,1.38
14.2,0.952084875,300,0.9
13.8,0.952380952,219,0.83
11.2,0.952479645,187,1.52
9.66,0.952775722,191,1.52
8.6,0.952677029,196,1.38
7.86,0.952578337,195,1.38
7.17,0.952084875,194,1.45
6.63,0.951591414,197,1.45
6.22,0.951295337,202,1.52
5.82,0.950900567,202,1.52
5.51,0.95099926,198,1.52
5.18,0.951295337,192,1.52
4.76,0.951591414,186,1.59
7.5,0.951887491,182,1.03
13.49,0.952084875,183,0.21
16.38,0.95228226,347,0.62
18.12,0.952084875,338,1.45
19.27,0.951887491,334,2
20,0.951196644,330,2.21
20.4,0.950604491,324,2.21
20.5,0.950308414,319,2.07
18,0.950209721,316,1.61
17.08,0.950209721,317,1.58
16.17,0.950407106,312,1.55
15.26,0.950703183,298,1.52
14.35,0.951196644,269,1.49
13.44,0.951690106,236,1.45
12.53,0.951591414,212,1.42
11.62,0.951690106,204,1.39
10.71,0.951591414,165,1.36
9.8,0.951196644,147,1.33
8.89,0.950703183,137,1.3
7.98,0.949913644,143,1.27
7.07,0.949025413,147,1.24
6.15,0.948828029,140,1.21
5.24,0.949222798,146,1.18
4.33,0.949617567,144,1.15
9.83,0.949913644,141,0.69
13.02,0.950308414,83,1.03
15.53,0.950308414,69,2
17.4,0.949913644,63,2.48
18.99,0.949222798,57,2.83
20.06,0.948433259,52,3.1
20.59,0.947643721,49,3.31
20.72,0.947248951,49,3.38
20.29,0.946854182,51,3.31
19.18,0.947051567,53,2.69
16.99,0.947446336,58,2.21
15.17,0.947545028,71,2.21
13.59,0.947742413,92,1.86
11.76,0.94803849,114,1.52
10.43,0.948137182,123,1.24
9.72,0.948334567,133,1.1
8.91,0.94803849,142,1.17
7.97,0.947545028,145,1.31
7.2,0.947150259,148,1.31
6.62,0.94675549,151,1.45
6.16,0.946459413,156,1.52
5.9,0.946459413,157,1.52
5.6,0.946656797,157,1.52
5.57,0.946459413,158,1.52
8.56,0.946459413,158,0.97
13.69,0.94675549,106,0.62
16.86,0.946459413,63,1.17
18.97,0.94636072,54,1.79
20.56,0.945669874,45,2.14
21.65,0.944880336,38,2.28
22.24,0.943992105,33,2.21
22.41,0.943399951,29,2.28
22.04,0.943202566,30,2.14
21.07,0.943696028,35,1.52
19.29,0.94379472,50,1.03
16.96,0.943696028,79,1.38
15.64,0.944189489,119,1.38
13.37,0.944288182,149,1.45
11.17,0.944189489,157,1.31
10.04,0.944386874,162,1.45
9.24,0.944288182,168,1.52
8.51,0.943893412,175,1.66
7.93,0.943597335,182,1.72
7.56,0.943597335,184,1.86
7.3,0.943597335,184,1.93
7.06,0.943597335,185,2
6.83,0.944090797,186,2.07
6.75,0.944386874,188,1.93
9.46,0.944880336,187,1.38
15.21,0.94547249,190,0.62
18.34,0.94547249,336,0.41
20.23,0.945275105,337,1.1
21.53,0.94507772,332,1.72
22.32,0.944485566,326,2.14
22.71,0.943992105,319,2.41
22.66,0.943597335,314,2.62
22.12,0.943597335,313,2.62
21.08,0.943992105,314,2.07
19.32,0.944288182,316,1.59
17.31,0.944584259,304,1.03
17.39,0.945176413,245,0.83
14.45,0.945571182,206,1.38
12.02,0.945669874,197,1.59
10.7,0.945669874,197,1.52
9.91,0.945571182,194,1.52
9.59,0.945176413,196,1.38
9.47,0.944880336,195,1.31
9.05,0.944682951,189,1.31
8.32,0.944584259,183,1.45
7.85,0.944386874,178,1.59
7.47,0.944682951,175,1.72
7.85,0.944584259,177,1.59
10.81,0.944781643,176,1.1
15.57,0.94507772,186,0.34
18.79,0.94507772,351,0.48
20.46,0.94507772,359,1.24
21.42,0.944880336,356,1.93
21.39,0.944485566,353,1.79
21.01,0.943696028,354,1.38
20.85,0.943498643,300,1.31
20.64,0.943005181,283,1.24
20.16,0.943103874,295,1.31
18.63,0.94379472,276,1.52
17.43,0.94379472,247,0.9
15.23,0.943893412,226,1.52
13.39,0.944288182,225,1.66
11.94,0.944386874,223,1.66
11.01,0.944485566,220,1.59
10.52,0.944485566,217,1.45
10.5,0.944485566,188,1.31
9.49,0.944682951,153,1.66
8.98,0.944781643,135,1.45
9.04,0.944584259,108,1.45
9.44,0.944485566,94,2.48
9.34,0.944979028,81,2.9
9.79,0.945571182,70,3.17
10.3,0.946064643,71,3.1
11.49,0.946656797,72,3.24
13.1,0.946952874,67,3.17
14.64,0.946459413,59,3.38
15.78,0.946163336,49,3.59
16.27,0.94547249,44,3.31
16.56,0.944880336,39,3.03
16.56,0.944584259,33,2.62
16.25,0.944386874,28,2.28
15.61,0.944682951,23,1.93
14.41,0.944979028,12,1.24
12.82,0.944781643,339,1.72
10.8,0.945571182,346,1.86
9.15,0.946262028,351,1.59
9.29,0.94675549,344,1.03
9.35,0.947051567,334,0.76
8.84,0.947248951,300,0.55
8.04,0.947150259,268,0.69
7.18,0.947051567,247,0.69
6.46,0.946656797,237,0.83
5.91,0.946656797,228,0.83
5.43,0.946656797,207,0.83
4.48,0.946854182,192,0.97
4.63,0.946459413,172,0.97
6.72,0.946656797,142,0.28
9.64,0.947051567,37,0.62
11.78,0.947248951,27,1.24
13.35,0.946854182,16,1.59
14.64,0.946459413,5,1.86
15.57,0.945768566,356,1.93
16.23,0.945275105,349,2
16.49,0.944979028,344,1.93
16.34,0.944880336,338,1.93
15.64,0.94507772,334,1.86
14.23,0.945373797,332,1.31
12.49,0.945373797,312,0.83
12.41,0.945571182,211,0.76
9.14,0.945965951,190,1.66
7.07,0.945768566,189,1.93
5.8,0.945768566,188,1.66
5.28,0.945571182,186,1.45
5.1,0.945176413,181,1.31
4.77,0.944880336,170,1.24
4.08,0.944584259,166,1.24
3.65,0.944288182,165,1.17
3.6,0.944288182,163,1.1
3.47,0.944386874,164,1.03
2.71,0.944584259,177,1.17
6.26,0.94507772,183,0.69
11.2,0.945571182,208,0
13.76,0.945768566,333,0.69
15.54,0.945571182,331,1.45
16.86,0.945373797,328,1.93
17.79,0.944880336,324,2.14
18.36,0.944090797,320,2.48
18.44,0.943893412,320,2.83
18,0.943992105,318,2.69
17.09,0.944090797,316,2.28
15.5,0.944485566,311,1.59
13.63,0.944682951,271,1.38
11.3,0.945176413,242,1.79
9.29,0.945768566,229,1.86
7.64,0.946262028,217,1.79
6.44,0.946558105,208,1.72
5.54,0.946262028,199,1.72
4.67,0.946064643,193,1.66
3.92,0.945669874,190,1.59
3.3,0.945373797,189,1.59
2.8,0.94507772,187,1.59
2.56,0.944880336,186,1.52
2.73,0.944979028,187,1.31
2.5,0.94507772,189,1.31
6.6,0.945373797,192,0.69
11.84,0.945373797,321,0.14
14.62,0.945669874,341,0.69
16.53,0.945275105,334,1.24
18.01,0.94507772,329,1.79
18.97,0.944386874,324,2.14
19.44,0.943399951,320,2.41
19.49,0.943202566,317,2.62
19.02,0.943202566,314,2.69
17.93,0.943399951,313,2.41
16.06,0.943893412,311,1.86
14.15,0.943696028,296,1.79
12.15,0.944288182,266,1.72
10.25,0.944781643,249,1.93
8.65,0.945275105,235,1.86
7.37,0.945275105,224,1.66
6.37,0.94507772,220,1.52
5.72,0.944682951,224,1.38
5.33,0.944485566,233,1.45
4.84,0.944189489,236,1.52
4.75,0.944485566,233,1.59
5.39,0.944485566,229,1.45
5.31,0.944781643,225,1.45
4.86,0.944880336,219,1.45
7.38,0.945373797,228,1.24
10.64,0.945867259,264,1.59
12.38,0.946163336,284,2.69
13.77,0.945867259,293,3.17
14.12,0.945768566,300,3.38
14.16,0.945373797,300,3.24
14.84,0.944682951,291,3.38
15,0.944189489,295,3.1
15.02,0.943992105,297,2.76
14.77,0.94379472,303,2.55
13.5,0.943992105,323,2.14
11.65,0.944189489,338,1.72
10.34,0.944979028,329,1.17
10.3,0.945669874,274,0.76
8.92,0.94636072,235,1.1
7.84,0.946854182,215,1.24
6.36,0.94675549,191,1.79
5.29,0.946262028,182,1.66
4.59,0.944979028,180,1.52
4.52,0.944386874,199,1.1
5.09,0.944682951,233,1.1
4.41,0.94507772,210,1.52
3.27,0.945571182,187,1.79
3.9,0.946163336,180,1.45
7.47,0.946459413,182,0.97
11.56,0.946952874,238,0.55
13.38,0.947446336,299,1.72
14.45,0.947150259,299,2
15.93,0.946952874,308,2.28
16.85,0.946459413,321,2.55
17.38,0.945965951,321,2.34
17.75,0.945176413,316,2.34
17.66,0.945373797,318,2.62
16.8,0.945768566,320,2.55
15.26,0.945965951,322,1.79
13.79,0.94675549,314,1.86
12.37,0.947347644,285,1.72
11.16,0.947939798,260,1.72
9.8,0.948531952,253,1.59
8.7,0.948729336,246,1.52
7.82,0.948630644,229,1.38
7.12,0.948334567,220,1.24
7.06,0.94803849,220,1.03
6.79,0.947939798,220,1.03
6.04,0.947939798,207,1.31
5.39,0.94803849,197,1.38
5.35,0.948334567,191,1.31
7.29,0.948630644,190,0.9
10.09,0.949025413,241,0.28
12.97,0.949617567,328,1.03
14.74,0.950209721,333,1.59
16.14,0.950209721,336,1.79
17.55,0.950308414,333,2
18.59,0.949420183,330,2.21
19.19,0.948729336,326,2.34
19.49,0.948235875,326,2.28
19.32,0.948137182,327,2.14
18.66,0.948334567,332,1.86
17.26,0.948630644,342,1.38
15.75,0.948531952,350,0.76
15.58,0.948828029,318,0.14
14.99,0.94932149,180,0.48
13.08,0.949420183,185,1.1
11.08,0.949518875,194,1.38
9.63,0.94932149,193,1.31
8.6,0.948926721,186,1.38
8.08,0.948531952,183,1.38
7.66,0.94803849,180,1.38
7.14,0.947742413,174,1.52
6.72,0.947643721,175,1.59
6.56,0.947939798,177,1.59
6.81,0.948334567,182,1.59
10.8,0.948531952,186,0.83
15.86,0.948926721,91,0.07
18.83,0.949025413,23,0.83
21.03,0.948828029,9,1.24
22.74,0.948630644,356,1.66
23.93,0.948137182,345,2
24.5,0.947248951,338,2.07
24.69,0.946854182,334,2
24.47,0.946459413,330,1.79
23.71,0.946459413,326,1.72
21.98,0.94675549,323,1.45
20.04,0.946558105,307,0.97
19.61,0.947150259,242,0.76
16.21,0.947248951,200,1.59
13.78,0.947446336,190,2
12.2,0.947347644,189,1.79
11.19,0.947248951,187,1.59
10.75,0.946952874,189,1.45
10.04,0.946459413,188,1.59
9.42,0.946163336,185,1.79
9.12,0.945867259,180,1.93
9.11,0.945867259,175,2
8.95,0.946163336,172,2.14
8.84,0.946656797,176,2.07
11.87,0.946952874,180,1.38
18.61,0.946952874,170,0.76
22.44,0.946952874,70,0.34
24.84,0.946558105,22,0.76
26.49,0.946163336,359,1.17
27.49,0.945571182,349,1.79
27.87,0.944584259,348,2.14
27.66,0.944090797,352,2.28
27.07,0.943992105,356,2.28
25.87,0.944189489,359,1.79
24.04,0.944386874,349,1.38
23.26,0.944584259,350,0.28
18.95,0.94507772,181,1.38
17.04,0.945275105,178,2.28
15.73,0.945373797,177,2.28
15.15,0.945275105,173,2.34
14.9,0.944880336,170,2.41
14.21,0.944288182,171,2.41
13.48,0.943696028,172,2.48
12.9,0.943202566,172,2.41
12.62,0.942807797,170,2.34
12.38,0.942709104,169,2.34
12.28,0.942906489,169,2.34
12.34,0.943696028,170,2.21
14.38,0.943893412,166,1.72
19.92,0.943992105,155,1.38
24.13,0.943992105,126,1.1
26.81,0.943498643,98,0.83
28.66,0.942906489,74,0.76
29.47,0.942215643,51,0.69
29.7,0.941327412,26,0.48
29.54,0.941130027,313,0.62
28.03,0.941130027,328,0.97
25.94,0.941426104,346,0.9
24.3,0.941919566,16,0.9
23.2,0.941722181,226,0.55
21.41,0.942314335,257,0.34
20.74,0.942413027,108,0
19.13,0.942906489,141,0.55
15.51,0.943005181,168,1.79
14.42,0.943005181,181,1.79
13.56,0.942807797,190,1.66
12.94,0.942314335,187,1.93
12.36,0.942314335,186,2.07
11.97,0.94211695,184,2.21
11.93,0.942413027,206,2.14
11.76,0.943992105,251,2.34
12.21,0.946064643,270,2.28
14.36,0.947051567,278,2
16.54,0.947643721,281,2
18.47,0.947939798,285,2
20.09,0.947643721,298,2.21
21.36,0.947248951,307,2.34
22.29,0.946656797,313,2.69
22.39,0.946163336,316,3.03
22.02,0.945768566,312,3.24
21.3,0.945965951,314,2.83
20.25,0.946163336,323,2.69
18.82,0.946656797,323,2.21
17.12,0.947248951,323,1.72
15.65,0.94803849,304,1.38
13.91,0.948531952,287,1.38
12.47,0.948828029,281,1.52
11.45,0.94932149,265,1.45
10.65,0.949222798,244,1.45
9.84,0.949025413,225,1.45
9.26,0.948828029,213,1.31
8.85,0.948531952,214,1.17
8.49,0.948334567,206,1.17
8.03,0.948137182,188,1.17
7.6,0.94803849,172,1.1
9.37,0.94803849,187,0.41
11.34,0.948235875,237,0
14.79,0.948729336,359,0.41
17.43,0.948926721,353,0.97
19.46,0.948630644,349,1.38
21.16,0.948235875,352,1.52
22.55,0.947150259,356,1.52
23.49,0.946163336,2,1.59
23.9,0.945176413,8,1.66
23.79,0.944781643,12,1.66
22.97,0.944386874,10,1.52
21.5,0.944386874,341,1.24
19.02,0.944682951,299,1.31
17.02,0.945275105,252,1.24
15.52,0.945571182,220,1.52
13.79,0.945768566,211,1.66
12.48,0.945768566,211,1.45
12.08,0.945571182,212,1.17
11.54,0.945373797,218,1.03
10.73,0.944781643,212,0.97
9.86,0.944189489,197,1.1
9.1,0.943399951,198,1.31
8.84,0.943301258,199,1.45
8.46,0.943202566,206,1.45
8.69,0.943992105,202,1.52
12.43,0.943992105,206,0.9
17.36,0.944189489,290,0.41
20.08,0.944189489,336,1.24
21.92,0.943992105,328,2.14
23.14,0.94379472,317,2.83
23.75,0.943399951,311,3.38
23.4,0.942807797,311,3.66
22.85,0.94251172,311,3.72
22.21,0.942413027,310,3.52
20.99,0.94251172,312,3.1
19.26,0.943005181,316,2.21
17.27,0.943202566,307,1.86
15.57,0.94379472,288,1.79
13.83,0.944090797,278,1.72
12.18,0.943992105,273,1.52
10.87,0.944090797,269,1.38
10.22,0.943696028,268,1.31
9.5,0.943301258,266,1.24
8.82,0.942906489,266,1.24
8.48,0.94251172,260,1.17
8.27,0.942215643,248,1.1
8.32,0.942215643,244,0.97
8.4,0.942215643,240,0.9
9.44,0.941919566,251,0.28
10.78,0.94211695,320,0.41
12.83,0.942018258,336,0.83
15.02,0.941919566,335,1.31
16.94,0.941820873,328,2.14
18.19,0.941524796,321,2.97
18.7,0.941327412,317,3.38
18.98,0.940735258,312,3.52
19.08,0.940241796,310,3.45
18.65,0.940241796,309,3.38
17.78,0.940340489,306,3.03
16.68,0.940537873,313,2.48
14.6,0.940636566,319,1.93
13.27,0.940735258,303,1.59
12.21,0.940932642,296,1.52
11.58,0.941130027,294,1.45
11.01,0.941031335,289,1.24
11.06,0.94083395,284,1.1
11.13,0.940735258,283,1.17
10.86,0.940340489,289,1.17
10.48,0.939847027,292,1.1
10.29,0.939353565,292,0.9
9.85,0.939057488,294,0.76
9.59,0.939057488,307,0.55
9.63,0.939057488,338,0.48
10.66,0.939057488,333,0.62
11.99,0.939057488,323,0.83
13.94,0.939353565,302,1.52
15.09,0.938761411,313,2
16.88,0.938366642,309,2.48
18.31,0.937478411,304,3.1
19.2,0.936491488,295,3.66
18.83,0.936294103,299,3.45
18.83,0.935998026,298,3.31
18.34,0.936294103,300,2.97
16.89,0.936787565,330,2.28
14.92,0.936886257,337,2.21
13.63,0.937675796,321,1.66
12.59,0.938465334,297,1.66
11.72,0.938860104,285,1.38
11.17,0.938958796,271,0.62
10.87,0.938761411,90,0.21
10.48,0.938366642,174,0.48
10.45,0.937971873,235,0.62
10.16,0.937577103,263,1.31
9.67,0.937675796,266,1.17
9.52,0.937675796,279,0.97
8.62,0.938169257,267,1.1
9.21,0.938662719,235,0.69
10.59,0.939254873,253,0.55
11.41,0.93955095,255,1.1
13.57,0.93955095,273,1.38
15.07,0.939254873,290,1.93
15.96,0.938958796,295,2.62
16.39,0.938860104,298,2.76
15,0.938564027,291,2.07
15.7,0.938465334,289,1.38
14.49,0.938366642,311,1.31
13.89,0.938662719,339,1.93
12.59,0.939649642,319,1.45
11.07,0.940636566,152,0.34
10.62,0.941031335,172,0.97
10.04,0.941327412,184,1.03
9.43,0.941327412,182,1.17
9.03,0.941228719,152,1.17
8.63,0.941031335,134,0.97
8.66,0.94083395,145,0.76
8.19,0.940340489,160,0.83
7.15,0.940143104,173,1.17
6.35,0.939847027,181,1.45
6.16,0.939649642,180,1.31
6.2,0.939847027,164,1.03
7.35,0.93955095,147,0.55
9.89,0.940044412,49,0.41
11.88,0.940340489,42,0.97
13.56,0.940241796,49,1.17
15.15,0.939847027,40,1.59
16.07,0.939156181,32,2.28
16.75,0.938465334,25,2.48
16.99,0.937774488,16,2.28
17.16,0.937182334,7,2.21
16.91,0.936491488,356,2.34
16.48,0.936392795,342,2.48
15.57,0.936491488,327,2.28
14.11,0.936787565,310,2
12.74,0.936984949,294,1.86
11.6,0.937577103,273,1.86
10.54,0.937675796,248,1.93
9.76,0.937774488,236,1.93
9.25,0.937774488,231,2
9.04,0.937478411,232,2.14
9.17,0.937182334,239,2.41
8.92,0.936886257,245,2.62
8.76,0.936886257,247,2.69
8.73,0.936787565,244,2.62
9.05,0.936984949,242,2.62
9.91,0.937182334,242,2.69
10.8,0.937379719,250,4.07
12.02,0.938070565,258,5.03
13.03,0.938169257,263,4.97
14.22,0.938169257,269,5.1
15.33,0.937379719,274,5.66
15.94,0.936984949,276,5.79
15.88,0.936491488,278,5.79
16.1,0.936195411,276,5.93
16.14,0.935899334,277,5.59
15.67,0.935701949,275,4.97
14.69,0.935899334,279,4.21
13.12,0.936096718,283,4
11.95,0.936688872,278,3.86
11.11,0.937281026,271,3.72
10.68,0.937379719,265,3.79
10.49,0.937379719,260,4
10.35,0.936984949,257,4.28
10.17,0.936688872,255,4.62
9.97,0.936195411,252,4.76
9.69,0.935208488,248,4.76
9.76,0.934912411,248,5.1
9.41,0.935011103,251,5.03
8.65,0.935208488,259,5.03
8.37,0.935603257,271,4.55
8.09,0.936491488,294,3.72
7.56,0.937675796,300,3.93
7.43,0.938761411,292,4.62
8.11,0.93955095,285,4.48
9.12,0.939649642,284,4.55
11.1,0.939649642,285,4.97
12.17,0.939057488,286,4.69
13.07,0.939057488,290,4.62
13.01,0.939452258,293,4.21
12.44,0.939847027,296,3.59
11.4,0.940340489,302,2.76
9.61,0.941130027,307,2.28
8.33,0.942215643,304,1.93
7.03,0.943005181,286,1.59
5.69,0.943498643,244,1.38
4.64,0.94379472,212,1.45
3.84,0.943597335,196,1.38
3.29,0.943597335,191,1.24
3.03,0.943103874,188,1.1
2.9,0.942610412,180,1.03
2.95,0.942314335,165,0.97
2.81,0.942215643,158,0.9
2.75,0.942314335,159,0.9
3.5,0.942709104,159,0.69
5.74,0.942906489,69,0.34
9.31,0.943301258,39,1.31
11.2,0.943103874,37,1.86
12.94,0.943103874,33,2
14.49,0.942413027,26,2.07
15.71,0.941820873,18,2.14
16.54,0.941130027,9,2.28
16.86,0.940439181,359,2.34
16.63,0.940537873,345,2.21
15.86,0.94083395,323,2.14
14.33,0.941228719,295,1.86
12.48,0.941820873,269,1.93
11.15,0.942314335,248,2
9.85,0.943005181,238,1.93
8.68,0.943597335,231,1.86
7.58,0.943992105,226,1.79
6.44,0.944189489,220,1.66
5.44,0.944189489,213,1.59
4.69,0.943992105,206,1.52
4.04,0.94379472,200,1.52
3.71,0.943893412,199,1.38
3.6,0.944189489,202,1.24
3.44,0.944584259,203,1.24
4.65,0.94507772,196,0.9
7.9,0.945768566,256,0.28
11.08,0.945965951,323,0.76
12.98,0.946163336,325,1.31
14.56,0.946064643,324,1.79
15.87,0.945571182,321,2.21
16.86,0.945176413,320,2.55
17.39,0.944584259,321,2.83
17.46,0.944189489,322,2.83
17.12,0.944090797,322,2.76
16.34,0.944189489,323,2.48
15.03,0.944485566,325,1.66
13.65,0.944682951,322,1.17
12.12,0.945373797,277,0.97
10.08,0.945867259,257,1.52
8.7,0.946459413,252,1.86
7.61,0.946558105,234,1.86
6.52,0.94675549,217,1.66
5.7,0.94636072,210,1.45
5.2,0.945965951,209,1.38
4.66,0.945768566,206,1.38
4.26,0.945768566,205,1.38
3.99,0.946163336,204,1.38
3.7,0.946656797,202,1.45
5.89,0.947347644,210,0.97
9.2,0.947939798,257,0.69
11.8,0.948433259,296,1.59
13.59,0.949222798,300,2.76
14.76,0.949222798,296,2.76
16.05,0.948630644,292,2.83
17.51,0.948137182,299,3.38
18.13,0.947446336,302,4.07
18,0.946854182,299,3.72
17.94,0.946952874,302,4.28
16.78,0.947347644,301,3.66
15.44,0.947841105,296,2.76
13.48,0.947742413,301,2.48
11.89,0.948926721,285,2.14
10.58,0.949518875,274,1.93
9.5,0.950111029,257,1.79
8.54,0.950111029,235,1.66
7.6,0.950111029,223,1.59
6.77,0.950012337,219,1.52
6.09,0.949518875,217,1.59
5.66,0.949124106,212,1.66
5.47,0.948926721,207,1.72
5.53,0.948926721,202,1.72
5.78,0.949124106,201,1.59
7.75,0.949518875,215,1.17
10.55,0.950111029,251,1.1
12.63,0.950308414,276,1.79
14.11,0.950407106,289,1.93
15.67,0.950111029,302,2.14
17.02,0.94932149,310,2.34
17.94,0.948433259,316,2.48
18.59,0.947545028,318,2.62
18.77,0.946854182,321,2.83
18.36,0.946558105,323,2.83
17.55,0.946459413,322,2.55
16.31,0.946656797,321,1.72
14.77,0.94675549,302,1.45
13.41,0.947347644,274,1.38
11.59,0.947545028,256,1.45
10.04,0.947742413,256,1.52
8.96,0.947742413,248,1.52
8,0.947742413,225,1.59
7.06,0.947643721,209,1.52
6.49,0.946952874,207,1.31
6.53,0.94636072,204,0.97
6.6,0.946064643,196,0.83
6.34,0.945768566,186,0.69
5.83,0.945571182,181,0.69
7.42,0.946064643,204,0.48
9.76,0.945965951,341,0.48
13.09,0.946064643,351,1.24
14.51,0.94636072,350,1.52
16.04,0.946459413,344,1.52
17.65,0.945867259,344,1.66
19.32,0.94507772,345,1.79
20.38,0.944781643,340,2
20.73,0.943992105,341,2.07
20.34,0.943893412,343,1.79
19.48,0.943696028,338,1.31
18.32,0.943893412,333,0.9
16.61,0.943696028,303,0.62
16.17,0.94379472,186,0.48
13.35,0.943992105,184,1.24
12.84,0.943992105,210,1.24
12.08,0.944090797,233,1.31
11.19,0.944288182,240,1.59
10.89,0.944288182,212,1.52
10.4,0.943597335,187,1.52
10.09,0.942807797,179,1.03
11.04,0.942314335,178,0.41
10.86,0.942215643,231,0.41
9.91,0.942610412,235,1.03
10.19,0.942413027,217,0.97
12.57,0.942906489,227,0.62
15.8,0.943498643,302,0.62
18.44,0.943893412,330,1.03
20.53,0.943597335,329,1.24
22.09,0.942906489,335,1.86
23.27,0.942314335,331,2.14
23.77,0.941820873,325,2.14
23.31,0.941426104,314,2.14
23.22,0.941524796,308,2.76
22.48,0.941722181,307,2.48
21.32,0.942314335,300,1.72
19.55,0.942709104,304,1.79
17.78,0.943202566,291,2
16.26,0.943992105,272,1.93
14.84,0.944485566,245,1.79
13.62,0.944880336,235,1.59
12.63,0.944880336,238,1.45
11.65,0.944979028,248,1.31
11.01,0.944979028,256,1.24
10.9,0.94507772,257,1.1
11,0.945176413,269,0.97
11.34,0.94547249,278,0.9
12.01,0.946262028,274,0.69
12.6,0.94675549,289,0.97
13.73,0.947347644,284,1.72
15.75,0.948137182,280,2.76
16.91,0.948630644,283,3.24
18.35,0.948729336,285,3.59
19.32,0.948729336,289,3.79
19.79,0.948334567,292,3.86
19.9,0.947939798,292,3.79
20.05,0.947545028,293,3.86
19.99,0.947446336,297,4
18.95,0.947939798,298,3.72
17.75,0.948433259,300,3.38
15.45,0.94971626,300,3.03
14.07,0.950604491,301,2.97
13.12,0.951788798,302,2.69
12.48,0.95228226,296,2.41
11.78,0.952479645,285,2.14
11.31,0.952578337,274,1.86
11.06,0.95228226,260,1.72
10.92,0.951986183,244,1.59
11.09,0.951295337,232,1.59
11.14,0.95099926,229,1.52
11.3,0.951097952,238,1.38
11.24,0.951492721,255,1.31
11.49,0.952183568,271,1.79
12.37,0.952578337,280,2.34
13.75,0.952874414,285,2.69
14.74,0.953170491,296,2.48
15.96,0.952775722,305,2.28
17.48,0.95228226,311,2.21
18.61,0.951690106,316,2.21
19.38,0.95099926,319,2.41
19.62,0.950407106,322,2.55
16.34,0.950111029,323,2.04
16.03,0.950209721,325,1.97
15.71,0.950407106,327,1.89
15.4,0.951097952,309,1.82
15.09,0.951196644,276,1.74
14.78,0.951788798,246,1.66
14.46,0.951788798,228,1.59
14.15,0.951591414,221,1.51
13.84,0.947248951,210,1.44
13.52,0.94675549,213,1.36
13.21,0.946459413,224,1.28
12.9,0.946163336,232,1.21
12.58,0.946459413,229,1.13
12.27,0.946854182,220,1.06
11.96,0.947150259,215,0.98
11.64,0.947446336,204,0.9
16.8,0.947643721,180,0.41
19.67,0.947643721,74,0.21
22.01,0.947939798,7,0.97
23.62,0.947841105,350,1.59
24.66,0.947742413,340,1.93
25.54,0.947248951,331,1.86
26.19,0.946558105,325,1.66
26.56,0.946262028,328,1.72
26.27,0.946163336,336,1.93
25.22,0.946262028,346,1.79
23.65,0.946459413,345,1.31
21.94,0.946459413,348,0.9
21.34,0.947051567,297,0.34
20.17,0.947446336,211,0.76
16.84,0.947545028,214,1.24
15.57,0.947742413,212,1.38
14.85,0.947347644,208,1.31
14.36,0.947248951,205,1.31
13.84,0.946558105,193,1.38
13.33,0.946163336,186,1.45
12.84,0.945867259,184,1.38
12.43,0.945965951,184,1.45
12.3,0.946064643,181,1.66
12.97,0.94675549,183,1.52
18.1,0.946656797,169,0.76
22.44,0.947051567,86,0.34
24.71,0.946952874,45,1.03
26.43,0.946952874,42,1.45
27.97,0.94636072,43,1.86
29.01,0.945669874,43,1.93
29.77,0.94507772,40,1.66
29.98,0.944485566,33,1.45
29.58,0.944090797,24,1.38
28.65,0.944090797,7,1.1
26.99,0.944090797,351,0.76
26.5,0.94379472,149,0.41
21.65,0.944090797,176,1.79
19.67,0.944386874,179,2.28
18.49,0.944584259,179,2.34
17.69,0.944682951,175,2.28
16.65,0.944682951,169,2.21
15.56,0.944485566,165,2.14
14.75,0.944189489,164,2
14.04,0.943597335,164,2
13.34,0.943202566,164,2
12.72,0.943103874,165,2.07
12.72,0.943103874,167,2.14
13.35,0.943992105,170,2.14
16.95,0.944090797,168,1.66
21.62,0.943893412,152,1.24
25.72,0.943992105,114,0.9
28.38,0.943597335,72,0.9
30.09,0.943103874,48,0.97
31.33,0.942413027,33,0.97
31.72,0.941722181,22,0.41
31.98,0.941228719,318,0.69
31.12,0.941130027,332,1.45
29.22,0.941130027,0,1.38
27.23,0.941031335,100,2
24.94,0.94083395,124,2
22.74,0.941130027,156,2.41
20.9,0.941327412,171,2.41
19.96,0.941623489,176,2.55
19.26,0.941524796,176,2.55
18.45,0.941327412,174,2.48
17.78,0.940636566,174,2.48
17.29,0.940044412,173,2.48
16.9,0.939452258,174,2.48
16.11,0.938958796,179,2.48
15.58,0.939057488,194,2.34
15.25,0.939649642,221,2.28
15.37,0.940735258,221,1.79
19.17,0.941031335,231,0.97
22.06,0.941031335,303,0.76
23.5,0.94083395,335,1.38
24.5,0.940735258,333,1.93
25.2,0.940537873,320,2.34
25.99,0.939847027,311,2.21
26.36,0.939156181,319,2.14
26.23,0.938761411,319,2.34
25.56,0.93826795,325,2.55
24.25,0.938366642,325,2.41
22.48,0.938564027,314,2.14
19.47,0.93955095,308,2.41
17.98,0.939847027,307,2.07
16.87,0.940340489,305,1.66
16.01,0.940340489,308,1.38
15.35,0.940143104,318,1.1
14.85,0.939847027,326,0.97
14.6,0.939649642,326,0.97
14.09,0.939057488,321,0.97
13.83,0.938860104,315,0.97
13.57,0.938761411,315,1.03
13.13,0.938860104,314,1.03
12.79,0.939254873,312,1.03
13.05,0.939649642,318,1.38
13.68,0.939748335,314,1.79
14.42,0.939649642,316,2
15.21,0.939847027,315,2.28
16.01,0.93955095,313,2.48
17.09,0.939452258,313,2.97
18.31,0.939254873,309,3.24
19.52,0.938662719,307,3.59
19.61,0.938564027,314,3.52
19.44,0.938465334,315,3.59
18.35,0.938465334,320,3.45
17.07,0.938958796,328,2.62
15.87,0.939353565,330,2.21
14.77,0.940044412,314,1.72
13.75,0.940932642,294,1.52
12.99,0.941228719,283,1.38
11.91,0.941426104,272,1.17
12.05,0.941327412,255,0.76
11.78,0.941130027,228,0.76
11.16,0.940439181,205,0.9
10.4,0.940143104,198,1.03
10.13,0.940241796,203,1.03
9.84,0.940439181,197,1.1
9.16,0.940735258,193,1.31
12.11,0.941130027,211,0.34
13.55,0.941722181,270,0.9
15.19,0.941919566,273,2.28
16.57,0.942413027,278,2.69
17.98,0.942413027,282,3.17
18.57,0.94251172,289,3.38
19.37,0.942018258,286,3.66
19.86,0.941820873,289,3.66
19.4,0.941524796,312,3.38
19.27,0.941524796,314,3.03
18.44,0.941722181,326,2.76
17.11,0.942018258,337,2.14
15.41,0.942314335,347,1.59
14.6,0.942807797,339,1.03
13.86,0.943498643,321,0.76
13.48,0.943696028,311,0.76
13.27,0.943696028,321,0.76
12.75,0.94379472,324,0.76
12.2,0.943399951,319,0.62
12,0.943005181,300,0.34
11.92,0.94251172,335,0.34
11.59,0.94251172,357,0.21
11.39,0.942314335,19,0.41
11.18,0.942709104,37,0.48
11.19,0.943103874,89,0.21
12.23,0.943498643,49,0.76
14.25,0.943399951,43,1.03
15.76,0.943498643,24,1.31
17.6,0.943202566,5,1.45
19.02,0.942906489,357,2
19.87,0.942215643,353,2.28
20.4,0.941820873,347,2.28
20.71,0.941524796,344,2.07
20.53,0.941130027,341,1.93
19.95,0.941130027,333,1.79
18.78,0.941130027,325,1.31
17.36,0.941327412,302,1.1
15.74,0.941623489,254,0.97
15.03,0.942018258,219,0.97
13.81,0.942215643,204,1.17
13.15,0.942018258,203,1.1
12.66,0.941919566,181,1.1
11.48,0.941327412,174,1.31
10.55,0.940735258,181,1.31
9.79,0.940241796,183,1.24
9.35,0.939945719,182,1.24
8.89,0.939847027,182,1.31
8.4,0.939847027,180,1.38
10.05,0.940735258,177,0.9
15.03,0.940537873,122,0.28
17.86,0.940340489,49,0.62
20.2,0.940241796,30,1.03
22.15,0.940044412,17,1.24
23.62,0.939452258,358,1.59
24.66,0.938958796,340,1.93
25.31,0.938465334,331,2.34
25.42,0.938169257,331,2.48
25.06,0.937971873,340,2.21
24.02,0.938169257,356,1.86
22.58,0.938169257,2,1.1
20.93,0.938070565,321,0.62
18.79,0.938169257,204,1.03
16.86,0.938662719,187,1.72
15.36,0.938860104,183,1.72
14.29,0.938465334,182,1.72
13.46,0.938169257,182,1.72
12.67,0.937675796,184,1.72
11.98,0.936886257,188,1.72
11.44,0.936392795,191,1.66
11.02,0.936294103,191,1.66
10.58,0.936294103,191,1.66
10.23,0.936096718,189,1.66
12.05,0.935899334,198,1.31
16.87,0.935998026,232,0.76
19.93,0.936392795,292,0.97
21.72,0.936491488,323,1.38
22.74,0.936294103,323,1.86
23.42,0.936096718,321,2.55
23.72,0.935899334,319,2.83
23.44,0.935603257,320,2.69
22.96,0.935405872,317,2.9
22.55,0.935701949,309,2.76
21.75,0.936195411,312,2.34
20.24,0.93659018,313,2.07
18.56,0.937379719,310,1.66
17.38,0.937971873,293,1.24
16.44,0.93826795,305,0.83
15.98,0.938958796,298,0.69
15.12,0.938662719,305,0.55
14.98,0.938564027,313,0.07
14.55,0.93826795,234,0.28
14.16,0.93787318,255,0.48
13.73,0.937675796,253,0.48
13.49,0.937675796,225,0.55
13.35,0.937577103,188,0.62
12.67,0.937675796,172,0.83
13.76,0.937971873,196,0.14
15.21,0.938070565,342,0.28
17.21,0.938070565,8,0.62
19.49,0.938070565,17,1.17
21.25,0.938169257,1,1.17
22.63,0.937774488,4,1.31
23.71,0.937774488,331,1.86
24.07,0.937577103,323,1.66
23.14,0.937675796,309,1.79
23.04,0.938070565,302,2
22.56,0.93826795,321,2.14
21.45,0.938366642,329,1.72
19.77,0.938860104,299,1.66
18.39,0.939649642,281,1.52
17.22,0.940143104,267,1.24
16.07,0.94083395,251,1.03
15.49,0.940932642,228,0.97
15.24,0.941031335,214,0.83
15.68,0.940932642,213,0.62
15.24,0.940932642,237,0.55
14.74,0.940932642,236,0.62
14.24,0.941031335,218,0.76
13.68,0.941327412,211,0.76
13.4,0.942018258,203,0.69
13.31,0.94251172,240,0.55
15.2,0.942906489,320,0.41
17.02,0.943202566,351,0.76
18.99,0.94379472,356,1.31
20.52,0.94379472,354,1.72
21.89,0.94379472,349,1.66
23.09,0.943399951,341,1.79
23.74,0.942906489,337,2.14
24.15,0.94251172,340,2.21
23.9,0.942215643,343,2.28
23.11,0.942215643,335,2.07
21.78,0.942709104,316,1.45
19.5,0.943399951,301,1.45
17.93,0.943893412,280,1.52
16.49,0.944880336,279,1.72
15.14,0.945373797,280,1.72
14,0.94547249,268,1.52
13.13,0.945867259,246,1.38
12.33,0.945571182,224,1.31
11.75,0.945373797,216,1.17
11.66,0.94507772,218,0.9
11.9,0.944880336,239,0.76
11.85,0.94507772,253,0.69
11.64,0.94547249,266,0.69
12.51,0.945768566,287,0.55
14.28,0.946064643,314,0.9
16.08,0.946163336,324,1.24
17.5,0.94636072,329,1.86
18.96,0.946064643,327,2.28
20.03,0.945669874,325,2.62
20.81,0.945373797,320,2.76
21.36,0.944682951,316,2.97
21.42,0.944189489,315,3.1
20.99,0.943992105,313,3.1
20.19,0.94379472,313,2.9
18.92,0.943893412,319,2.28
17.17,0.943696028,320,1.45
15.78,0.944288182,291,1.1
14.21,0.944979028,278,1.31
13.02,0.945275105,268,1.38
12.47,0.945373797,246,1.24
11.83,0.945176413,232,1.17
11.1,0.945176413,219,1.31
10.45,0.944682951,209,1.38
9.68,0.944386874,194,1.31
9.07,0.944288182,181,1.17
8.59,0.944189489,170,1.17
8.65,0.944386874,167,1.1
10.87,0.944288182,160,0.83
14.86,0.943893412,94,0.76
17.41,0.943498643,67,1.66
19.66,0.943301258,60,2.28
21.66,0.942610412,56,2.62
23.26,0.942018258,50,2.69
24.45,0.941130027,46,2.69
25.28,0.940044412,45,2.9
25.61,0.939156181,46,3.1
25.41,0.938662719,46,3.03
24.59,0.938662719,40,2.28
23.25,0.938761411,41,1.52
22.58,0.938860104,307,0.62
20.61,0.939649642,269,1.1
19.78,0.940439181,259,0.9
19.04,0.94083395,210,0.69
18.01,0.94083395,177,0.62
15.87,0.940636566,150,0.97
15.07,0.940241796,160,1.1
14.53,0.939945719,162,1.1
13.97,0.939945719,173,1.45
13.69,0.939649642,173,1.72
12.89,0.939452258,167,1.72
12.11,0.939452258,167,1.72
13.93,0.940241796,182,1.1
18.83,0.940537873,174,0.48
21.78,0.940537873,68,0.62
23.74,0.940439181,49,1.31
25.84,0.939847027,40,2.07
27.24,0.939156181,28,2.28
28.04,0.93826795,14,2.34
28.57,0.937379719,355,2.41
28.2,0.937083642,322,3.24
26.15,0.93787318,302,4.21
23.89,0.938662719,294,4.14
22.07,0.940044412,292,4
20.95,0.940735258,301,3.03
19.27,0.942215643,296,3.03
17.89,0.943103874,296,2.48
16.78,0.943399951,294,1.79
15.94,0.943103874,293,0.83
15.57,0.942610412,298,0.14
14.47,0.942413027,270,0.55
14.21,0.942018258,210,0.55
13.28,0.941919566,189,0.9
12.6,0.942018258,184,1.1
12.2,0.94211695,173,1.17
11.97,0.942709104,173,1.17
14.81,0.943103874,204,0.48
16.69,0.943597335,297,0.21
18.07,0.943992105,354,0.76
19.56,0.944386874,351,1.52
21.08,0.944485566,339,2.07
21.69,0.944485566,332,2.62
22.21,0.944189489,325,2.9
22.95,0.944090797,322,2.97
22.54,0.943992105,315,2.83
21.96,0.944288182,319,2.55
21.23,0.944288182,328,2.34
20.08,0.944288182,336,1.79
18.92,0.944880336,330,1.66
17.77,0.945275105,320,1.45
16.88,0.945965951,331,1.03
15.91,0.945867259,302,1.1
15.23,0.945867259,275,1.24
14.37,0.945571182,260,1.03
13.93,0.945275105,248,0.83
13.55,0.944781643,245,0.83
13.52,0.944386874,247,0.69
13.33,0.944189489,250,0.62
12.71,0.944189489,279,0.83
12.12,0.944682951,291,1.03
13.33,0.94507772,280,1.31
14.32,0.945176413,283,1.38
15.38,0.945373797,292,1.86
15.7,0.945669874,300,2.21
15.93,0.945768566,307,2.41
16.07,0.945669874,307,2.76
16.59,0.945571182,309,3.17
16.34,0.945373797,308,3.17
16.11,0.945669874,308,2.9
15.76,0.945571182,309,2.34
15.46,0.94547249,304,2.07
15.19,0.945571182,300,2.34
14.52,0.945275105,307,2.76
13.9,0.945669874,307,2.48
13.11,0.946262028,301,1.93
12.75,0.946656797,293,1.79
12.34,0.946558105,291,1.93
11.91,0.946656797,290,1.86
11.59,0.946459413,287,1.93
11.24,0.945965951,284,1.79
10.67,0.945669874,279,1.79
10.53,0.945669874,267,1.52
10.32,0.945867259,252,1.59
9.99,0.946064643,235,1.79
10.75,0.946459413,243,2.21
11.89,0.946163336,256,2.48
13.05,0.945965951,269,2.83
14.07,0.945768566,286,3.03
15.42,0.945176413,296,3.38
16.01,0.94507772,299,3.72
16.67,0.944880336,296,4.28
16.72,0.944781643,299,4.28
17.38,0.944386874,294,4.55
17.03,0.943992105,299,4.07
16.41,0.943893412,304,3.66
15.34,0.943893412,317,2.9
13.62,0.944189489,323,2.14
12.68,0.944386874,320,1.72
12.03,0.94507772,316,1.17
11.36,0.945275105,308,0.62
11.41,0.945176413,212,0.07
10.4,0.944485566,144,0.62
10.15,0.943597335,130,0.9
9.48,0.942610412,114,0.97
9.43,0.942018258,101,0.83
8.83,0.941524796,99,0.9
8.36,0.941228719,104,0.9
7.96,0.941031335,101,1.03
9.25,0.941524796,81,0.69
12.2,0.941130027,60,1.38
14.34,0.941327412,50,2
16.26,0.940932642,48,2.62
18.08,0.940537873,47,2.76
19.14,0.940044412,40,2.55
19.52,0.939748335,33,2.41
19.77,0.939156181,29,2.21
19.84,0.938662719,36,2
19.74,0.938169257,53,1.66
19.44,0.938070565,56,1.17
18.91,0.937971873,342,1.03
17.74,0.938070565,310,1.86
16.3,0.938465334,277,1.93
15.11,0.939649642,248,2.14
14.57,0.940340489,238,1.79
14.07,0.940636566,204,1.1
13.53,0.940439181,151,1.1
12.93,0.940439181,169,0.55
12.53,0.939945719,224,0.62
11.98,0.940044412,234,0.83
11.06,0.940143104,250,1.31
10.34,0.940537873,238,1.45
9.99,0.941228719,222,1.45
12.09,0.941722181,234,0.62
14.54,0.942215643,307,0.69
16.31,0.942413027,320,1.31
17.91,0.94251172,320,1.52
18.76,0.942709104,316,1.72
20.07,0.942314335,309,2.21
20.47,0.94211695,308,2.62
21.02,0.941524796,310,2.34
21.45,0.941623489,313,2.41
21.09,0.941524796,314,2.28
20.73,0.941820873,311,2.34
19.56,0.942215643,312,1.93
17.62,0.943005181,309,1.79
16.3,0.943696028,290,1.93
15.1,0.944880336,273,1.93
13.98,0.945571182,253,1.79
12.95,0.94547249,234,1.59
12.01,0.94547249,224,1.45
11.33,0.945176413,221,1.24
10.85,0.944979028,216,1.24
10.63,0.944781643,211,1.17
10.45,0.944781643,208,1.1
10.47,0.944781643,210,0.97
10.34,0.94507772,216,0.83
11.68,0.945571182,261,0.48
13.02,0.945768566,319,0.76
14.58,0.945965951,337,1.1
16.36,0.945867259,334,1.45
17.76,0.945965951,330,1.66
19.16,0.945373797,334,1.86
20.27,0.94507772,332,2
20.99,0.944584259,331,2.21
21.21,0.944189489,329,2.41
20.92,0.943893412,329,2.34
20.14,0.943893412,328,2.21
18.91,0.943893412,327,1.66
17.27,0.944090797,315,1.52
15.81,0.944682951,294,1.45
14.26,0.94547249,279,1.52
12.8,0.945768566,266,1.52
11.59,0.945571182,244,1.45
10.73,0.945176413,225,1.38
10.22,0.944682951,217,1.31
9.71,0.943992105,214,1.17
9.44,0.943399951,213,1.03
9.33,0.943301258,209,1.03
8.91,0.943005181,203,0.9
8.99,0.943005181,197,0.69
10.49,0.943696028,309,0.21
12.24,0.943696028,339,0.48
13.87,0.943696028,334,0.9
15.32,0.943696028,332,1.52
17.38,0.943399951,333,1.93
18.65,0.942807797,331,2
19.95,0.941919566,325,2
20.72,0.940932642,326,2.41
20.84,0.940636566,319,2.55
20.55,0.940241796,314,2.55
19.84,0.940439181,313,2.48
18.66,0.940340489,312,2.21
17.18,0.940340489,310,2.28
15.56,0.940932642,301,2.14
14.43,0.941919566,296,1.86
13.58,0.942018258,295,1.59
13.23,0.941820873,300,1.38
13.06,0.941623489,307,1.38
12.84,0.94083395,311,1.17
12.58,0.940241796,318,0.97
12.4,0.93955095,326,0.83
12.23,0.939156181,323,0.83
12.05,0.939057488,325,0.9
11.93,0.939057488,324,0.76
12.41,0.939748335,327,0.83
12.89,0.939945719,322,1.03
13.1,0.939649642,331,1.66
13.74,0.93955095,330,2.28
14.21,0.939057488,324,2.69
14.62,0.938860104,317,2.97
14.6,0.938366642,309,2.83
14.75,0.938169257,310,2.48
14.27,0.93787318,310,2.14
13.74,0.937478411,308,1.93
13.5,0.937577103,304,1.59
13.11,0.937478411,306,1.38
12.49,0.937478411,293,0.83
12.38,0.937379719,298,0.62
12.17,0.937675796,302,0.28
12.11,0.937774488,305,0.21
11.85,0.937281026,346,0.28
11.51,0.937083642,19,0.14
11.53,0.936195411,302,0.07
11.33,0.935208488,323,0.14
11.05,0.934418949,310,0.14
10.7,0.934221564,307,0.41
10.59,0.934122872,305,0.62
10.36,0.934320257,288,1.1
10.03,0.935208488,38,0.55
10.42,0.935603257,72,0.62
10.15,0.935603257,118,0.55
10.98,0.935405872,194,0.07
10.93,0.935405872,297,0.28
10.74,0.93530718,293,0.9
11.26,0.935208488,297,1.59
11.72,0.935011103,281,1.59
11.67,0.934418949,274,1.59
11.18,0.934122872,264,1.31
10.73,0.934122872,244,1.38
9.95,0.934320257,227,1.66
9.59,0.934616334,176,1.52
9.14,0.935011103,185,1.38
8.82,0.935998026,200,1.31
8.66,0.936294103,196,1.1
8.58,0.936195411,177,1.1
8.48,0.935899334,167,1.24
7.99,0.93530718,168,1.45
7.71,0.934715026,168,1.31
7.72,0.934320257,171,1.1
7.89,0.934122872,175,0.9
7.74,0.934320257,172,0.9
8.03,0.934715026,177,0.9
8.01,0.935109795,175,0.97
10.52,0.935603257,161,0.62
12.43,0.935701949,200,0.34
13.46,0.935504565,300,0.55
14.17,0.935701949,325,1.24
15.01,0.935701949,347,1.66
15.02,0.935701949,359,1.72
15.31,0.935504565,358,1.59
15.76,0.935405872,349,1.66
15.88,0.935701949,348,1.86
15.49,0.936294103,339,1.86
15.04,0.936787565,328,0.9
14.83,0.937182334,296,1.17
13.85,0.93826795,237,1.38
12.97,0.939156181,224,1.66
11.95,0.939649642,229,1.66
11.3,0.940044412,223,1.72
11.27,0.940044412,208,1.52
10.6,0.939649642,210,1.52
10.13,0.939748335,224,1.45
9.89,0.939748335,238,1.52
10.4,0.939945719,254,1.59
11,0.940241796,261,1.72
11.21,0.940735258,257,1.72
12.02,0.941426104,259,2.69
12.75,0.941820873,260,2.69
13.77,0.942018258,272,2.62
14.68,0.942413027,286,2.97
15.46,0.942413027,302,2.97
15.81,0.942807797,309,2.76
15.86,0.942215643,316,2.21
16.09,0.942215643,320,2
16.62,0.941820873,319,1.59
17.01,0.941820873,315,1.38
16.7,0.94211695,318,1.31
16.14,0.942709104,261,0.62
15.22,0.943597335,285,0.62
14.65,0.944386874,192,0.41
13.37,0.944880336,159,1.03
13.31,0.945275105,163,1.17
12.65,0.945176413,170,1.17
11.31,0.944979028,175,1.1
11.26,0.944584259,176,0.83
11.31,0.944485566,167,0.69
11,0.944288182,159,0.69
10.38,0.944386874,162,0.9
9.41,0.944584259,167,1.17
8.75,0.944979028,167,1.45
12.03,0.945373797,164,0.97
15.66,0.945768566,137,0.9
17.16,0.946064643,102,0.76
18.59,0.946064643,64,0.97
20.02,0.945965951,54,1.52
21.11,0.945669874,55,2.28
21.71,0.945176413,56,2.34
21.94,0.944880336,57,1.93
22.39,0.944485566,61,1.79
22.63,0.944386874,65,1.72
22.36,0.944386874,69,1.52
21.24,0.944584259,83,0.9
19.54,0.944682951,117,1.03
17.13,0.945373797,151,1.24
14.98,0.946163336,169,1.52
13.27,0.946558105,173,1.79
12.32,0.946459413,169,1.86
11.63,0.946163336,162,2
11.12,0.945965951,159,2
10.64,0.94547249,159,2
10.21,0.94507772,161,2
9.83,0.94507772,163,2
9.45,0.945176413,163,2
9.23,0.94547249,163,1.93
12.12,0.945867259,164,1.31
17.3,0.945768566,140,0.76
19.7,0.946064643,86,0.83
21.46,0.945768566,55,1.17
22.87,0.945768566,38,1.59
23.9,0.945176413,29,1.86
24.66,0.944584259,21,1.93
25.09,0.943992105,13,1.93
25.18,0.943597335,3,2
24.89,0.943202566,352,2
24.19,0.943103874,342,1.79
23.07,0.943103874,318,1.17
21.32,0.943202566,282,1.1
18.99,0.943597335,242,1.59
17.34,0.944090797,230,1.93
15.75,0.944386874,225,1.93
14.69,0.944386874,219,1.72
14.02,0.944090797,215,1.72
13.46,0.94379472,211,1.66
13.04,0.943202566,207,1.52
12.62,0.942709104,204,1.38
12.4,0.942413027,207,1.17
12.46,0.94211695,215,0.9
12.68,0.94211695,224,0.83
14.63,0.942610412,251,0.62
17.29,0.942314335,296,0.76
18.89,0.94251172,293,1.24
20.64,0.942215643,302,1.86
22.02,0.941820873,304,2.83
22.56,0.941426104,305,3.38
22.95,0.941031335,307,3.31
22.79,0.940340489,307,3.24
23.09,0.940044412,304,3.38
22.68,0.93955095,307,3.24
21.91,0.939649642,310,2.9
20.61,0.939847027,315,2
18.59,0.940439181,313,1.66
17,0.940735258,291,1.24
15.76,0.941426104,247,1.03
14.8,0.941426104,216,1.03
13.94,0.941228719,207,0.97
13.64,0.940932642,217,0.62
12.58,0.940340489,229,0.48
11.97,0.939945719,210,0.41
11.44,0.939353565,198,0.62
10.37,0.939156181,194,0.9
9.59,0.938958796,192,1.03
9.47,0.939057488,195,0.97
11.68,0.939847027,231,0.55
15.03,0.939847027,329,0.34
17.3,0.939945719,0,0.83
19.07,0.939847027,2,1.24
20.65,0.93955095,0,1.59
21.9,0.938958796,356,1.72
22.81,0.938465334,350,1.86
23.38,0.938070565,347,2
23.49,0.937577103,345,2
23.26,0.937577103,340,2.07
22.55,0.937675796,335,2
21.26,0.937971873,322,1.52
19.64,0.937971873,305,1.31
17.54,0.938465334,256,1.1
15.54,0.939057488,217,1.38
14,0.939254873,206,1.59
12.74,0.939254873,204,1.52
12.17,0.939156181,206,1.24
11.8,0.938860104,208,1.1
11.3,0.938366642,203,1.03
10.46,0.937774488,195,1.17
9.87,0.937577103,188,1.17
9.56,0.937577103,183,1.17
9.49,0.937577103,177,1.1
12.73,0.937675796,176,0.48
16.34,0.937577103,61,0.28
18.63,0.937379719,38,0.9
20.65,0.937478411,30,1.38
22.34,0.937083642,21,1.72
23.63,0.936886257,9,1.93
24.59,0.936392795,355,2.14
24.94,0.935998026,341,2.14
25.14,0.935899334,320,2.14
23.5,0.935701949,317,1.84
22.43,0.935899334,324,1.77
21.36,0.935701949,331,1.7
20.28,0.935405872,315,1.63
19.21,0.935998026,283,1.56
18.13,0.936787565,256,1.49
17.06,0.937281026,235,1.42
15.99,0.937379719,210,1.35
14.91,0.931951641,171,1.28
13.84,0.931359487,159,1.21
12.76,0.930668641,161,1.14
11.69,0.930273871,157,1.07
10.62,0.929879102,164,1
9.54,0.929188256,158,0.93
8.47,0.928990871,167,0.86
7.39,0.928003948,130,0.79
14.77,0.927806563,68,0.97
16.37,0.927214409,57,1.79
18.04,0.92681964,60,2.41
19.62,0.926030101,62,2.48
20.56,0.925437947,51,2.14
20.83,0.924253639,32,2.28
19.74,0.923760178,349,2.07
17.24,0.924549716,280,3.1
14.77,0.925240563,273,3.72
13.53,0.925931409,272,4
11.93,0.927806563,258,6.69
10.64,0.929484333,239,3.38
10.58,0.929977794,227,2.21
10.68,0.930866025,220,1.79
10.55,0.931260794,226,2.14
10.57,0.931260794,241,2.69
10.29,0.931260794,240,3.03
10.12,0.93106341,236,3.52
9.87,0.93106341,238,3.59
9.99,0.931359487,242,3.24
10.11,0.931951641,244,2.9
10.09,0.932445102,239,2.76
10.25,0.933037256,233,2.62
11.73,0.932839872,236,2.55
13.36,0.933333333,239,3.1
15.24,0.933925487,245,5.59
16,0.934418949,250,5.86
16.77,0.934912411,257,5.38
17.46,0.93530718,261,4.97
17.37,0.935504565,258,4.55
18.31,0.935504565,262,4.14
18.35,0.934912411,272,3.24
16.57,0.935701949,292,3.59
13.6,0.937478411,274,2.9
13.04,0.937971873,253,1.52
12.42,0.938860104,278,1.72
11.87,0.939945719,260,2
11.71,0.940735258,253,1.59
11.27,0.941228719,243,1.59
10.79,0.941722181,232,1.72
10.18,0.941623489,228,1.79
9.94,0.941623489,234,1.86
9.68,0.941820873,230,1.93
9.76,0.942018258,224,1.79
9.58,0.942215643,217,1.59
9.56,0.942709104,211,1.52
9.4,0.943301258,204,1.52
11.24,0.943992105,214,1.38
13.26,0.944485566,224,1.52
14.69,0.944781643,244,2
16.37,0.944979028,264,3.31
16.71,0.945275105,278,2.97
17.44,0.945275105,295,2.62
17.68,0.94507772,311,2.34
18.76,0.944584259,312,2.62
18.32,0.944781643,328,2.55
18.53,0.944781643,321,2.28
17.81,0.944781643,333,2.34
17.03,0.94507772,340,1.93
15.86,0.945176413,13,1.17
14.89,0.945669874,43,0.48
14.72,0.94636072,138,0.21
14.22,0.946854182,183,0.62
13.25,0.946854182,186,0.9
12.46,0.946656797,177,1.03
12.08,0.946064643,170,0.97
11.37,0.945669874,170,1.17
10.54,0.945373797,173,1.24
9.82,0.94507772,175,1.24
9.55,0.944979028,174,1.17
9.44,0.945176413,174,1.03
12.06,0.945768566,193,0.69
13.89,0.945965951,286,0.14
15.97,0.946064643,351,0.9
17.5,0.945965951,0,1.38
18.73,0.945867259,358,1.52
19.45,0.945373797,349,1.59
19.82,0.944781643,341,1.66
20.4,0.944386874,328,1.72
20.48,0.943992105,321,1.86
20.47,0.943696028,324,1.93
19.79,0.943893412,326,1.93
18.87,0.943992105,322,1.59
17.11,0.944090797,309,1.31
15.72,0.944682951,279,1.03
15.43,0.945176413,240,0.76
14.4,0.945669874,202,0.97
13.38,0.945571182,184,1.1
12.37,0.945176413,177,1.31
11.81,0.944386874,176,1.17
11.63,0.943597335,174,1.1
11.26,0.943301258,182,1.03
10.78,0.943103874,199,1.03
10.33,0.943103874,211,1.1
10.06,0.943498643,208,1.17
13.03,0.943992105,205,0.62
15.52,0.943893412,1,0.14
17.16,0.94379472,46,0.76
19.13,0.943399951,42,1.17
20.94,0.942906489,38,0.97
22.68,0.942314335,14,1.1
22.73,0.941919566,357,1.66
23.05,0.941130027,357,2
23.51,0.941130027,336,1.66
23.14,0.941031335,320,2.07
22.43,0.941228719,313,2.21
21.49,0.941623489,312,1.52
19.9,0.941130027,298,1.79
18.44,0.941722181,284,0.97
18.06,0.94211695,251,0.28
17.18,0.942314335,264,0.62
15.02,0.942610412,270,1.38
14.17,0.942413027,260,1.31
14.57,0.942215643,233,0.83
14.43,0.941722181,204,0.69
14.13,0.941228719,179,0.69
13.89,0.941031335,158,0.62
13.22,0.940636566,140,0.69
13.36,0.940439181,133,0.62
15.38,0.940143104,171,0.21
17.02,0.939847027,52,0.21
18.87,0.939748335,41,0.76
21.01,0.939353565,15,1.1
22.86,0.939254873,341,1.24
24,0.939057488,323,1.86
23.67,0.939156181,311,2.69
23.07,0.938860104,312,2.83
22.88,0.938860104,308,2.55
22.29,0.938564027,327,2.55
21.42,0.938564027,323,2.55
20.4,0.939057488,313,2
18.87,0.939748335,298,2.55
17.67,0.940735258,296,2.62
16.45,0.941623489,291,2.34
15.45,0.942709104,279,1.72
15.08,0.94251172,304,0.83
14.93,0.942215643,346,0.62
14.86,0.941919566,342,0.97
14.49,0.941524796,328,1.24
14.08,0.941722181,312,1.24
13.74,0.941919566,304,1.17
13.5,0.94251172,300,1.1
13.34,0.943103874,298,0.97
13.41,0.944189489,292,1.45
13.48,0.944584259,284,1.38
14.37,0.944682951,287,1.86
15.33,0.944979028,303,2.21
16.54,0.945176413,308,2.41
17.38,0.945176413,308,2.48
18.42,0.944880336,310,2.34
18.77,0.944682951,329,2.28
19.72,0.944485566,321,2.34
19.74,0.944386874,333,2.21
19.39,0.944386874,346,1.93
18.6,0.944584259,358,1.52
17.37,0.944584259,350,1.31
15.86,0.944979028,328,0.76
15.79,0.945571182,249,0.21
13.9,0.945669874,163,0.9
12.23,0.945768566,162,1.45
11.56,0.945275105,165,1.31
11.4,0.944979028,162,1.1
11,0.944386874,157,1.03
10.18,0.944090797,160,1.24
10.36,0.943696028,161,1.1
10.35,0.943597335,156,0.97
9.95,0.943696028,155,1.03
12.77,0.943893412,154,0.55
16.45,0.94379472,55,0.55
18.66,0.943696028,29,1.24
20.45,0.94379472,24,1.66
22.04,0.943399951,21,1.72
23.48,0.943103874,17,1.86
24.62,0.942709104,14,1.86
25.42,0.942215643,14,1.72
25.92,0.94211695,17,1.31
25.94,0.941820873,4,1.38
25.45,0.941919566,347,1.24
24.12,0.941919566,322,1.03
22.49,0.941820873,296,1.52
20.44,0.942314335,270,1.03
20.27,0.943005181,212,0.83
18.59,0.943005181,180,0.97
16.62,0.943103874,158,1.1
15.73,0.942610412,138,1.03
14.91,0.94211695,142,1.03
14.02,0.941524796,150,1.1
13.22,0.941426104,155,1.17
12.84,0.941426104,158,1.17
12.42,0.941426104,158,1.17
12.14,0.941919566,158,1.24
15.33,0.942709104,157,0.83
19.91,0.942807797,101,0.76
22.73,0.942906489,70,1.38
24.81,0.942807797,66,2
26.58,0.942709104,60,2.34
27.94,0.942314335,54,2.62
28.83,0.941919566,53,2.9
29.28,0.941426104,54,3.03
29.2,0.941426104,67,2.28
28.91,0.941524796,90,1.38
28.05,0.941820873,86,1.1
26.79,0.941919566,80,1.17
25.03,0.941820873,80,2.48
23.14,0.942413027,90,2.41
21.28,0.943202566,110,1.79
19.29,0.943597335,124,1.45
18.05,0.94379472,131,1.45
17.05,0.94379472,139,1.38
16.53,0.943597335,148,1.31
16,0.943103874,152,1.45
15.51,0.943103874,157,1.45
15.11,0.943005181,156,1.45
14.74,0.943103874,152,1.45
14.97,0.943399951,146,1.38
17.15,0.944386874,132,1.17
20.22,0.944880336,105,0.97
22.39,0.94507772,86,1.52
23.51,0.945176413,74,2.14
25.71,0.944979028,71,2.97
26.21,0.944584259,69,3.38
26.88,0.944189489,66,3.66
27.27,0.94379472,59,3.52
26.42,0.94379472,58,3.31
25.98,0.94379472,74,2.69
24.2,0.944682951,111,2.41
22.08,0.94547249,122,3.03
21.29,0.945275105,168,3.38
20.68,0.945275105,158,3.03
20.2,0.945571182,150,2.76
19.65,0.945571182,142,2.34
19.01,0.945373797,138,2.07
18.37,0.944979028,131,1.86
17.77,0.944584259,128,1.79
17.21,0.943992105,131,1.79
16.74,0.943696028,134,1.72
15.84,0.943399951,137,1.66
15.24,0.943103874,141,1.59
15.01,0.943399951,143,1.59
17.64,0.943992105,133,1.31
20.64,0.94379472,111,1.38
23.38,0.943498643,92,2
25.64,0.943202566,93,2.62
27.57,0.942610412,103,2.48
29.12,0.942215643,108,1.93
30.01,0.941327412,76,1.52
29.56,0.941327412,59,1.59
26.83,0.942018258,137,2.14
25.71,0.941623489,149,3.1
24.13,0.942215643,180,2.83
21.94,0.943202566,220,2.76
21.28,0.942610412,162,2.48
20.25,0.942906489,169,2.41
19.87,0.943893412,179,2.41
19.69,0.944189489,177,2.48
19.54,0.943992105,173,2.34
19.09,0.943498643,175,2.21
18.7,0.942709104,176,2.07
18.08,0.942018258,171,1.93
17.43,0.941820873,164,1.79
16.82,0.941623489,162,1.86
16.41,0.941623489,165,2
16.23,0.941820873,169,1.93
17.56,0.942314335,178,1.17
21.1,0.942314335,168,0.48
23.55,0.94251172,61,0.48
25.31,0.942413027,48,0.97
26.69,0.942215643,33,1.24
27.61,0.941722181,25,1.52
27.47,0.941524796,21,1.52
28.2,0.940636566,14,1.72
27.9,0.940439181,359,1.31
27.75,0.940044412,315,0.76
26.95,0.939945719,324,0.83
26.14,0.940044412,314,0.69
23.92,0.940636566,176,0.9
21.9,0.940932642,185,1.59
20.59,0.942018258,177,1.66
19.38,0.942215643,172,1.66
18.44,0.942018258,171,1.72
17.63,0.941623489,171,1.79
16.87,0.941327412,171,1.66
16.33,0.941130027,165,1.52
15.93,0.941031335,159,1.45
15.4,0.94083395,161,1.45
15.02,0.940932642,162,1.45
15.12,0.941327412,159,1.38
17.92,0.941426104,148,1.17
20.9,0.941919566,125,1.03
23.94,0.941919566,103,1.17
26.39,0.941820873,91,1.38
28.31,0.941623489,83,1.31
29.43,0.941327412,52,1.17
30.04,0.940932642,22,1.31
30.15,0.940439181,6,1.45
28.78,0.940537873,317,0.62
28.51,0.940932642,289,1.1
27.38,0.941031335,288,1.17
26.34,0.941426104,278,0.97
24.71,0.941919566,261,1.52
23.06,0.942709104,212,1.72
21.6,0.943301258,180,2.14
19.79,0.943696028,174,2
18.67,0.94379472,176,2.14
17.89,0.943597335,174,2.21
17.2,0.943202566,172,2.21
16.57,0.942906489,171,2.21
16,0.942807797,171,2.21
15.38,0.942709104,169,2.07
14.75,0.942807797,169,2
14.45,0.943103874,170,1.86
17.38,0.943992105,173,1.17
22.57,0.944090797,151,0.62
25.32,0.944288182,87,0.69
27.2,0.944288182,58,1.1
28.68,0.943992105,42,1.31
29.7,0.94379472,23,1.52
30.27,0.943103874,8,1.79
30.5,0.942807797,358,1.86
30.48,0.942314335,356,1.59
30.05,0.94211695,12,1.45
29.42,0.942215643,12,0.97
27.69,0.942413027,40,0.21
27.75,0.941919566,189,0.48
23.62,0.942215643,181,1.93
21.04,0.943103874,182,2.28
19.26,0.943202566,176,2.14
18.43,0.943202566,175,2.14
17.57,0.943301258,174,2.14
16.86,0.942906489,171,2
16.17,0.942709104,167,1.93
15.58,0.94251172,165,1.79
15.03,0.94251172,164,1.72
14.67,0.942807797,162,1.66
14.76,0.943301258,157,1.52
18.11,0.943992105,171,0.9
22.56,0.943992105,113,0.28
24.82,0.944584259,27,0.76
26.33,0.944682951,32,1.03
27.9,0.944781643,35,1.24
28.87,0.944485566,27,1.52
29.4,0.943992105,20,1.79
29.69,0.943696028,33,1.59
29.15,0.943696028,46,0.62
28.97,0.943597335,73,0.14
28.44,0.943696028,39,0.14
25.95,0.944090797,164,0.41
25.79,0.943893412,96,1.59
24.1,0.944288182,99,2
22.69,0.944880336,105,2
21.77,0.945571182,120,0.9
21.05,0.945768566,125,0.07
20.04,0.946163336,236,0.14
19.42,0.945965951,203,0.21
18.61,0.945669874,148,0.55
17.02,0.945571182,141,0.9
16.17,0.945275105,140,0.9
15.5,0.945571182,142,1.03
15.42,0.945965951,139,1.03
19.1,0.945768566,120,1.38
22.02,0.945669874,90,1.31
24.41,0.945768566,62,1.86
26.18,0.946163336,46,2
27.3,0.945867259,39,2.21
27.7,0.945965951,30,1.52
27.11,0.946558105,268,2
26.73,0.94636072,277,2.48
26.97,0.945965951,308,1.86
26.55,0.94636072,270,1.59
25.94,0.946459413,261,1.66
24.79,0.946952874,260,2
22.27,0.948137182,266,1.03
21.35,0.948235875,204,1.24
19.68,0.948729336,194,1.79
18.98,0.949025413,179,1.52
18.49,0.948433259,142,1.52
18.14,0.947643721,122,1.72
17.92,0.946656797,128,1.93
17.82,0.945373797,129,1.93
17.61,0.944781643,135,1.31
16.97,0.944682951,158,0.76
16.96,0.944880336,184,0.76
16.89,0.945275105,168,1.03
18.49,0.945176413,154,0.76
19.84,0.945669874,136,0.9
22.13,0.94547249,121,0.55
23.58,0.945373797,52,0.55
24.35,0.944781643,48,1.45
25.36,0.944288182,24,1.45
24.95,0.94379472,3,2.07
25.35,0.943301258,13,1.86
25.69,0.94251172,50,1.59
25.56,0.94251172,110,1.59
24.73,0.94211695,132,1.52
24.11,0.942018258,135,1.1
23.85,0.941426104,118,1.52
22.06,0.941919566,160,1.59
20.9,0.94211695,138,1.52
19.82,0.94211695,151,1.38
19.01,0.942215643,200,1.52
18.22,0.941919566,221,1.03
18.37,0.941130027,207,0.76
17.43,0.940340489,209,1.03
17.23,0.940143104,237,1.03
16.84,0.939847027,256,1.24
16.65,0.940044412,237,1.45
16.53,0.940439181,237,1.17
17.22,0.940932642,230,0.83
17.73,0.940932642,178,0.28
17.8,0.941130027,85,0.21
18.24,0.940932642,26,0.76
19.29,0.940735258,20,1.03
20.51,0.939945719,9,1.38
20.69,0.940044412,329,0.83
21.42,0.939156181,279,1.38
19.69,0.939353565,260,1.93
19.43,0.939353565,264,2
18.25,0.93955095,279,1.86
17.69,0.939847027,284,1.59
16.69,0.940241796,279,1.03
16.6,0.940340489,332,0.55
16.16,0.941031335,18,0.21
16.02,0.941327412,317,0.07
16.05,0.941130027,287,0.41
15.64,0.941228719,294,0.83
15.45,0.940636566,306,0.97
15.28,0.940143104,323,0.83
15.19,0.939945719,333,0.55
14.99,0.939452258,338,0.48
14.68,0.939254873,352,0.62
14.72,0.939452258,2,0.76
15.09,0.940143104,344,1.17
15.5,0.940241796,339,1.1
16.4,0.940439181,333,0.97
17.97,0.940439181,348,0.83
18.55,0.940439181,347,0.69
19.53,0.940439181,324,0.69
20.26,0.939847027,315,1.03
20.64,0.93955095,315,1.17
20.85,0.939156181,317,1.59
20.58,0.938958796,323,1.72
20.57,0.938958796,321,1.59
19.27,0.939254873,307,1.03
18.64,0.939057488,310,1.52
17.4,0.939353565,286,1.66
16.22,0.940241796,256,1.52
15.52,0.940735258,238,1.31
15.05,0.941228719,228,1.17
14.56,0.941327412,224,0.97
14.49,0.941228719,229,0.76
14.26,0.94083395,193,0.41
13.94,0.940735258,157,0.55
13.92,0.940735258,198,0.62
13.84,0.941130027,233,0.55
13.93,0.941524796,205,0.34
14.67,0.942413027,348,0.48
15.34,0.942709104,357,0.76
16.68,0.943103874,4,0.76
16.76,0.943202566,16,0.9
19.02,0.943103874,25,0.97
19.61,0.942906489,37,1.17
20.74,0.942610412,38,1.86
21.35,0.94211695,37,2.28
21.37,0.94211695,29,2.21
21.29,0.942018258,23,2.21
20.93,0.942413027,27,2.07
20,0.943103874,60,2.21
19.41,0.943399951,54,0.76
17.88,0.94379472,96,0.9
16.72,0.944386874,102,1.66
15.89,0.944979028,101,2
14.91,0.945176413,100,2.07
13.96,0.945176413,101,1.86
12.97,0.944880336,105,1.59
12.14,0.944485566,107,1.31
11.86,0.944386874,114,1.17
11.55,0.944090797,123,1.17
11.12,0.944090797,129,1.1
11.18,0.944485566,128,1.1
14.37,0.94507772,117,0.97
17.36,0.94507772,85,1.52
19.33,0.945373797,74,2.41
20.8,0.94547249,70,2.97
21.95,0.94547249,65,3.31
22.79,0.94547249,63,3.45
23.37,0.945176413,61,3.52
23.69,0.944682951,60,3.52
23.7,0.944189489,60,3.45
23.41,0.943992105,63,3.31
22.72,0.943893412,67,3.03
21.53,0.943992105,74,2.41
19.98,0.944189489,80,2.14
18.35,0.944781643,98,2.28
17.06,0.94547249,108,2.28
15.86,0.945965951,112,2.14
14.63,0.946064643,114,2
13.34,0.945867259,116,1.79
12.18,0.945275105,118,1.66
11.34,0.944781643,121,1.59
10.67,0.944386874,126,1.59
10.13,0.944189489,131,1.66
9.61,0.944288182,135,1.66
9.77,0.944682951,138,1.66
14.01,0.945176413,124,1.38
17.83,0.94547249,92,1.66
20.38,0.945373797,76,2.62
22.39,0.945373797,73,3.52
23.85,0.945275105,71,4.14
24.9,0.94507772,69,4.55
25.51,0.944682951,67,4.83
25.67,0.944090797,65,4.9
25.46,0.943893412,65,4.9
24.82,0.94379472,65,4.62
23.8,0.94379472,65,3.93
22.21,0.943992105,69,3.52
20.42,0.944288182,77,3.52
18.94,0.944880336,85,3.17
17.77,0.945373797,96,2.83
16.68,0.945669874,105,2.48
15.73,0.945867259,111,2.28
14.78,0.945867259,115,2.07
13.84,0.945176413,119,2
13.01,0.944880336,124,1.86
12.26,0.944485566,128,1.79
11.7,0.944386874,128,1.72
11.31,0.944584259,128,1.79
11.56,0.944880336,130,1.72
15.77,0.945275105,116,1.52
19.34,0.945373797,96,2.07
21.96,0.945373797,83,2.76
24.01,0.94507772,77,3.1
25.76,0.944979028,72,3.31
26.94,0.944584259,65,3.31
27.77,0.944189489,59,3.38
28.05,0.943893412,56,3.45
27.84,0.94379472,58,3.38
27.56,0.943893412,71,2.9
26.85,0.944288182,91,2
25.55,0.944386874,79,1.66
23.85,0.944090797,94,2.07
21.58,0.944584259,114,1.66
19.51,0.945373797,117,1.38
18.2,0.945768566,120,1.31
17.3,0.946262028,129,1.31
16.32,0.94636072,139,1.31
15.54,0.945965951,145,1.38
14.78,0.945867259,148,1.45
14.11,0.945669874,152,1.59
13.67,0.945571182,155,1.72
13.36,0.94547249,156,1.79
13.66,0.945768566,157,1.72
17.61,0.946558105,151,1.31
21.29,0.946656797,118,1.03
23.96,0.946459413,82,1.38
25.87,0.94636072,66,2
27.4,0.946163336,57,2.34
28.55,0.945965951,51,2.62
29.28,0.945571182,49,2.62
29.67,0.944979028,50,2.48
29.7,0.944682951,56,2.34
29.42,0.944485566,57,2.55
28.64,0.944584259,63,2.21
27.19,0.945176413,68,1.38
25.35,0.945176413,78,1.86
23.13,0.945768566,95,1.86
21.54,0.946459413,109,1.86
20.01,0.947150259,123,1.72
18.55,0.947051567,133,1.31
17.84,0.946854182,142,1.17
17.23,0.94636072,153,1.31
16.34,0.945965951,157,1.52
15.97,0.945768566,158,1.59
15.53,0.945669874,159,1.66
15.03,0.945669874,159,1.72
15.25,0.946163336,159,1.59
18.87,0.946459413,152,1.24
22.65,0.946558105,113,0.76
25.25,0.94675549,62,0.9
26.95,0.94675549,34,1.17
27.74,0.947051567,340,1.03
27.3,0.947446336,257,1.52
27.25,0.947150259,244,2.76
27.5,0.946952874,254,2.21
27.54,0.94675549,252,1.72
27.49,0.94675549,238,1.59
26.27,0.947051567,225,0.97
24.94,0.947545028,221,1.03
24.08,0.947248951,280,0.14
21.95,0.947545028,206,0.97
21.28,0.948137182,180,1.79
20.02,0.948137182,171,1.59
19.06,0.94803849,171,1.72
18.18,0.947742413,178,1.79
17.65,0.947248951,181,1.93
17.48,0.946854182,181,1.93
17.17,0.946854182,193,2
17.29,0.946459413,196,1.93
17.33,0.947150259,217,2.07
17.07,0.947643721,194,1.38
19.17,0.947545028,230,1.24
20.42,0.948334567,246,1.17
21.11,0.948334567,261,1.24
21.74,0.948531952,252,0.97
22.55,0.948235875,226,0.41
23.98,0.947939798,218,0.21
25.11,0.947150259,225,0.55
25.62,0.946459413,247,1.45
25.69,0.94636072,244,2.21
24.82,0.94636072,235,1.86
23.91,0.946558105,239,1.31
22.89,0.946952874,251,1.45
20.64,0.947939798,276,0.83
19.82,0.948334567,298,0.62
18.97,0.948729336,254,0.41
18.72,0.94932149,158,0.48
18.04,0.948828029,143,0.83
17.38,0.947742413,126,1.03
16.89,0.946064643,113,1.45
16.79,0.945176413,133,1.59
16.29,0.944386874,144,1.52
16.3,0.944189489,150,1.52
16.44,0.944386874,159,1.72
16.64,0.945275105,157,1.86
17.69,0.944979028,120,2.62
19.88,0.944485566,116,2.21
22.61,0.944584259,118,2.48
24.87,0.944288182,124,2.55
26.01,0.944090797,128,2.76
27.82,0.943696028,135,1.93
28.54,0.943103874,56,0.9
28.56,0.942906489,19,1.86
25.03,0.943399951,359,1.52
24.42,0.943597335,24,1.24
23.83,0.94379472,43,0.76
22.82,0.943992105,106,1.24
21.03,0.944288182,137,2.41
20.12,0.943696028,122,2.14
19.27,0.943893412,131,2.14
18.93,0.94379472,128,2.55
18.83,0.943005181,126,2.55
18.48,0.94211695,128,2.21
18.13,0.941524796,133,1.93
17.62,0.941130027,140,1.93
17.38,0.940932642,150,1.86
16.75,0.941130027,182,1.66
16.89,0.941820873,215,1.86
16.87,0.942413027,221,1.66
18.63,0.943005181,235,0.97
20.44,0.943301258,282,0.9
22.04,0.943301258,330,1.1
23.08,0.943202566,360,1.1
24.47,0.94251172,13,1.38
26.1,0.94211695,353,1.59
26.84,0.941820873,336,1.93
26.75,0.941524796,314,1.93
26.35,0.94211695,290,1.72
26.6,0.941228719,342,1.72
25.93,0.941722181,310,2.14
24.64,0.941820873,318,1.03
23.51,0.941820873,314,1.66
22.25,0.942215643,301,1.79
20.99,0.943103874,288,1.66
19.9,0.943301258,304,1.45
18.77,0.943597335,308,1.66
17.74,0.943498643,297,1.1
17.18,0.943103874,263,1.03
17.23,0.942709104,239,0.9
17.2,0.942906489,275,1.45
16.82,0.943301258,291,1.24
16.67,0.94379472,299,0.76
16.88,0.943992105,19,0.21
17.65,0.944682951,296,0.76
18.84,0.944880336,337,0.69
20.12,0.944880336,359,1.1
21.45,0.944584259,1,1.59
22.6,0.944288182,356,1.72
23.5,0.944288182,344,2.28
23.6,0.943597335,336,2
24.72,0.943498643,317,1.52
25.12,0.943005181,324,1.59
25.17,0.942906489,336,1.52
24.9,0.942807797,327,1.59
24.4,0.942314335,331,1.66
23.18,0.94251172,323,1.93
21.86,0.942906489,310,1.93
20.51,0.943597335,299,1.79
19.32,0.944386874,289,1.79
18.52,0.944386874,276,1.59
17.88,0.944485566,277,1.66
17.37,0.944090797,284,1.38
17.13,0.943893412,293,1.17
16.95,0.943992105,298,0.97
16.74,0.94379472,302,0.9
16.58,0.943893412,304,0.9
16.44,0.944386874,308,0.9
16.38,0.945275105,317,0.83
16.57,0.945571182,318,0.97
16.76,0.945965951,323,1.24
17.62,0.946064643,327,1.59
18.33,0.946064643,330,1.79
19.39,0.946163336,331,1.93
20.58,0.945571182,327,2.21
21.19,0.945176413,325,2.34
21.8,0.94507772,320,2.48
22.2,0.944781643,316,2.62
21.68,0.944880336,323,2.41
20.98,0.944979028,330,2.07
19.98,0.945275105,324,1.86
18.63,0.945571182,310,1.72
17.89,0.946459413,302,1.72
17.33,0.947051567,299,1.72
16.95,0.947248951,296,1.59
16.53,0.946952874,296,1.38
16.3,0.94675549,294,1.1
16.04,0.94636072,292,0.83
15.73,0.945965951,299,0.55
15.44,0.945571182,315,0.48
14.88,0.945571182,331,0.55
14.79,0.945965951,333,0.62
15.83,0.946459413,337,1.03
16.61,0.94675549,347,1.31
18.12,0.94675549,336,1.52
19.58,0.946558105,323,1.79
20.92,0.946459413,318,2
21.47,0.94636072,319,2
22.53,0.945965951,318,2.14
23.38,0.945571182,319,2.21
23.69,0.945176413,326,2.41
21.31,0.94507772,327,2.02
21.04,0.94507772,329,1.89
20.78,0.945275105,334,1.76
20.52,0.94547249,330,1.62
20.26,0.946064643,311,1.49
20,0.94675549,276,1.36
19.74,0.947248951,227,1.23
19.47,0.947150259,193,1.09
19.21,0.945768566,312,0.96
18.95,0.945669874,32,0.83
18.69,0.945373797,63,0.69
18.43,0.94507772,58,0.56
18.17,0.944880336,85,0.43
17.9,0.944781643,127,0.3
17.64,0.944979028,136,0.16
17.38,0.945275105,97,0.03
22.27,0.944979028,31,0.76
24.45,0.944781643,6,1.52
26.26,0.944781643,353,2.14
27.73,0.944682951,341,2.55
29.03,0.944682951,326,2.76
30.06,0.944090797,331,2.76
30.6,0.943696028,324,2.9
30.75,0.943498643,329,2.9
30.35,0.943301258,324,3.24
29.56,0.943301258,331,3.1
27.98,0.943202566,333,2.9
26.57,0.943399951,335,2.21
24.57,0.943696028,314,2.48
22.96,0.944386874,293,2.48
21.56,0.944682951,276,2.14
20.51,0.944880336,267,1.66
19.47,0.944781643,278,1.17
18.37,0.944485566,294,1.17
17.68,0.944584259,294,0.9
17.29,0.944386874,280,0.76
17.06,0.944485566,273,0.69
17.16,0.944682951,264,0.34
17.18,0.944682951,337,0
18.12,0.945373797,299,1.1
19.69,0.945275105,302,1.52
22.14,0.94547249,309,1.93
24.09,0.944880336,318,1.86
25.23,0.944386874,317,2
25.72,0.94379472,330,2.48
26,0.943202566,328,2.48
26.31,0.942807797,324,2.34
26.23,0.942610412,334,2
25.15,0.94211695,344,2.21
24.24,0.94211695,330,2.62
23.51,0.942413027,315,3.31
21.98,0.943103874,324,2.41
20.79,0.94379472,312,2.21
19.94,0.944386874,303,2.07
19.22,0.944880336,301,1.72
18.84,0.94507772,298,1.31
18.64,0.944880336,287,0.9
18.32,0.944485566,282,0.69
17.84,0.944485566,297,0.48
17.44,0.944090797,327,0.55
17.29,0.944288182,344,0.69
16.92,0.944288182,337,0.83
17.09,0.944682951,334,0.69
17.79,0.944584259,292,0.34
19.23,0.944584259,353,0.48
21.03,0.944880336,353,0.97
22.7,0.944682951,344,1.52
24.32,0.944485566,338,2.07
25.24,0.943893412,335,2.41
26.53,0.94379472,325,2.55
27.53,0.943202566,318,2.48
27.85,0.943103874,318,2.48
27.28,0.943005181,320,2.83
26.74,0.943103874,320,3.31
25.35,0.943202566,319,3.52
23.57,0.943696028,326,2.69
21.93,0.944189489,313,2.48
20.68,0.944979028,299,2.28
19.51,0.94547249,290,2.28
18.54,0.945768566,288,2.07
17.71,0.945965951,291,1.66
17.12,0.945867259,300,1.38
16.54,0.945768566,305,1.1
16.12,0.945669874,307,0.97
15.72,0.945768566,302,0.97
15.37,0.945867259,296,0.97
15.34,0.946262028,285,0.69
16.58,0.946656797,295,1.24
18.21,0.946952874,310,1.03
19.81,0.94675549,324,0.83
22.05,0.946656797,328,1.17
23.61,0.946459413,328,1.72
25.3,0.946064643,325,2.34
26.13,0.945669874,328,2.97
27.22,0.945373797,327,3.31
27.41,0.945275105,328,3.24
27.04,0.945571182,334,3.1
26.1,0.945867259,329,3.03
25.04,0.945965951,329,2.97
23.9,0.946064643,323,2.48
22.14,0.947051567,307,2.48
20.63,0.947939798,295,2.55
19.43,0.948630644,283,2.07
18.49,0.948828029,279,1.31
17.58,0.948828029,300,0.97
16.61,0.948729336,311,0.9
16.16,0.948531952,298,0.62
16.04,0.948334567,304,0.48
15.59,0.94803849,320,0.55
15.14,0.948137182,316,0.55
15.19,0.948433259,310,0.34
17.19,0.948433259,331,0.83
19.28,0.948828029,341,1.1
21.5,0.948334567,350,1.31
23.84,0.948137182,0,1.72
25.92,0.947545028,5,2.14
27.63,0.947051567,354,2.21
29.11,0.946656797,339,2.41
29.98,0.946262028,324,2.69
30.23,0.945867259,322,2.41
30.41,0.945768566,317,2.14
29.84,0.945768566,317,2.21
29.13,0.945768566,309,2.76
26.83,0.94636072,306,2.48
24.68,0.947150259,296,2.14
23.14,0.947643721,276,1.66
21.82,0.948137182,256,1.24
20.96,0.948137182,222,0.69
19.84,0.947939798,259,0.9
18.64,0.947545028,271,0.97
18.07,0.947347644,281,0.9
17.38,0.947051567,273,0.9
17.24,0.946952874,261,0.76
17.18,0.946952874,254,0.55
17.08,0.947347644,234,0.48
18.9,0.947939798,341,0.48
21.25,0.94803849,0,0.76
23.86,0.947643721,3,0.97
26.52,0.947446336,355,1.45
28.71,0.946952874,345,2.07
30.34,0.946854182,335,2.34
31.68,0.946163336,333,2.83
32.51,0.945768566,325,2.83
32.8,0.94547249,320,2.69
32.8,0.945373797,313,2.55
32.43,0.945275105,310,2.48
31.25,0.94547249,313,2.55
29.01,0.945965951,305,2.14
27.01,0.946656797,293,2.07
25.37,0.947446336,276,1.79
24,0.947841105,262,1.72
22.76,0.948137182,241,1.24
21.85,0.948137182,224,0.83
21.79,0.947742413,240,0.55
21.18,0.947446336,263,0.41
20.52,0.947150259,264,0.55
19.66,0.947150259,240,0.76
18.71,0.947150259,208,0.83
18.66,0.947446336,202,0.55
21.04,0.947939798,67,0.21
23.75,0.947742413,20,0.76
26.11,0.947545028,341,1.45
27.97,0.947347644,334,2.21
29.52,0.947051567,334,2.48
30.96,0.946459413,329,2.48
32.39,0.945965951,324,2.76
33.23,0.945373797,319,3.17
33.49,0.945176413,312,3.24
33.14,0.944880336,310,3.31
32.28,0.945176413,305,3.31
30.94,0.945373797,308,3.1
28.93,0.945373797,312,2.83
26.62,0.946163336,298,2.69
24.83,0.947051567,283,2.28
23.38,0.947545028,276,2
22.27,0.947643721,274,1.59
21.22,0.947742413,275,1.31
20.17,0.947446336,266,1.1
19.36,0.947150259,262,0.83
18.67,0.94675549,292,0.83
17.99,0.946656797,303,1.03
17.52,0.946854182,293,0.9
17.95,0.947248951,284,0.62
19.88,0.948137182,261,0.76
22.29,0.948235875,306,0.9
24.56,0.948137182,326,1.24
26.87,0.947841105,332,1.45
29.1,0.947248951,332,2
30.7,0.94675549,330,2.62
31.71,0.946262028,327,2.9
32.36,0.945768566,324,2.97
32.52,0.945275105,321,3.03
32.25,0.944979028,319,3.17
31.42,0.944880336,316,3.38
29.96,0.945373797,312,3.17
28,0.946163336,308,2.41
25.94,0.946854182,292,2.14
24.3,0.947051567,275,2
22.81,0.947545028,266,1.79
21.48,0.947545028,263,1.59
20.29,0.947248951,245,1.31
19.22,0.946854182,217,1.1
18.75,0.946262028,223,0.76
18.25,0.945768566,244,0.62
17.98,0.94547249,238,0.48
17.83,0.945571182,193,0.48
17.99,0.945867259,173,0.34
20.82,0.945669874,36,0.21
23.98,0.945571182,34,0.76
26.59,0.94507772,23,1.17
29.02,0.944682951,13,1.66
31.2,0.944090797,6,2
32.94,0.943301258,360,2.34
34.34,0.942709104,355,2.55
35.28,0.94211695,348,2.76
35.76,0.941820873,338,2.62
35.77,0.941722181,326,2.55
35.27,0.941623489,321,2.48
34.27,0.941919566,317,2.41
32.29,0.942018258,308,2
30.36,0.942906489,283,2.07
28.59,0.943498643,266,1.66
26.99,0.944189489,257,1.45
25.58,0.943992105,263,1.24
24.11,0.943893412,264,1.1
22.92,0.943597335,262,1.17
21.84,0.943301258,251,1.1
20.82,0.943103874,237,0.97
20.28,0.943005181,227,0.9
20.13,0.942906489,215,0.62
20.54,0.943005181,193,0.41
23.64,0.943399951,239,0.07
28.14,0.943399951,42,1.1
31.18,0.943301258,49,1.93
33.87,0.942807797,47,2.21
36.27,0.942413027,38,2.55
38.1,0.941820873,34,2.9
39.34,0.941130027,32,3.1
39.84,0.940932642,38,2.55
39.88,0.940735258,54,2.34
39.67,0.940636566,58,2
38.78,0.940636566,78,1.59
37.33,0.940735258,92,1.59
35.21,0.941524796,146,2.41
33.44,0.941919566,140,2.55
32.27,0.94251172,140,2.34
30.65,0.942709104,138,1.45
28.7,0.942807797,145,1.1
27.08,0.942610412,148,1.1
25.22,0.942314335,151,1.31
24.14,0.94211695,159,1.31
23.58,0.942018258,171,1.1
22.92,0.94211695,175,1.03
22.17,0.942215643,164,0.97
21.97,0.942709104,156,0.97
25,0.943202566,133,0.97
30.73,0.943103874,91,1.31
34.59,0.942807797,77,2.14
37.8,0.942807797,69,2.69
40.16,0.942215643,63,3.1
41.71,0.941623489,56,3.38
42.43,0.94083395,48,3.72
41.57,0.941031335,55,3.17
40.61,0.941524796,76,2
39.72,0.94211695,195,1.59
38.08,0.942709104,209,3.17
36.64,0.943202566,208,3.24
32.33,0.944584259,187,3.1
31.9,0.945176413,189,3.59
31.38,0.945571182,180,3.38
30.77,0.945867259,168,3.52
30.22,0.945867259,168,3.31
29.32,0.945176413,170,2.48
28.36,0.944682951,168,2.07
27.73,0.944682951,159,1.93
26.81,0.944485566,154,2.14
26.14,0.943992105,147,2.34
25.65,0.943498643,151,2.14
25.83,0.94379472,162,2
27.53,0.944584259,145,1.45
31.2,0.944781643,123,1.31
34.6,0.944485566,101,1.72
37.25,0.944584259,101,1.93
39.44,0.943992105,71,1.66
40.91,0.943498643,40,2.07
40.49,0.943399951,18,1.86
40.25,0.943202566,33,1.24
39.84,0.942906489,69,1.17
39.57,0.943103874,84,0.97
39.47,0.943202566,131,1.03
38.41,0.943301258,158,0.97
36.17,0.943399951,208,0.97
33.52,0.943893412,209,1.59
31.23,0.944584259,229,1.66
29.05,0.945275105,232,1.66
27.24,0.945275105,222,1.52
26.2,0.945275105,219,1.52
25.26,0.944979028,227,1.38
24.56,0.944880336,221,1.24
24.11,0.944584259,202,1.24
23.74,0.944485566,180,1.31
23.32,0.944386874,163,1.52
23.38,0.944386874,158,1.52
25.75,0.944880336,147,1.24
28.26,0.944781643,125,1.03
31.57,0.944682951,96,1.38
34.43,0.944584259,86,2
36.3,0.944189489,86,2.21
37.97,0.943696028,70,2.34
38.11,0.942906489,54,2.48
38.97,0.942215643,56,2.9
39.54,0.941623489,64,3.24
39.07,0.941426104,76,2.55
37.81,0.941722181,125,1.45
37.54,0.94211695,155,0.62
34.95,0.94251172,319,0.76
33.56,0.943005181,192,1.86
31.02,0.943597335,203,1.66
29.24,0.944189489,227,1.59
27.14,0.944386874,248,1.52
25.33,0.944485566,260,1.31
24.25,0.944386874,256,1.03
23.46,0.944189489,236,0.9
22.66,0.944189489,214,0.9
22.13,0.94379472,197,0.76
22,0.94379472,168,0.62
22.1,0.943893412,154,0.69
25.91,0.944189489,132,0.83
30.51,0.943992105,91,1.1
33.87,0.943696028,75,1.52
36.55,0.943399951,58,1.86
38.63,0.942906489,46,2.14
40.08,0.94251172,37,2.48
40.86,0.941722181,29,2.76
40.98,0.941031335,21,2.83
40.38,0.940932642,360,2.14
40.04,0.940932642,325,2.28
38.33,0.941524796,287,3.59
34.66,0.942709104,269,2.55
32.41,0.942807797,257,3.31
30.77,0.94379472,264,1.93
29.62,0.944880336,309,1.17
28.68,0.945275105,219,0.9
27.94,0.945275105,217,0.76
27.52,0.94547249,169,0.48
26.58,0.945669874,129,0.9
26.24,0.945275105,157,1.31
26.21,0.944880336,160,1.79
25.73,0.944386874,140,1.31
25.03,0.943992105,134,1.1
24.96,0.94379472,150,1.45
27.73,0.944090797,151,1.66
32.13,0.943893412,136,2.07
35.53,0.943597335,135,2.69
37.85,0.943103874,140,2.14
39.4,0.942807797,152,1.17
40.56,0.942215643,205,0.34
40.87,0.941623489,322,0.69
40.78,0.941327412,317,1.79
38.17,0.94211695,295,4.34
33.87,0.943597335,312,3.52
34.07,0.943103874,334,3.24
32.54,0.94379472,301,2.69
27.76,0.946064643,279,3.03
26.98,0.94636072,263,2.41
26.07,0.947150259,301,1.86
24.74,0.948137182,320,1.24
24.03,0.947742413,249,0.97
23.54,0.946952874,199,0.55
23.12,0.945965951,114,0.48
22.58,0.945571182,96,0.34
22.35,0.945275105,112,0.48
21.13,0.944880336,135,0.9
20.63,0.944682951,140,1.1
21.12,0.944386874,145,0.9
24.27,0.94507772,285,0.07
27.59,0.944584259,346,0.76
30.31,0.944584259,6,1.17
33.05,0.944189489,18,1.52
35.61,0.94379472,22,1.79
37.43,0.943202566,17,1.72
38.56,0.94251172,344,1.93
38.55,0.94211695,328,2.9
37.65,0.941722181,316,4
34.56,0.942413027,300,4.69
32.08,0.942709104,312,3.72
30.59,0.942906489,296,3.59
28.02,0.944386874,280,2.48
26.6,0.945275105,325,1.72
24.88,0.946656797,289,1.86
23.97,0.94675549,262,1.24
23.59,0.946656797,53,0.55
22.84,0.946262028,11,0.69
21.95,0.945867259,306,1.17
20.97,0.945373797,298,1.31
20.21,0.945275105,299,0.76
19.88,0.944781643,267,0.41
19.31,0.944781643,248,0.62
19.46,0.94507772,267,0.62
22.02,0.945571182,294,1.03
24.16,0.945768566,326,1.17
26.76,0.945768566,355,1.03
29.66,0.945373797,9,1.38
32.44,0.945275105,13,1.52
34.78,0.944485566,12,1.72
36.73,0.94379472,358,2.07
37.94,0.943005181,342,2.76
37.41,0.943202566,348,2.62
34.17,0.944189489,347,1.38
33.92,0.943992105,290,0.83
32.79,0.943498643,288,1.1
31.29,0.943992105,287,1.59
29.39,0.944485566,273,1.52
27.81,0.945275105,251,1.52
26,0.945768566,240,1.31
24.36,0.946163336,263,0.9
23.72,0.946163336,304,0.21
22.12,0.94547249,96,0.76
22.13,0.944781643,257,0.34
20.72,0.944682951,274,1.86
20.02,0.944979028,272,1.66
19.51,0.945275105,276,1.24
19.49,0.945768566,295,1.03
21.8,0.945275105,296,1.1
23.86,0.94547249,334,1.31
26,0.94507772,339,1.45
28.16,0.944880336,338,1.79
30.17,0.944682951,331,1.93
32.16,0.944189489,328,2.28
33.59,0.943597335,331,2.48
34.25,0.943202566,315,2.34
34.65,0.942906489,306,1.66
35.13,0.942314335,331,1.93
34.54,0.94211695,326,2.14
33.02,0.942413027,317,2.69
29.84,0.94251172,328,2.07
27.38,0.943103874,308,2.55
25.01,0.944189489,302,2.76
23.16,0.94507772,302,2.28
21.85,0.945176413,310,1.93
20.79,0.945176413,314,1.79
19.84,0.945176413,317,1.59
19.08,0.944584259,333,1.1
18.61,0.944288182,0,0.76
18.27,0.943696028,6,0.48
18.42,0.943103874,2,0.28
18.7,0.943202566,340,0.14
21.28,0.943103874,308,1.03
23.33,0.943005181,328,1.52
25.22,0.942807797,337,1.93
26.79,0.942610412,328,2.34
28.36,0.94251172,324,2.41
29.96,0.942413027,316,2.07
30.81,0.941524796,331,2.34
31.66,0.941130027,334,2.76
31.95,0.94083395,328,2.83
31.33,0.940932642,320,2.48
30.48,0.941031335,313,2.9
28.86,0.941623489,319,2.9
26.56,0.941820873,311,2.83
24.75,0.942215643,310,2.07
23.52,0.942906489,307,1.59
22.67,0.943103874,308,1.38
21.74,0.943498643,320,1.38
20.61,0.943301258,330,1.52
19.62,0.943301258,323,1.38
18.95,0.942906489,315,1.24
18.32,0.94251172,318,0.97
17.95,0.942314335,316,0.9
17.53,0.942215643,304,1.17
17.62,0.942709104,305,1.38
19.99,0.943005181,316,1.52
21.44,0.943301258,322,1.86
23.12,0.943498643,321,1.93
24.98,0.943202566,319,2.41
26.32,0.943498643,320,2.83
27.34,0.943202566,317,2.9
28.3,0.943005181,316,2.62
29.37,0.942709104,313,2.97
29.45,0.94251172,324,2.83
29.22,0.942215643,329,2.97
28.34,0.942709104,318,2.69
27.36,0.942906489,315,2.69
26.01,0.942906489,316,2.9
24.07,0.943498643,298,3.03
22.64,0.944189489,302,1.79
21.74,0.944189489,346,1.24
20.95,0.943696028,350,1.24
20.17,0.943103874,328,1.24
19.33,0.942413027,309,1.24
18.68,0.94211695,300,1.24
18.38,0.942018258,299,1.17
17.84,0.941820873,303,1.17
17.25,0.941919566,306,1.1
17.24,0.942314335,302,1.03
18.63,0.94251172,303,1.79
20.13,0.942906489,311,1.93
21.85,0.943301258,315,1.79
23.65,0.942906489,323,2.41
24.92,0.943301258,320,2.69
26.45,0.943005181,320,2.97
27.19,0.942906489,315,3.1
27.62,0.942413027,315,3.1
28.54,0.942314335,310,3.1
28.33,0.941820873,319,3.1
27.62,0.941820873,315,3.1
26.41,0.942018258,317,3.17
23.38,0.943103874,316,2.76
21.92,0.943696028,311,2.62
20.46,0.944288182,312,2.62
19.16,0.944979028,310,2.48
18.02,0.944979028,308,2.28
17.16,0.944781643,310,2
16.54,0.944682951,313,1.72
16.02,0.944090797,316,1.59
15.63,0.943893412,320,1.52
15.17,0.94379472,319,1.45
14.97,0.943893412,318,1.38
14.97,0.944386874,316,1.24
16.21,0.944880336,305,1.31
17.49,0.94507772,322,1.1
19.45,0.944979028,323,1.45
21.43,0.944584259,328,1.93
23.2,0.944781643,322,2.34
25.11,0.944189489,316,2.76
26.82,0.943696028,301,2.9
27.15,0.942906489,316,3.03
27.79,0.94251172,326,3.03
27.13,0.942215643,329,3.03
26.41,0.94251172,329,2.9
25.3,0.942610412,327,2.83
23.46,0.943498643,327,2.62
21.82,0.943992105,315,2.07
20.5,0.944781643,301,1.93
19.26,0.945176413,298,1.79
18.16,0.945275105,303,1.59
17.17,0.94507772,308,1.38
16.23,0.944781643,312,1.03
15.83,0.944584259,315,0.62
15.66,0.944189489,305,0.21
15.38,0.943992105,212,0.28
15.08,0.943992105,222,0.48
15.26,0.944485566,257,0.41
17.33,0.945373797,309,0.69
19.46,0.945669874,335,1.03
21.62,0.94547249,348,1.38
23.6,0.945373797,347,1.86
25.3,0.945275105,342,2.28
26.66,0.944880336,339,2.62
27.68,0.944682951,334,2.83
28.28,0.944189489,332,3.03
28.55,0.943893412,332,3.1
28.32,0.943992105,327,3.24
27.49,0.943893412,320,3.17
26.52,0.944090797,315,3.03
24.84,0.945275105,320,2.34
22.95,0.945867259,314,2.14
21.38,0.946656797,305,2.28
19.98,0.947248951,297,2.14
19.01,0.947347644,293,1.79
18.16,0.947051567,295,1.52
17.35,0.94675549,302,1.38
16.61,0.946558105,304,1.31
15.93,0.946459413,302,1.24
15.3,0.946459413,293,1.03
15.06,0.946656797,272,0.69
15.37,0.94675549,236,0.48
17.35,0.947248951,304,0.28
19.34,0.947150259,328,1.1
21.14,0.946952874,330,1.72
22.8,0.946558105,332,2.14
24.35,0.946163336,333,2.34
25.75,0.945669874,334,2.55
26.8,0.945176413,332,2.9
27.49,0.944584259,330,3.17
27.76,0.943893412,329,3.17
27.63,0.94379472,323,2.97
27.17,0.943597335,314,2.69
26.35,0.943498643,310,2.76
24.71,0.943301258,310,2.69
22.94,0.944288182,301,2.55
21.29,0.944880336,295,2.55
19.95,0.945669874,289,2.28
18.87,0.945768566,286,1.93
18.06,0.94547249,285,1.66
17.4,0.94507772,281,1.17
16.72,0.944485566,282,0.76
16.18,0.944090797,306,0.69
15.55,0.94379472,319,0.83
15.12,0.943893412,323,1.03
15.24,0.943992105,320,1.03
16.88,0.944189489,339,0.83
18.64,0.943893412,350,1.03
20.68,0.94379472,351,1.45
22.63,0.943202566,347,2.07
24.3,0.942709104,341,2.48
25.77,0.942018258,335,2.69
27.05,0.941426104,327,3.03
28,0.940636566,320,3.24
28.51,0.940340489,313,3.38
28.47,0.940340489,307,3.24
27.92,0.940241796,301,3.24
26.71,0.940044412,301,3.38
24.42,0.940735258,302,3.17
22.22,0.941722181,300,2.97
20.47,0.94251172,297,2.55
19.18,0.943005181,293,2.07
18.21,0.943301258,295,1.72
17.41,0.943202566,300,1.45
16.72,0.942906489,304,1.24
16.14,0.942709104,307,1.03
15.59,0.942314335,310,0.62
15.56,0.942018258,319,0.55
14.97,0.942215643,330,0.69
14.89,0.942314335,328,0.76
16.54,0.943005181,318,1.1
18.17,0.942906489,323,1.1
20.25,0.942807797,328,1.52
22.26,0.94251172,331,1.93
24.1,0.942215643,334,2.28
25.65,0.941722181,332,2.62
26.81,0.941228719,326,2.9
27.66,0.94083395,320,3.1
28.07,0.940636566,317,3.17
27.88,0.940735258,314,3.31
27.04,0.940735258,310,3.38
25.79,0.94083395,307,3.52
23.43,0.941722181,308,3.31
21.21,0.942709104,303,3.03
19.4,0.943893412,300,2.76
18.07,0.944880336,294,2.48
17.08,0.945275105,293,2.14
16.32,0.94547249,295,1.86
15.66,0.94507772,295,1.59
15.15,0.94507772,295,1.24
14.69,0.944880336,287,0.9
14.36,0.944880336,275,0.62
14.25,0.94507772,288,0.62
14.03,0.945275105,301,0.76
15.8,0.945768566,298,0.69
17.59,0.946262028,321,1.79
18.98,0.94636072,326,2.21
20.58,0.946459413,322,1.72
22.81,0.946064643,318,1.66
24.89,0.945867259,323,2.28
26.28,0.94547249,326,2.55
27.24,0.944880336,324,2.69
27.71,0.944682951,322,2.69
27.59,0.944386874,321,2.69
26.99,0.944386874,324,2.69
25.83,0.944682951,324,2.48
24.03,0.94547249,315,2.34
22.04,0.945867259,304,2.14
20.42,0.946656797,302,2.07
19.09,0.947248951,300,1.59
18.05,0.947446336,290,0.69
17.69,0.947051567,246,0.28
17.27,0.94636072,243,0.28
16.59,0.945768566,290,0.34
16.07,0.945571182,336,0.48
15.6,0.94547249,334,0.48
15.31,0.945571182,222,0.28
15.14,0.94547249,188,0.48
17.24,0.945669874,4,0.28
19.86,0.945373797,7,0.76
22.59,0.944880336,6,1.31
25.2,0.944781643,5,1.86
27.45,0.944584259,360,2.28
29.26,0.943992105,349,2.55
30.63,0.943103874,338,2.9
31.56,0.942610412,329,3.31
31.86,0.942314335,319,3.45
31.51,0.94251172,309,3.52
30.69,0.94251172,303,3.45
29.34,0.942906489,300,3.45
27.38,0.943696028,304,2.69
25.25,0.944485566,298,2.34
23.55,0.945176413,288,2
22.23,0.945768566,271,1.79
21.27,0.946163336,264,1.45
20.17,0.945867259,272,1.1
19.17,0.945571182,291,1.03
18.32,0.945275105,311,0.97
18.13,0.94507772,329,0.69
17.99,0.944781643,322,0.48
17.65,0.944781643,282,0.48
17.49,0.944386874,271,0.41
18.85,0.944880336,327,0.69
20.88,0.944682951,339,0.9
23.03,0.944189489,342,1.24
25.15,0.943893412,337,1.66
27.13,0.94379472,331,2.14
28.63,0.943103874,326,2.55
29.74,0.942709104,320,2.97
30.38,0.942018258,315,3.24
30.65,0.941722181,308,3.38
30.32,0.941327412,310,3.24
29.61,0.941031335,308,3.45
28.34,0.941130027,304,3.59
26.08,0.941722181,299,3.03
24.17,0.942413027,290,2.97
22.6,0.943498643,288,2.48
21.36,0.943893412,286,1.93
20.33,0.944189489,288,1.66
19.31,0.943992105,296,1.45
18.41,0.94379472,303,1.31
17.57,0.943301258,306,1.03
16.89,0.943005181,317,0.69
16.65,0.942906489,336,0.62
16.43,0.942807797,333,0.55
16.5,0.942807797,303,0.34
18.15,0.943301258,349,0.21
20.36,0.943103874,342,0.62
22.64,0.942906489,342,1.24
24.69,0.94251172,342,1.72
26.5,0.942215643,338,2.07
28,0.941623489,334,2.41
29.06,0.941228719,329,2.9
29.63,0.940735258,323,3.17
29.75,0.940340489,316,3.17
26.65,0.940340489,305,2.9
26.42,0.940537873,311,2.8
26.19,0.940537873,311,2.71
25.97,0.941426104,307,2.61
25.74,0.942215643,298,2.52
25.52,0.943005181,286,2.42
25.29,0.94379472,274,2.33
25.06,0.943893412,272,2.23
24.84,0.944880336,189,2.14
24.61,0.944682951,190,2.04
24.38,0.944288182,190,1.95
24.16,0.944090797,181,1.85
23.93,0.943893412,176,1.76
23.7,0.944189489,179,1.66
23.48,0.944485566,176,1.57
23.25,0.94507772,173,1.47
29.96,0.94507772,143,0.76
33.18,0.945176413,87,1.03
35.22,0.944979028,67,1.38
36.78,0.944682951,52,1.45
38.02,0.943992105,35,1.59
38.82,0.943103874,12,1.86
38.59,0.942709104,1,1.59
38.6,0.942314335,12,0.83
38,0.941919566,92,0.83
36.3,0.942314335,253,0.97
33.71,0.94379472,258,2.9
32.92,0.943696028,200,0.76
31.43,0.943301258,160,2.41
29.91,0.943893412,172,2.41
28.62,0.944090797,181,2.28
27.24,0.943992105,180,2.34
26.15,0.943893412,174,2.34
25.31,0.943202566,172,2.28
24.54,0.942610412,172,2.28
23.9,0.942018258,172,2.28
23.35,0.941919566,173,2.21
22.84,0.941722181,175,2.21
22.77,0.942018258,175,2.14
25.09,0.942709104,181,1.45
29.6,0.942610412,165,0.83
33.4,0.942610412,110,0.76
36.08,0.942215643,91,1.1
38.04,0.942018258,93,1.03
39.14,0.941524796,94,0.69
39.83,0.940735258,22,0.14
40.12,0.940143104,318,0.55
40.19,0.93955095,308,0.9
39.96,0.939254873,310,1.24
39.15,0.939156181,267,0.83
37.61,0.939254873,183,1.24
36.33,0.938465334,53,0.9
35.21,0.938564027,182,0.21
30.82,0.939353565,236,2.14
28.48,0.939945719,236,2.55
27.15,0.940439181,240,2.62
26.07,0.940537873,247,2.48
24.7,0.940636566,256,2
23.54,0.940537873,270,1.45
22.64,0.940735258,288,1.79
21.91,0.941031335,299,2
20.98,0.941426104,308,1.93
20.79,0.941919566,312,1.59
21.57,0.942709104,308,1.66
22.22,0.943005181,314,1.93
22.94,0.943005181,318,2.34
23.83,0.943005181,315,2.62
24.9,0.943005181,308,2.97
26.46,0.942709104,297,3.1
28.15,0.94211695,298,3.45
28.88,0.941919566,305,3.79
28.92,0.941820873,305,3.79
28.51,0.941919566,305,4
27.44,0.94211695,307,4.21
25.86,0.942413027,306,4
22.95,0.943202566,310,3.72
21.14,0.943992105,305,3.1
19.89,0.94507772,302,2.62
18.89,0.945571182,303,2.21
18.08,0.945768566,304,1.86
17.45,0.945571182,304,1.72
16.91,0.945176413,309,1.52
16.45,0.944682951,315,1.38
15.95,0.944485566,323,1.1
15.57,0.944288182,339,0.83
15.27,0.944189489,359,0.83
15.6,0.944386874,359,0.83
16.99,0.944979028,353,1.1
18.52,0.944979028,348,1.31
20.29,0.94507772,344,1.52
22.12,0.944880336,340,1.72
24.01,0.944781643,338,1.79
25.84,0.944386874,337,1.86
27.38,0.943893412,335,2
28.63,0.943202566,334,2.07
29.37,0.942906489,332,2
29.6,0.942610412,332,2
29.22,0.94251172,332,1.93
28.29,0.942610412,332,1.59
26.71,0.943202566,319,1.31
25.15,0.943498643,283,1.1
23.17,0.944189489,256,1.17
22.01,0.944584259,243,1.03
21.61,0.944880336,236,0.9
21.22,0.944682951,239,0.62
20.58,0.944288182,229,0.55
19.96,0.944090797,210,0.62
19.2,0.943992105,200,0.83
17.48,0.943597335,194,1.03
16.71,0.943597335,191,0.97
17.07,0.943893412,189,0.69
19.36,0.944189489,182,0.14
23.11,0.944386874,22,0.55
25.86,0.944386874,15,1.1
28.34,0.944288182,10,1.52
30.54,0.943992105,4,1.72
32.4,0.94379472,356,1.93
33.9,0.943301258,346,2.07
34.92,0.942807797,336,2.14
35.42,0.942413027,328,2.21
35.4,0.942314335,324,2.07
34.9,0.942018258,321,1.93
33.81,0.942018258,316,1.72
32.01,0.942018258,309,1.79
29.84,0.94251172,284,1.66
27.62,0.943301258,254,1.72
25.59,0.943696028,240,1.72
24.07,0.943893412,227,1.72
22.79,0.943893412,214,1.79
21.18,0.943498643,201,1.59
19.89,0.943005181,196,1.38
19.69,0.942807797,200,1.03
19.91,0.942610412,209,0.83
19.32,0.942807797,208,0.83
19.16,0.943005181,209,0.9
21.61,0.943399951,229,0.62
25.49,0.943202566,309,0.55
27.88,0.943301258,345,0.9
30.02,0.942807797,350,1.24
31.95,0.94251172,345,1.59
33.63,0.942413027,337,1.79
34.98,0.941820873,332,2.14
35.84,0.941130027,325,2.34
36.22,0.940932642,318,2.48
36.09,0.94083395,310,2.69
35.48,0.940735258,305,2.76
34.06,0.940735258,303,2.69
31.8,0.940932642,300,2.69
29.23,0.941623489,287,2.83
27.12,0.942413027,275,2.41
25.59,0.943103874,271,1.93
24.37,0.943103874,278,1.66
23.18,0.942906489,268,1.38
22.04,0.942610412,258,0.97
21.19,0.942215643,268,1.03
20.37,0.941919566,264,0.97
19.93,0.941820873,270,0.9
19.53,0.942018258,270,0.83
19.54,0.942413027,266,0.69
21.31,0.942906489,315,0.62
23.32,0.943005181,329,1.03
25.31,0.943005181,334,1.52
27.22,0.942906489,333,1.79
29.02,0.942807797,330,2.07
30.61,0.942610412,328,2.28
31.8,0.942018258,325,2.41
32.7,0.941327412,323,2.48
33.09,0.941031335,321,2.21
33.18,0.941031335,324,2.28
32.67,0.940932642,325,2.62
31.43,0.94083395,322,2.48
29.04,0.941130027,308,2.76
26.64,0.942018258,296,2.55
24.79,0.942807797,289,2.14
23.44,0.943301258,292,1.59
22.28,0.943498643,294,1.45
21.2,0.943399951,286,1.31
20.2,0.943103874,288,1.03
19.38,0.942610412,312,0.9
19.14,0.942413027,337,0.69
18.94,0.94211695,319,0.41
18.56,0.942413027,248,0.34
18.42,0.942807797,245,0.28
20.11,0.943103874,348,0.41
22.36,0.943202566,359,0.76
24.66,0.943399951,2,1.1
26.66,0.943103874,358,1.52
27.7,0.943005181,14,1.45
29.14,0.942709104,342,0.97
30.3,0.942709104,322,1.24
31.32,0.94211695,314,1.31
30.91,0.94211695,302,1.24
29.79,0.941919566,11,0.55
29.78,0.941820873,14,0.41
29.06,0.941820873,347,0.76
28.51,0.942018258,300,0.97
27.11,0.942215643,304,0.9
25.58,0.943103874,304,2.07
24.14,0.943498643,279,1.38
23.21,0.943597335,253,1.03
23.24,0.943202566,245,0.28
21.98,0.94251172,315,0.69
21.03,0.942314335,282,1.31
20.23,0.942215643,266,1.31
19.64,0.942413027,232,1.1
19.94,0.942709104,221,0.62
19.99,0.943103874,203,0.41
21.19,0.943498643,297,0.21
23.35,0.943498643,345,0.76
25.27,0.943696028,343,1.31
27.08,0.943301258,338,1.38
29.03,0.943597335,329,1.24
30.82,0.942906489,333,1.86
31.73,0.942610412,334,2
32.14,0.942314335,334,1.72
32.6,0.94211695,328,1.59
32.44,0.94211695,323,1.38
32.01,0.942413027,289,1.52
31.27,0.942413027,299,1.24
29.1,0.942413027,313,2.34
27.09,0.942906489,294,2.55
25.51,0.944090797,276,2.07
24.41,0.944584259,257,1.45
23.5,0.944880336,240,1.03
22.89,0.944584259,252,0.48
21.79,0.943992105,339,0.69
20.88,0.943597335,321,1.38
19.93,0.943399951,304,0.9
19.32,0.943301258,279,0.9
19.12,0.943498643,240,0.69
18.9,0.94379472,199,0.62
20.73,0.943893412,233,0.28
22.6,0.943696028,84,0.48
24.69,0.943399951,16,0.76
26.69,0.943103874,339,2
28.2,0.943301258,333,2.14
29.68,0.942906489,332,2.21
30.87,0.942610412,322,1.72
32.08,0.942314335,322,1.52
32.36,0.942018258,324,2.14
32.36,0.941820873,320,1.93
31.97,0.941820873,323,1.59
30.89,0.941623489,328,1.59
27.93,0.942018258,300,2.55
26.15,0.942413027,290,2.07
24.78,0.943103874,292,1.59
23.8,0.943498643,306,1.1
22.85,0.943597335,310,0.83
21.99,0.943202566,326,0.41
21.72,0.942906489,22,0.14
21.21,0.942215643,297,0.34
20.46,0.941919566,283,0.55
19.95,0.941524796,267,0.55
19.04,0.941426104,232,0.69
18.93,0.941524796,215,0.55
20.72,0.941623489,274,0.48
23.05,0.941919566,342,0.9
25.06,0.941623489,350,1.17
27.64,0.941130027,11,1.17
30.4,0.940735258,21,1.1
32.97,0.940044412,359,1.52
34.47,0.939452258,336,2.14
34.32,0.939353565,325,2.14
33.25,0.939254873,289,1.17
33.73,0.939254873,266,1.45
32.64,0.939156181,271,1.31
31.37,0.93955095,296,0.69
29.59,0.939353565,331,1.52
27.32,0.940439181,295,2.9
25.25,0.941820873,288,2.83
24.09,0.942413027,268,1.59
23.9,0.942314335,158,0.55
23.32,0.942018258,128,1.17
22.84,0.94211695,217,0.41
22.33,0.941426104,268,0.28
21.44,0.941130027,260,0.69
20.86,0.941228719,261,1.1
20.66,0.941031335,201,0.62
20.28,0.941426104,244,0.76
22.36,0.941524796,225,0.76
24.36,0.941722181,294,1.1
25.64,0.942413027,308,1.72
27.04,0.94211695,324,2
28.14,0.94251172,330,2
29.83,0.942215643,308,2.07
31.41,0.941919566,301,2.28
32.6,0.94211695,286,2.28
32.52,0.941722181,308,2.07
32.09,0.941919566,311,2.48
31.27,0.942018258,312,2.97
29.6,0.942314335,313,2.9
26.79,0.943103874,314,2.76
25.03,0.943696028,299,2.14
23.74,0.944584259,295,2
22.55,0.94507772,297,1.79
21.48,0.94507772,296,1.52
20.57,0.944979028,301,1.31
19.65,0.944584259,309,1.1
18.68,0.944090797,307,0.9
18.46,0.943893412,294,0.69
18.2,0.943893412,288,0.62
17.84,0.943992105,298,0.62
17.32,0.944189489,312,0.69
18.91,0.944781643,321,0.69
20.68,0.944682951,335,0.9
22.79,0.944781643,336,1.24
24.8,0.944682951,331,1.72
26.54,0.944386874,327,2.21
27.97,0.944189489,323,2.48
29.08,0.94379472,321,2.69
29.9,0.943301258,318,2.76
30.34,0.943202566,315,2.83
30.15,0.942906489,311,2.69
29.65,0.943005181,309,2.62
28.64,0.942906489,309,2.34
26.81,0.943103874,311,2.21
24.92,0.943498643,300,2.07
23.39,0.944386874,288,2
22.1,0.944880336,277,1.66
21.03,0.944979028,260,1.24
20.09,0.944682951,232,0.83
20.07,0.944189489,214,0.62
19.7,0.943696028,219,0.34
19.29,0.943399951,223,0.21
18.83,0.942906489,219,0.21
18.46,0.943103874,217,0.34
18.18,0.943202566,227,0.34
19.23,0.943597335,288,0.21
21.71,0.943597335,3,0.62
23.99,0.94379472,6,1.03
26.04,0.943597335,2,1.45
27.85,0.943301258,353,1.66
29.48,0.942906489,345,1.93
30.81,0.942610412,339,2.14
31.71,0.94211695,336,2.28
32.19,0.941820873,332,2.28
32.24,0.941623489,329,2.21
31.75,0.941524796,327,2.07
30.8,0.941722181,318,1.79
29.1,0.942215643,303,1.24
27.38,0.942215643,263,1.17
25.4,0.942906489,237,1.31
23.78,0.943301258,216,1.31
22.74,0.943301258,205,1.31
22.34,0.943399951,199,1.1
22.54,0.942906489,194,0.69
22.07,0.942413027,171,0.41
21.35,0.942215643,144,0.55
20.33,0.941820873,136,0.69
19.32,0.942018258,139,0.83
19.09,0.94211695,139,0.76
21.22,0.94251172,110,0.48
24.99,0.94251172,62,1.45
27.4,0.942610412,54,2.14
29.51,0.942215643,50,2.48
31.46,0.94211695,47,2.69
33.15,0.941623489,40,2.69
34.44,0.941031335,32,2.69
35.34,0.940636566,24,2.55
35.78,0.940439181,19,2.21
35.94,0.940241796,8,1.59
35.59,0.940241796,0,1.17
34.71,0.940340489,347,1.24
33.09,0.941031335,347,1.17
31.21,0.941228719,310,1.45
29.01,0.94251172,292,1.72
27,0.943202566,274,1.45
25.64,0.943597335,251,0.9
24.91,0.943696028,227,0.55
24.41,0.943202566,225,0.28
23.97,0.942906489,202,0.34
23.47,0.942709104,168,0.48
22.84,0.942413027,171,0.55
22.28,0.942314335,182,0.34
22.04,0.942709104,179,0.41
23.42,0.943005181,193,0.21
26.37,0.943103874,352,0.41
28.62,0.943301258,348,0.97
30.57,0.943202566,343,1.52
32.25,0.943103874,338,2.07
33.68,0.942807797,331,2.41
34.75,0.942314335,314,2.34
35.35,0.942018258,306,2.07
35.85,0.941426104,312,2.41
35.95,0.941327412,305,2.69
35.28,0.94083395,322,2.55
34.02,0.941130027,313,2.55
31.83,0.941426104,311,2.41
29.78,0.941722181,298,2.55
27.95,0.942610412,281,2.34
26.5,0.943103874,269,2.14
25.34,0.943301258,264,1.86
24.36,0.943301258,264,1.52
23.35,0.942807797,271,1.38
22.44,0.942807797,277,1.31
21.71,0.942413027,283,1.1
20.97,0.942413027,290,1.1
20.29,0.94251172,296,1.1
19.98,0.943005181,303,1.1
21.24,0.943399951,311,1.38
22.66,0.94379472,305,1.66
24.29,0.943498643,309,1.86
25.99,0.943498643,310,2.07
27.72,0.943301258,313,2.28
29.25,0.942906489,317,2.62
30.31,0.942314335,315,2.9
31.05,0.941623489,315,3.03
31.35,0.941130027,313,3.1
31.23,0.941031335,310,3.03
30.53,0.940636566,313,3.31
29.16,0.940636566,312,3.17
26.96,0.941130027,309,2.83
24.95,0.941820873,301,2.62
23.3,0.942709104,295,2.28
21.98,0.943103874,295,1.93
20.88,0.943103874,298,1.72
19.97,0.942906489,304,1.59
19.08,0.942610412,310,1.45
18.8,0.942018258,316,1.38
18.57,0.941623489,321,1.38
18.29,0.941426104,324,1.38
18.18,0.941524796,324,1.31
18.17,0.941919566,324,1.24
18.47,0.942413027,330,1.45
19.24,0.942709104,328,1.38
20.29,0.943103874,326,1.38
21.38,0.943005181,322,1.59
23.5,0.942906489,310,1.59
25.55,0.942314335,319,1.93
27.04,0.941722181,325,2.28
27.92,0.941130027,324,2.69
28.39,0.941031335,319,3.03
28.16,0.940932642,315,2.9
27.61,0.94083395,314,2.62
26.53,0.94083395,318,2.76
24.35,0.941426104,313,2.97
22.45,0.94211695,306,2.69
20.92,0.942906489,298,2.28
19.73,0.943202566,295,2
18.78,0.943498643,297,1.79
17.97,0.943498643,301,1.66
17.23,0.943301258,306,1.52
16.59,0.943005181,312,1.31
16.19,0.942906489,318,1.03
15.94,0.942709104,320,0.9
16,0.942610412,324,0.69
16.16,0.942807797,319,0.55
16.88,0.943301258,325,1.17
18.33,0.943597335,321,1.31
19.76,0.943597335,316,1.24
22.05,0.943696028,317,1.52
24.14,0.943399951,324,1.93
25.86,0.942906489,324,2.14
27.22,0.942314335,322,2.21
28.15,0.941722181,320,2.41
28.5,0.941327412,319,2.76
28.33,0.941228719,318,2.9
27.62,0.941130027,318,2.83
26.59,0.941327412,316,2.48
24.79,0.941820873,311,1.79
23.33,0.942215643,301,1.52
22.07,0.942610412,295,1.59
20.93,0.942906489,284,1.45
19.89,0.943005181,280,1.24
18.98,0.942906489,290,0.83
18.45,0.942215643,328,0.62
17.6,0.941820873,354,0.76
17.59,0.941228719,343,0.48
17.35,0.941130027,231,0.34
16.88,0.940735258,199,0.62
17.04,0.94083395,193,0.34
18.42,0.941130027,62,0.14
20.89,0.94083395,46,0.83
23.66,0.940241796,41,1.38
26.51,0.939649642,41,2
29.21,0.939156181,43,2.48
31.6,0.938366642,39,2.69
33.62,0.937478411,31,2.76
35.04,0.936787565,23,2.9
35.81,0.936294103,15,3.03
35.87,0.935899334,5,3.17
35.22,0.935504565,348,2.97
33.95,0.935701949,320,2.62
30.23,0.936491488,284,2.97
27.71,0.937379719,269,2.48
26.24,0.938070565,270,1.86
25.14,0.938564027,257,1.31
23.91,0.938761411,245,1.03
23.82,0.938761411,261,0.83
22.52,0.93826795,262,1.03
21.71,0.937675796,256,1.03
21.3,0.937379719,247,0.97
21.23,0.937083642,229,0.76
20.8,0.937182334,210,0.76
19.75,0.937182334,209,0.9
21.55,0.937281026,260,0.28
24.32,0.937379719,333,0.76
26.47,0.937281026,339,1.31
28.43,0.936984949,344,1.59
30.22,0.93659018,344,2.07
31.65,0.936392795,338,2.28
32.83,0.935701949,329,2.48
33.43,0.935011103,316,2.97
33.17,0.934813718,307,3.72
32.68,0.934418949,297,4.07
32.04,0.934912411,288,4
30.67,0.93530718,289,3.24
28.95,0.936096718,299,2.83
27.19,0.93659018,305,2.34
25.78,0.93787318,294,2.07
24.54,0.938366642,290,1.79
23.55,0.938662719,295,1.52
22.59,0.938761411,299,1.38
21.78,0.938465334,306,1.38
20.98,0.938366642,310,1.17
20.35,0.938169257,317,1.03
19.93,0.93826795,323,1.03
20,0.938564027,327,1.1
20,0.938860104,331,1.24
20.86,0.939353565,332,1.59
21.44,0.939847027,334,1.66
22.54,0.940241796,326,1.72
23.89,0.940439181,319,1.72
25.72,0.940537873,313,2
27.44,0.940439181,317,2.21
29.21,0.939847027,318,2.28
29.79,0.939649642,320,2.55
30.49,0.939353565,321,2.76
30.25,0.939452258,321,2.76
29.92,0.93955095,320,2.76
28.88,0.939847027,320,2.69
26.91,0.940241796,316,2.48
24.96,0.941031335,304,2.55
23.47,0.94211695,295,2.55
22.23,0.942906489,292,1.93
21.35,0.943202566,299,1.38
20.56,0.943498643,317,1.24
19.77,0.943103874,329,1.17
19.12,0.942906489,339,0.97
18.52,0.943005181,347,0.9
18.1,0.942906489,356,0.76
17.73,0.943103874,358,0.76
17.62,0.943301258,352,0.76
19.26,0.94379472,347,0.76
21.03,0.943893412,347,1.1
22.93,0.944189489,343,1.38
24.81,0.943992105,340,1.79
26.25,0.943992105,336,2.07
27.9,0.94379472,329,1.86
28.74,0.943103874,330,2.07
29.55,0.942807797,322,2.14
30.18,0.942413027,318,2.62
30.14,0.942215643,317,2.97
29.45,0.942610412,314,3.1
28.21,0.943005181,309,3.03
25.72,0.943696028,306,2.69
23.8,0.944189489,301,2.48
22.23,0.94507772,299,2.14
20.98,0.945571182,302,1.72
19.92,0.945669874,310,1.38
19.07,0.945669874,326,1.1
18.23,0.945275105,335,1.03
17.57,0.944880336,331,1.03
16.97,0.944386874,320,0.9
16.5,0.944485566,308,0.76
16.37,0.944288182,305,0.62
16.11,0.944682951,309,0.69
17.66,0.944979028,332,0.9
19.23,0.945176413,338,1.1
20.97,0.944781643,337,1.24
23.17,0.944584259,334,1.59
25.05,0.944288182,332,2
26.64,0.943893412,330,2.21
27.98,0.943301258,325,2.28
29.01,0.942709104,320,2.48
29.68,0.94251172,315,2.55
29.74,0.942018258,312,2.55
29.24,0.942018258,308,2.55
28.1,0.942018258,307,2.34
25.81,0.94251172,305,2.21
23.75,0.943005181,297,2.21
22.02,0.943597335,287,1.93
20.67,0.944090797,276,1.52
19.28,0.944090797,278,0.97
19.05,0.943893412,303,0.62
18.5,0.943597335,327,0.34
18.05,0.943103874,191,0.14
17.37,0.942807797,184,0.48
16.53,0.94251172,184,0.34
16.09,0.942413027,173,0.34
15.94,0.942610412,163,0.34
17.52,0.942610412,120,0.28
21.32,0.942413027,57,0.69
24.02,0.942215643,38,1.17
26.46,0.941820873,29,1.72
28.73,0.941524796,28,2.14
30.67,0.940932642,26,2.34
32.19,0.940439181,19,2.41
33.18,0.939649642,12,2.34
33.71,0.939156181,5,2.28
33.74,0.938662719,357,2.14
33.37,0.938662719,348,1.93
32.38,0.938662719,328,1.66
30.47,0.938761411,300,2.07
28.21,0.938958796,281,2.07
26.46,0.939945719,252,1.86
24.9,0.940439181,227,1.66
23.24,0.940241796,212,1.38
21.66,0.940241796,206,1.1
20.68,0.939748335,206,0.9
20.04,0.939353565,202,0.9
19.26,0.938860104,192,0.97
18.42,0.938761411,185,1.1
17.98,0.938662719,177,1.17
17.94,0.938958796,171,1.17
20.58,0.939254873,160,0.97
24.93,0.939057488,102,0.62
28.36,0.939057488,62,1.31
31.01,0.938860104,51,1.86
33.26,0.938662719,40,2.07
35.05,0.938366642,27,2.28
36.36,0.937774488,15,2.48
37.1,0.937182334,3,2.62
37.38,0.936886257,353,2.48
37.33,0.936886257,340,2.41
36.87,0.936984949,327,2.14
35.74,0.936984949,314,1.79
33.55,0.937182334,297,1.93
31.51,0.937379719,276,1.79
29.58,0.938070565,234,1.66
27.55,0.938366642,211,1.86
25.65,0.938662719,212,1.72
24.3,0.938761411,216,1.52
23.3,0.938662719,218,1.52
22.42,0.938465334,219,1.45
21.43,0.938564027,207,1.38
20.62,0.938564027,199,1.31
20.02,0.938662719,194,1.24
19.74,0.938860104,196,1.17
22.36,0.939254873,220,0.55
26.04,0.939649642,318,0.55
28.21,0.939748335,336,0.97
30.26,0.939945719,339,1.45
32.1,0.939945719,337,1.86
33.67,0.939748335,332,2.28
34.89,0.939254873,327,2.69
35.54,0.938860104,322,2.97
35.76,0.938958796,314,3.31
35.41,0.939057488,303,3.45
34.58,0.939254873,303,3.45
33.04,0.939748335,304,3.31
30.72,0.940241796,297,2.48
28.85,0.941130027,296,2.14
27.34,0.94211695,285,1.66
25.99,0.942807797,266,1.45
24.71,0.943005181,253,0.83
24.34,0.943202566,188,0.14
23.65,0.943005181,101,0.41
23.18,0.942610412,110,0.41
22.57,0.94211695,155,0.41
21.6,0.942215643,181,0.62
20.63,0.942018258,205,0.69
20.32,0.942610412,220,0.76
22.8,0.943498643,257,0.28
25.82,0.943597335,345,0.55
28.2,0.943893412,6,0.97
30.36,0.943597335,5,1.24
32.31,0.943498643,358,1.59
33.93,0.943103874,346,1.86
35.16,0.94251172,336,2.28
35.91,0.942018258,327,2.62
36.18,0.941919566,322,2.83
35.89,0.941820873,321,3.03
35.15,0.941820873,321,3.17
33.76,0.942314335,317,2.97
32.04,0.942709104,316,2.34
30.05,0.943498643,298,2.21
28.42,0.944288182,271,2.07
27,0.945176413,238,1.72
25.56,0.945176413,213,1.24
24.11,0.945373797,207,0.83
23.61,0.944880336,222,0.48
22.94,0.944485566,236,0.48
21.96,0.944485566,232,0.62
21.26,0.944584259,222,0.83
20.61,0.944584259,214,0.9
20.4,0.944781643,200,0.9
22.96,0.945571182,198,0.41
26.54,0.94547249,38,0.14
29.14,0.945571182,10,0.62
31.37,0.945571182,345,1.1
33.37,0.945669874,332,1.59
35,0.94507772,325,2
36.2,0.944584259,321,2.28
36.98,0.944090797,318,2.55
37.33,0.94379472,316,2.69
37.11,0.943696028,315,2.97
36.37,0.943696028,313,3.03
34.82,0.943992105,313,2.76
33.24,0.943399951,314,2
31,0.94379472,286,2.07
28.85,0.944880336,262,2.14
26.88,0.945373797,245,1.86
25.4,0.945669874,236,1.52
24.17,0.945669874,239,1.24
23.06,0.945571182,246,1.24
22.08,0.945176413,247,1.24
21.19,0.945176413,245,1.17
20.49,0.945176413,244,1.17
19.84,0.945275105,238,1.1
19.48,0.945373797,231,0.97
21.63,0.945571182,262,0.48
24.84,0.945867259,324,1.1
26.84,0.946262028,329,1.72
28.64,0.946262028,326,2.14
30.48,0.94636072,321,2.34
32.19,0.946064643,313,2.69
33.54,0.945669874,306,3.1
34.37,0.94507772,303,3.45
34.64,0.944682951,303,3.59
34.39,0.944288182,302,3.52
33.6,0.943992105,302,3.31
32.17,0.943597335,307,2.69
30.25,0.943893412,310,2.41
28.07,0.944189489,299,2.21
26.35,0.945275105,279,1.86
24.84,0.945373797,252,1.66
23.47,0.945275105,224,1.52
21.9,0.944880336,213,1.17
21.09,0.944288182,216,0.83
21.28,0.943696028,215,0.48
20.77,0.943301258,202,0.41
20.41,0.943005181,209,0.55
19.79,0.943005181,216,0.69
19.12,0.943202566,210,0.83
20.99,0.943498643,201,0.69
25.28,0.943301258,239,0.14
28.5,0.943399951,356,0.55
30.93,0.943005181,351,1.03
33,0.942709104,346,1.45
34.74,0.942215643,342,1.79
35.97,0.941426104,340,2
36.71,0.940439181,341,2.21
36.99,0.939847027,345,2.21
36.87,0.939452258,350,1.74
35.32,0.939353565,354,1.64
33.77,0.939057488,353,1.54
32.22,0.938958796,23,1.44
30.66,0.938761411,37,1.34
29.11,0.939353565,141,1.25
27.56,0.939353565,162,1.15
26.01,0.938958796,172,1.05
24.46,0.943498643,296,0.95
22.91,0.943301258,301,0.85
21.36,0.943005181,306,0.75
19.81,0.942709104,330,0.66
18.25,0.94251172,13,0.56
16.7,0.942413027,4,0.46
15.15,0.94251172,326,0.36
13.6,0.943005181,325,0.26
19.64,0.943301258,328,1.1
21.48,0.943498643,334,1.17
23.53,0.943202566,335,1.45
25.6,0.943005181,334,1.86
27.32,0.942807797,327,2.28
28.67,0.942215643,320,2.62
29.56,0.941919566,319,2.97
29.91,0.941820873,314,2.97
29.5,0.941722181,311,2.69
29.08,0.941426104,312,2.83
28.03,0.941426104,311,2.9
26.16,0.942018258,306,2.14
24.38,0.94251172,306,2.21
22.86,0.943696028,303,2.21
21.54,0.944090797,298,1.72
20.53,0.944485566,291,1.17
19.7,0.944189489,276,0.55
19.38,0.94379472,273,0.34
18.84,0.943202566,315,0.41
18.39,0.943005181,351,0.41
18.09,0.942610412,62,0.14
17.8,0.942610412,139,0.34
17.52,0.942807797,140,0.34
18.17,0.943202566,71,0.34
20.77,0.943005181,60,0.62
23.48,0.942807797,32,1.03
25.88,0.942610412,14,1.66
27.88,0.942314335,5,2.07
29.62,0.94211695,355,2.21
31.11,0.941327412,345,2.34
32.17,0.94083395,339,2.48
32.74,0.940537873,335,2.55
32.81,0.940439181,325,2.62
32.21,0.940340489,315,2.62
31.06,0.940537873,310,2.69
29.04,0.940537873,300,2.28
27.15,0.941031335,292,2.07
25.63,0.942314335,277,1.72
24.19,0.942807797,263,1.24
23.58,0.943103874,242,0.69
23.36,0.943103874,109,0
22.42,0.942709104,72,0.69
20.85,0.942018258,96,1.1
19.55,0.941722181,108,1.45
18.98,0.941524796,107,1.66
18.65,0.941623489,106,1.86
18.61,0.941722181,106,2.07
21,0.94211695,85,1.66
24.95,0.942018258,77,2.55
27.67,0.942018258,70,3.17
30.15,0.942018258,66,3.66
32.53,0.941820873,64,3.93
34.7,0.941426104,62,3.93
36.43,0.940636566,60,3.93
37.65,0.940044412,57,4
38.2,0.939649642,57,4
38.01,0.939649642,63,3.93
37.15,0.939945719,72,3.79
35.32,0.940044412,73,3.31
32.91,0.939945719,78,3.17
30.96,0.940537873,92,2.55
29.5,0.941228719,97,2.21
28.15,0.941524796,99,2.07
26.59,0.941426104,104,1.66
24.87,0.941327412,107,1.31
24.08,0.941130027,114,0.97
23.59,0.940932642,116,0.83
22.63,0.94083395,122,0.83
21.82,0.940932642,126,0.9
21.02,0.941228719,127,1.03
20.58,0.941722181,131,1.1
23.08,0.942413027,107,0.97
27.41,0.942413027,82,1.59
30.72,0.94251172,68,2.07
33.72,0.94251172,62,2.48
36.54,0.942215643,60,2.69
39.01,0.941623489,54,2.9
40.85,0.940932642,48,3.17
41.74,0.940735258,49,3.24
41.23,0.940735258,53,2.55
40.44,0.94083395,53,1.38
39.86,0.941130027,44,1.52
38.35,0.941327412,73,2.55
34.89,0.941228719,78,2.55
32.52,0.941919566,80,2.34
30.82,0.942807797,99,2.21
29.06,0.942906489,106,1.93
27.51,0.943202566,106,1.86
26.18,0.943005181,109,1.66
24.55,0.942709104,120,1.17
24.86,0.94251172,146,0.76
24.74,0.94251172,188,0.48
24,0.942709104,168,0.41
23.16,0.942906489,150,0.62
22.08,0.943301258,154,0.83
23.67,0.943696028,138,0.9
28.09,0.943992105,94,0.55
31.54,0.943992105,44,1.1
34.29,0.944090797,37,1.52
36.74,0.943893412,26,1.66
38.72,0.943399951,15,1.86
40.23,0.942807797,11,2.07
41.29,0.942314335,5,2.28
41.76,0.941919566,4,2.28
41.16,0.942018258,3,1.24
40.35,0.94211695,312,0.14
39.06,0.94211695,203,0.9
37.19,0.94211695,246,0.83
34.63,0.942709104,269,1.86
31.95,0.943696028,267,2.07
30.12,0.944189489,251,1.93
28.45,0.944682951,237,1.24
27.39,0.944584259,221,0.62
27.04,0.944288182,177,0.41
26.31,0.94379472,178,0.55
25.27,0.943696028,195,0.55
24.38,0.943399951,164,0.62
22.9,0.943399951,138,0.9
22.25,0.943597335,136,1.03
25.1,0.944386874,144,0.69
29.54,0.944386874,94,0.83
32.77,0.944386874,72,1.24
35.55,0.944189489,60,1.45
37.74,0.94379472,45,1.59
39.49,0.943301258,30,1.72
40.73,0.942610412,11,1.86
41.43,0.94211695,358,2.07
41.49,0.941919566,347,2
41.07,0.941623489,345,1.45
40.54,0.941327412,327,1.03
39.18,0.941623489,302,0.83
37.8,0.941524796,329,1.17
35.18,0.94211695,285,1.59
32.81,0.942906489,246,2
30.54,0.943202566,212,2
28.25,0.943103874,191,1.86
26.81,0.943301258,189,1.72
25.74,0.943301258,199,1.38
24.87,0.943103874,198,1.17
24.08,0.942807797,187,1.24
23.33,0.942413027,178,1.45
22.84,0.942215643,169,1.79
22.59,0.94211695,164,2
25.54,0.943005181,223,0.48
29.51,0.943202566,120,0.28
33.06,0.943202566,104,0.83
36.18,0.942709104,96,0.97
38.56,0.94251172,72,0.83
40.28,0.941623489,56,0.97
41.56,0.940932642,42,1.03
42.37,0.940636566,33,1.17
42.74,0.940143104,19,1.31
42.17,0.939748335,8,0.83
41.68,0.939353565,350,0.69
40.61,0.939353565,337,1.03
38.38,0.939156181,330,0.83
35.47,0.939945719,258,2.14
31.85,0.940735258,260,2.48
29.45,0.941623489,260,2
27.9,0.941820873,240,1.1
26.53,0.941722181,225,0.76
25.53,0.941722181,239,0.62
24.44,0.941426104,258,0.83
23.71,0.941327412,260,0.83
23.57,0.941031335,220,0.28
23.04,0.940932642,148,0.48
22.41,0.940932642,155,0.83
25.27,0.941228719,211,0.41
29.09,0.941327412,87,0.07
32.57,0.941031335,53,0.83
35.46,0.94083395,47,1.17
37.83,0.940439181,26,1.31
39.65,0.93955095,358,1.59
40.91,0.938958796,338,2.14
41.37,0.938465334,329,2.83
40.64,0.93826795,316,3.38
39.82,0.938465334,304,3.38
38.72,0.938465334,309,2.21
37.37,0.938564027,319,1.59
34.33,0.938958796,289,2.69
31.36,0.940044412,294,2.76
29.13,0.940735258,290,2.14
27.58,0.941228719,295,1.52
26.56,0.941130027,299,0.83
25.94,0.940932642,276,0.41
25.22,0.940636566,264,0.41
24.52,0.940241796,260,0.41
23.85,0.939847027,252,0.48
23.19,0.939748335,230,0.62
22.86,0.939649642,228,0.69
22.38,0.939649642,231,0.83
24.69,0.939156181,234,1.31
27.84,0.939748335,276,1.72
29.34,0.940044412,304,2.48
30.21,0.940439181,313,2.83
31,0.940537873,316,3.1
31.75,0.940537873,0,0
31.86,0.940636566,0,0
32.11,0.940537873,302,2.41
32.33,0.940241796,324,2.34
32.27,0.940340489,325,2.76
31.16,0.940932642,322,2.62
29.89,0.940932642,326,2.76
28.72,0.940537873,325,1.86
27.39,0.941130027,316,1.66
26.22,0.941820873,312,1.66
25.13,0.94211695,313,1.66
24,0.94211695,321,1.79
22.89,0.942018258,312,1.86
21.95,0.941919566,303,1.79
21.19,0.941919566,298,1.52
20.72,0.941820873,298,1.03
20.35,0.941623489,313,0.76
19.91,0.941820873,322,0.97
19.54,0.94211695,313,0.97
20.65,0.942807797,314,1.17
22.06,0.943202566,320,1.45
23.96,0.943301258,316,1.72
26.3,0.943103874,292,2.14
28.52,0.942807797,297,2.48
29.89,0.942215643,318,3.03
30.44,0.941820873,321,3.59
30.47,0.941722181,320,3.52
30.5,0.941524796,319,3.45
30.31,0.941327412,317,3.45
29.64,0.941524796,318,3.45
28.32,0.941820873,314,3.24
25.9,0.942215643,318,2.48
24.44,0.942709104,315,2.28
23.12,0.943597335,309,2.07
21.95,0.944189489,302,1.86
20.95,0.944189489,296,1.59
20.12,0.943992105,294,1.24
19.26,0.943597335,295,0.97
18.72,0.943202566,293,0.62
18.52,0.942906489,285,0.34
18.03,0.94251172,309,0.41
17.54,0.942610412,322,0.48
17.17,0.942807797,321,0.41
18.05,0.943301258,325,0.62
20.18,0.943301258,336,0.97
22.36,0.943202566,339,1.38
24.4,0.942807797,338,1.86
26.36,0.942709104,336,2.07
28.07,0.942215643,330,2.28
29.51,0.941820873,326,2.62
30.46,0.941524796,323,3.03
30.78,0.941426104,321,3.24
30.5,0.941130027,319,3.17
29.76,0.941130027,319,2.9
28.54,0.941228719,318,2.55
26.3,0.941524796,318,2.14
24.57,0.94211695,306,1.93
23.21,0.943005181,292,1.72
21.96,0.943399951,270,1.31
20.76,0.943202566,237,0.9
20.55,0.943005181,205,0.69
20.3,0.942413027,189,0.48
19.9,0.942018258,139,0.21
19.39,0.941722181,129,0.28
18.81,0.941524796,152,0.34
18.18,0.941426104,175,0.48
17.56,0.941426104,185,0.69
19.04,0.941919566,219,0.14
22.07,0.941820873,22,0.55
24.79,0.941722181,22,1.24
27.14,0.941623489,19,1.79
29.22,0.941426104,16,2
31.1,0.941130027,10,1.93
32.53,0.940439181,359,2
33.56,0.940044412,349,2.21
34.08,0.939945719,340,2.34
34.06,0.93955095,336,2.34
33.53,0.939649642,333,2.28
32.35,0.939452258,321,2.14
30.75,0.939353565,320,1.72
29.07,0.939945719,303,1.45
27.18,0.940735258,280,1.03
25.39,0.941327412,265,1.24
23.88,0.941524796,259,1.31
22.73,0.941623489,244,1.03
22.23,0.941426104,242,0.76
22.07,0.941327412,244,0.62
21.5,0.941327412,226,0.48
20.87,0.941327412,201,0.48
20.12,0.941327412,180,0.48
19.54,0.941623489,160,0.55
21.57,0.94211695,129,0.34
25.25,0.942215643,55,0.83
28.27,0.942215643,52,1.59
30.91,0.942018258,43,2.07
33.16,0.941524796,35,2.55
34.92,0.941327412,32,2.76
36.32,0.940340489,25,2.9
37.27,0.939945719,20,3.03
37.67,0.939649642,22,3.1
37.44,0.939452258,29,2.97
36.63,0.939649642,36,2.69
35.02,0.939847027,40,1.72
32.84,0.940044412,13,1.38
30.77,0.940932642,319,1.31
28.82,0.942018258,288,1.86
26.96,0.943005181,276,1.72
25.69,0.943597335,269,1.38
24.52,0.943696028,266,1.1
23.8,0.943498643,260,0.83
23.65,0.943202566,243,0.69
23.1,0.942906489,210,0.69
21.96,0.942610412,188,0.76
21.47,0.942610412,167,0.76
20.94,0.942807797,150,0.76
23.45,0.943301258,79,0.21
26.15,0.943399951,48,0.62
28.99,0.943301258,41,1.1
31.63,0.943005181,30,1.59
34.06,0.943103874,19,1.72
36.13,0.942413027,2,1.79
37.77,0.941722181,352,2.21
38.74,0.940932642,347,2.48
39.14,0.940537873,340,2.9
38.83,0.940143104,339,3.31
37.84,0.940044412,334,3.31
36.18,0.940241796,317,2.83
33.33,0.940735258,295,2.48
31.17,0.941426104,280,2.07
29.61,0.942215643,272,1.45
28.16,0.942709104,293,0.69
27.2,0.942610412,300,0.62
25.3,0.94251172,284,1.38
24.18,0.942215643,272,1.66
23.09,0.941722181,245,1.17
22.19,0.941820873,215,1.03
21.5,0.941623489,193,0.9
21.07,0.941524796,173,0.97
20.87,0.941722181,168,1.03
24.12,0.94211695,207,0.28
27.34,0.942314335,54,0.28
30.52,0.94211695,39,0.9
33.35,0.941919566,23,1.31
35.86,0.941722181,3,1.59
37.76,0.941228719,343,2.14
38.98,0.940439181,334,2.83
39.6,0.940241796,325,2.97
38.47,0.940241796,306,1.86
38.44,0.939847027,313,1.79
37.82,0.939353565,328,2.28
36.47,0.939057488,321,2.48
34.05,0.939649642,315,1.45
32.14,0.940044412,283,1.52
30.28,0.940537873,255,1.24
28.31,0.94083395,226,1.1
26.71,0.940537873,222,1.03
25.55,0.940439181,234,0.76
24.7,0.940143104,239,0.76
23.78,0.939649642,235,0.9
22.99,0.939452258,223,0.97
22.25,0.939254873,205,1.03
21.75,0.939057488,188,1.17
21.4,0.939057488,177,1.17
25.08,0.939353565,211,0.48
28.69,0.939452258,333,0.41
31.36,0.939748335,10,0.97
33.79,0.939254873,17,1.17
35.86,0.938958796,7,1.45
37.62,0.93826795,348,1.93
38.58,0.937774488,332,2.69
38.74,0.937675796,316,2.97
38.37,0.937774488,288,2.34
37.49,0.937774488,302,2.34
36.62,0.937675796,318,2.28
35.11,0.938070565,322,2.48
33.14,0.93787318,316,2.62
31.14,0.938169257,305,2.14
29.72,0.939254873,258,1.45
28.46,0.939452258,222,1.31
26.98,0.939353565,230,0.97
26.18,0.939452258,255,0.62
25.35,0.939156181,266,0.41
24.64,0.938958796,249,0.62
23.78,0.938761411,231,0.83
23.05,0.938761411,221,0.83
22.42,0.938860104,230,0.76
21.97,0.939254873,234,0.76
23.92,0.940143104,293,0.69
26.79,0.940241796,322,1.03
28.86,0.940439181,343,1.24
30.97,0.940636566,346,1.45
32.99,0.940340489,342,1.86
34.73,0.940241796,337,2.41
35.55,0.93955095,332,2.69
36.25,0.939649642,320,1.79
36.62,0.939452258,312,1.59
36.49,0.939254873,299,2.21
35.98,0.939649642,299,2.48
34.76,0.939945719,294,2.62
32.01,0.939748335,310,2.34
29.92,0.940439181,301,2.41
28.08,0.941722181,295,2.41
26.75,0.942413027,276,1.93
25.95,0.942807797,263,1.52
25.09,0.943005181,267,1.03
24.08,0.942807797,285,0.9
23.14,0.942807797,305,0.97
22.6,0.94251172,316,0.83
22.31,0.94251172,328,0.69
21.85,0.942610412,330,0.69
21.81,0.942807797,315,0.34
22.88,0.943005181,283,0.34
25.17,0.943202566,325,0.97
27.29,0.943399951,329,1.59
29.03,0.943597335,324,1.93
30.64,0.943301258,320,2.28
32.34,0.943399951,321,2.62
33.41,0.942709104,319,3.1
33.8,0.942709104,310,3.31
34.13,0.942709104,299,2.69
34.04,0.942413027,306,2.97
33.35,0.942610412,306,2.9
32,0.942906489,299,2.62
30.15,0.943202566,304,2.97
27.71,0.944386874,298,2.97
25.81,0.945669874,291,2.28
24.57,0.945965951,286,1.66
23.7,0.946163336,293,1.17
22.77,0.946064643,312,1.03
21.95,0.945965951,320,1.1
21.3,0.945768566,320,1.38
20.61,0.945867259,315,1.59
20.33,0.945571182,19,0.62
20.47,0.945571182,120,0.76
20.72,0.944880336,122,1.59
21.87,0.944979028,63,0.48
23.78,0.944979028,59,0.69
26.41,0.944781643,52,1.31
28.69,0.944781643,33,1.72
30.7,0.944584259,19,2.14
32.26,0.944288182,3,2.41
32.94,0.943893412,336,2.28
32.79,0.94379472,323,2.48
32.89,0.943893412,308,2.28
32.6,0.943992105,295,1.86
31.98,0.943992105,292,2.48
30.84,0.943992105,299,2.69
29.47,0.943992105,286,1.52
27.91,0.944682951,300,2.28
26.16,0.946163336,312,2.34
24.82,0.947051567,325,1.59
23.97,0.947347644,348,0.83
23.56,0.947150259,55,0.62
23.05,0.94675549,86,0.97
22.7,0.945867259,101,0.9
22.6,0.945373797,99,0.55
22.64,0.944979028,76,0.14
22.4,0.94507772,289,0.34
21.88,0.945275105,268,0.62
22.81,0.94507772,258,0.83
24.85,0.945373797,303,0.83
27.08,0.945571182,328,1.17
29.02,0.945669874,332,1.59
30.22,0.945669874,328,2.14
30.18,0.945373797,316,2.14
29.55,0.94547249,270,1.52
30.35,0.945176413,245,1.59
31.2,0.944979028,238,1.17
31.66,0.944288182,261,0.97
30.38,0.944189489,280,0.97
27.73,0.944584259,271,1.59
26.17,0.944979028,264,1.31
25.47,0.945275105,269,1.38
24.75,0.945965951,280,1.59
23.79,0.946558105,290,1.72
22.98,0.946656797,294,1.72
22.11,0.946656797,293,1.45
21.21,0.945965951,287,0.9
20.96,0.945373797,244,0.41
20.71,0.944880336,190,0.34
20.39,0.944386874,196,0.34
20.1,0.944386874,227,0.41
19.61,0.944288182,230,0.55
20.56,0.944781643,320,0.41
22.58,0.944880336,335,0.83
24.57,0.94507772,334,0.9
26.57,0.944979028,334,1.1
28.53,0.944584259,325,1.45
29.82,0.944090797,323,2
30.99,0.943498643,317,2.69
30.68,0.943301258,315,3.03
30.53,0.943103874,312,3.17
30.24,0.942807797,308,3.17
29.43,0.943005181,309,3.1
28.26,0.943301258,315,2.9
26.6,0.943597335,319,2.62
25.25,0.944485566,304,2.21
24.18,0.945275105,291,1.72
23.37,0.945669874,274,1.38
22.44,0.94547249,267,0.97
21.98,0.945571182,264,0.55
21.78,0.944979028,99,0.07
21.39,0.944485566,90,0.34
20.85,0.94379472,94,0.41
20.55,0.943597335,96,0.34
20.42,0.943498643,87,0.28
20.1,0.943597335,131,0.28
20.67,0.944485566,19,0.28
22.78,0.944386874,33,0.97
25,0.944584259,34,1.38
27.03,0.944485566,31,1.52
28.87,0.944288182,19,1.66
30.4,0.943893412,10,2
31.49,0.943399951,6,2.28
32.12,0.942906489,6,2.34
32.35,0.94251172,5,2.21
32.34,0.942018258,1,1.93
31.98,0.941820873,352,1.86
31.21,0.941820873,331,1.72
28.99,0.942314335,318,1.72
27.61,0.942807797,291,1.79
26.28,0.943597335,278,1.86
25,0.944189489,263,1.72
23.82,0.944386874,244,1.45
22.71,0.944288182,228,1.1
22.13,0.943696028,213,0.83
22.32,0.943005181,183,0.48
21.77,0.942413027,138,0.55
20.95,0.942018258,132,0.69
20.41,0.942018258,136,0.76
19.93,0.942215643,143,0.76
22.06,0.942709104,114,0.34
24.47,0.942807797,64,0.9
26.97,0.942610412,48,1.45
29.23,0.942610412,37,1.86
31.17,0.942314335,26,2.14
32.77,0.941919566,16,2.21
33.94,0.941327412,4,2.21
34.71,0.940735258,352,2.28
35.04,0.940636566,344,2.21
34.84,0.940439181,335,2.21
34.23,0.940241796,323,2.41
32.95,0.940537873,310,2.34
30.89,0.940735258,306,2.62
29.12,0.941426104,296,2.62
27.64,0.942413027,283,2.21
26.38,0.942906489,269,1.93
25.36,0.943005181,258,1.52
24.29,0.942906489,244,1.03
24.41,0.942807797,234,0.69
24.4,0.942215643,262,0.28
24.03,0.941919566,282,0.07
23.39,0.941623489,170,0.34
22.45,0.941820873,162,0.55
21.8,0.941919566,164,0.55
22.91,0.942906489,310,0.21
25.23,0.942807797,3,0.9
27.45,0.942709104,13,1.17
29.65,0.942709104,11,1.52
31.69,0.942413027,6,1.93
33.32,0.942215643,2,1.86
34.69,0.941524796,356,2
35.51,0.941130027,348,1.72
35.8,0.940537873,337,1.45
35.46,0.940340489,321,1.72
35,0.940241796,316,2.41
33.32,0.940439181,310,2.83
30.9,0.94083395,310,2.69
29,0.941722181,298,2.76
27.3,0.942807797,287,2.48
25.99,0.943597335,271,2
25.06,0.943696028,256,1.59
24.24,0.94379472,236,1.03
23.65,0.943597335,233,0.55
23.15,0.943202566,256,0.21
22.61,0.943103874,275,0.14
22.31,0.943005181,284,0.21
21.92,0.943005181,273,0.34
21.46,0.943301258,258,0.41
22.15,0.943992105,305,0.41
24.5,0.943893412,344,0.69
26.75,0.94379472,351,1.17
28.81,0.94379472,349,1.52
30.69,0.94379472,342,1.93
32.25,0.943399951,336,2.28
33.44,0.943005181,331,2.55
34.06,0.942610412,327,2.28
34.15,0.942215643,326,2.34
34.14,0.941919566,324,2.62
33.41,0.941919566,322,2.83
32.02,0.942215643,314,2.83
29.77,0.942413027,308,2.41
27.95,0.943399951,295,2.48
26.34,0.944189489,284,2.21
25.13,0.944781643,277,1.72
24.17,0.944979028,277,1.17
23.28,0.945176413,282,0.69
22.84,0.944880336,283,0.55
22.17,0.944485566,295,0.62
21.64,0.944386874,304,0.69
21.18,0.944288182,293,0.62
20.8,0.944386874,268,0.48
20.42,0.944584259,243,0.48
20.94,0.945176413,312,0.34
23,0.94547249,341,0.55
25.5,0.945571182,344,0.97
27.8,0.945768566,340,1.45
29.82,0.945571182,333,1.93
31.54,0.94547249,326,2.28
32.84,0.944979028,322,2.76
33.57,0.944682951,321,3.1
33.65,0.944485566,318,3.17
33.22,0.944386874,315,3.17
32.27,0.944682951,313,3.03
30.57,0.944979028,312,2.55
28.13,0.945275105,309,2.41
26.12,0.945965951,299,2.14
24.59,0.94675549,289,1.72
23.31,0.947150259,287,1.38
22,0.947347644,294,0.97
21.17,0.947347644,299,0.83
20.51,0.947347644,284,0.76
20.22,0.94675549,260,0.62
19.71,0.946163336,244,0.55
19.3,0.946064643,240,0.41
18.81,0.945965951,238,0.34
18.29,0.946163336,235,0.41
19.77,0.94636072,271,0.21
22.51,0.946262028,343,0.76
25.02,0.946163336,347,1.38
27.16,0.946262028,345,1.79
29.14,0.945867259,342,2.28
30.72,0.945571182,339,2.55
31.93,0.944979028,336,2.69
32.92,0.944288182,332,2.76
33.41,0.94379472,324,2.62
33.3,0.943597335,320,2.41
32.66,0.943498643,320,2.14
31.42,0.94379472,310,1.66
29.64,0.943597335,294,1.72
27.71,0.944090797,273,1.86
25.84,0.944979028,262,2
24.08,0.94507772,252,1.86
22.5,0.945373797,236,1.66
21.15,0.945275105,223,1.24
20.14,0.945176413,217,1.03
19.74,0.944682951,211,0.83
19.76,0.944288182,208,0.62
19.49,0.944189489,198,0.48
19.04,0.944090797,186,0.55
18.52,0.944090797,180,0.55
20.1,0.944682951,207,0.21
23.37,0.944682951,8,0.28
26.35,0.944682951,12,0.76
29.06,0.944880336,3,1.17
31.43,0.944288182,356,1.52
33.41,0.94379472,349,1.86
34.92,0.943301258,342,2.07
35.84,0.94251172,336,2.28
36.16,0.94211695,331,2.41
35.86,0.941820873,326,2.41
35.06,0.94211695,321,2.28
33.39,0.942215643,315,1.93
31.44,0.942215643,301,1.45
29.27,0.942906489,266,1.38
26.86,0.943399951,240,1.38
24.8,0.94379472,223,1.45
22.93,0.943597335,221,1.38
21.82,0.943498643,228,1.1
21.24,0.943399951,224,0.9
20.93,0.942906489,207,0.83
20.51,0.94251172,186,0.83
19.92,0.942314335,176,0.9
19.22,0.942314335,172,1.03
18.57,0.942610412,166,1.03
20.26,0.943301258,173,0.83
24.92,0.943301258,96,0.21
28.57,0.94379472,36,0.97
31.36,0.943498643,35,1.38
33.8,0.943498643,24,1.59
35.72,0.943202566,9,1.72
37.14,0.942906489,354,1.93
37.99,0.94251172,345,2.21
38.29,0.94251172,341,2.34
38.06,0.942413027,337,2.28
37.32,0.94251172,332,2.14
35.82,0.942906489,320,1.86
33.76,0.942610412,313,1.66
31.17,0.943103874,282,1.31
29.83,0.943992105,251,1.1
28.31,0.944386874,235,0.83
26.55,0.944682951,213,0.48
25.27,0.944485566,177,0.55
24.12,0.944090797,156,0.69
21.96,0.943399951,146,0.9
20.63,0.943103874,141,1.03
19.56,0.943005181,142,1.1
18.87,0.943202566,143,1.17
18.37,0.943202566,145,1.24
21.76,0.944189489,131,0.69
25.74,0.944288182,92,0.9
29.91,0.944386874,73,1.38
33.11,0.944288182,59,1.59
35.7,0.943696028,39,1.66
37.67,0.943301258,16,1.66
38.96,0.942709104,355,2
39.62,0.942215643,346,2.34
39.73,0.942018258,341,2.48
39.36,0.941722181,337,2.41
38.6,0.941820873,333,2.34
37.02,0.941919566,323,1.93
35.41,0.941623489,308,1.79
33.08,0.942018258,292,2.07
30.41,0.943005181,274,1.93
27.98,0.943498643,249,1.72
26.28,0.94379472,226,1.59
25.06,0.94379472,213,1.31
24.64,0.943597335,202,0.9
24.2,0.943202566,194,0.69
23.51,0.942906489,186,0.55
22.78,0.942807797,171,0.55
22.14,0.942807797,166,0.69
21.6,0.942807797,170,0.69
23.32,0.943301258,246,0.48
26.41,0.943597335,322,0.76
29.05,0.943696028,336,1.31
31.21,0.943498643,334,1.52
33.28,0.943301258,330,1.93
35.04,0.942807797,325,2.21
36.4,0.94211695,321,2.48
37.17,0.941623489,321,2.62
37.22,0.941228719,320,2.62
34.53,0.940932642,319,2.81
33.37,0.940932642,319,2.63
32.21,0.941130027,320,2.45
31.05,0.94211695,306,2.27
29.89,0.942709104,303,2.09
28.73,0.943301258,297,1.91
27.57,0.943597335,293,1.73
26.41,0.943696028,298,1.55
25.25,0.943399951,303,1.37
24.09,0.943202566,312,1.19
22.93,0.942807797,312,1.01
21.76,0.942413027,303,0.83
20.6,0.942314335,294,0.65
19.44,0.942018258,293,0.47
18.28,0.942314335,293,0.29
17.12,0.943005181,25,0.11
23.11,0.943202566,15,0.83
24.87,0.943103874,359,1.24
27.18,0.943005181,343,1.66
29.21,0.942807797,336,2.07
30.8,0.94251172,332,2.34
32.1,0.941919566,330,2.48
33,0.941524796,328,2.69
33.32,0.941031335,326,2.69
33.06,0.941130027,325,2.21
32.43,0.941130027,329,1.93
31.32,0.941426104,328,1.86
29.11,0.941623489,316,1.86
27.52,0.94251172,298,1.72
25.97,0.943498643,294,1.52
24.39,0.943893412,293,1.24
23.27,0.943992105,284,0.9
23.12,0.943992105,270,0.55
22.62,0.943696028,256,0.14
22.01,0.943399951,178,0.28
20.46,0.943005181,189,0.76
20.05,0.942906489,195,0.76
19.85,0.942906489,195,0.69
19.46,0.943301258,187,0.76
21.47,0.944386874,177,0.55
24.62,0.944485566,109,0.28
27.98,0.944682951,38,0.76
30.89,0.944584259,21,1.24
33.26,0.944584259,0,1.59
35,0.944189489,344,2.07
36.19,0.94379472,334,2.41
36.89,0.943597335,330,2.76
37.1,0.943399951,328,2.9
36.76,0.943399951,328,2.83
35.62,0.943597335,331,2.62
34.07,0.944090797,322,2
32.02,0.944288182,326,1.31
30.18,0.945176413,276,0.83
27.81,0.945965951,222,1.17
25.4,0.946558105,205,1.52
23.73,0.946558105,205,1.31
22.76,0.94636072,201,1.24
22.14,0.94636072,193,1.24
21.33,0.946064643,185,1.45
20.61,0.945768566,178,1.72
20.21,0.945768566,174,1.86
19.95,0.945965951,172,1.79
19.74,0.946459413,171,1.72
21.81,0.947051567,167,1.1
25.42,0.947643721,152,0.76
29.6,0.948137182,97,0.48
32.86,0.948137182,46,0.62
35.66,0.947939798,4,0.97
37.58,0.947545028,340,1.52
38.78,0.947150259,335,2.14
39.4,0.946558105,336,2.48
39.42,0.946459413,338,2.76
38.99,0.946558105,340,2.83
38.09,0.946854182,337,2.41
36.53,0.947150259,0,0
34.54,0.947446336,0,0
31.72,0.94803849,188,1.03
29.37,0.948926721,196,1.93
27.55,0.949124106,197,2.07
26.17,0.949420183,192,2.14
24.91,0.949025413,188,2.14
24.08,0.949025413,186,2.14
23.35,0.948531952,184,2.14
22.65,0.948137182,182,2.14
22.05,0.948137182,181,2.07
21.55,0.948235875,180,2
21.05,0.948433259,179,1.93
22.56,0.94971626,194,1.31
28,0.950111029,225,0.62
31.99,0.950308414,294,0.69
34.19,0.950505798,316,1.45
35.82,0.950308414,322,2
37.06,0.949814952,320,2.48
37.97,0.949124106,316,2.9
38.5,0.948433259,313,3.24
38.54,0.947643721,313,3.59
37.99,0.947446336,312,3.79
36.98,0.947347644,311,3.59
35.25,0.947545028,305,2.76
33.15,0.947643721,294,2.69
30.78,0.948334567,281,2.62
28.71,0.949124106,255,2.28
26.88,0.94932149,227,2.07
25.42,0.949518875,215,1.93
24.33,0.94932149,213,1.86
23.31,0.949124106,215,1.66
22.19,0.948630644,218,1.52
21.31,0.948235875,219,1.31
20.75,0.948137182,216,1.24
20.05,0.94803849,209,1.31
19.37,0.948137182,199,1.38
21.41,0.948630644,219,1.03
25.46,0.948630644,247,0.69
28.53,0.948630644,287,1.17
30.67,0.948334567,305,1.93
32.32,0.94803849,309,2.48
33.63,0.947643721,312,2.83
34.51,0.947051567,315,3.17
34.87,0.946656797,316,3.59
34.61,0.946064643,314,3.66
34.06,0.945768566,310,3.66
33.04,0.945867259,304,3.59
31.5,0.946064643,296,3.03
29.47,0.946262028,264,2.34
27.97,0.94636072,258,2.21
26.58,0.946854182,264,2.14
25.33,0.947150259,274,2.21
24.18,0.947248951,280,2.34
23.03,0.947347644,275,2.28
22.13,0.947150259,268,2
21.37,0.946459413,267,1.79
20.55,0.946064643,264,1.52
19.76,0.945571182,262,1.24
19.14,0.945373797,262,1.1
18.89,0.945275105,267,1.03
19.34,0.945768566,293,2.83
20.4,0.945965951,293,2.9
21.84,0.945965951,298,2.9
23.71,0.946163336,301,3.03
25.75,0.945571182,300,3.45
27.44,0.944880336,298,3.59
28.62,0.944189489,297,3.72
29.27,0.943301258,299,4
29.38,0.942807797,302,4.21
28.76,0.94251172,302,4.21
27.67,0.942610412,302,4.07
26.03,0.943202566,301,3.52
23.63,0.943301258,305,3.1
21.96,0.94379472,304,2.83
20.7,0.944386874,293,2.21
19.82,0.944584259,289,1.93
18.94,0.944485566,297,1.79
18.17,0.944090797,292,1.52
17.57,0.943597335,291,1.24
17.04,0.942906489,307,1.24
16.48,0.942709104,300,0.97
16.41,0.942314335,272,0.76
16.37,0.94211695,255,0.76
16.41,0.94211695,243,0.76
18.16,0.942610412,233,1.31
20.53,0.942610412,253,2
22.16,0.942709104,277,2.55
23.92,0.942906489,282,3.31
24.99,0.94251172,283,3.45
25.89,0.942215643,288,3.66
25.99,0.941722181,292,3.79
26.45,0.941130027,297,4.07
25.53,0.940735258,306,4
25.39,0.940735258,299,4.07
24.06,0.940932642,315,3.66
22.89,0.941426104,318,3.17
21.74,0.941722181,314,2.14
20.92,0.941820873,298,1.45
20.32,0.94251172,295,1.24
19.88,0.942709104,315,1.72
19.15,0.943005181,314,1.86
18.8,0.942906489,312,1.86
18.47,0.942610412,312,1.59
18.16,0.94211695,316,1.45
17.91,0.941919566,319,1.1
17.79,0.941722181,325,0.97
17.73,0.941820873,332,0.97
17.64,0.942018258,337,1.1
17.45,0.942314335,344,1.59
17.43,0.942709104,350,1.79
17.7,0.943301258,352,1.86
18.38,0.943893412,352,1.72
19.69,0.944090797,343,1.66
21.24,0.943992105,330,1.72
22.89,0.943597335,310,1.72
24.64,0.942807797,309,2
25.4,0.942314335,320,2.28
25.88,0.94211695,329,2.41
25.41,0.942314335,336,2.34
24.25,0.942610412,346,1.93
22.81,0.94211695,340,1.52
21.59,0.942709104,321,1.1
20.12,0.943893412,289,1.17
18.83,0.944485566,276,1.38
18.16,0.944880336,264,1.17
17.74,0.944979028,239,1.03
17.54,0.944584259,221,0.97
16.94,0.944189489,209,0.97
16.54,0.943992105,209,0.97
16.93,0.943992105,215,0.83
16.75,0.944288182,212,0.83
15.84,0.944485566,197,0.97
16.92,0.944979028,226,0.41
18.79,0.945176413,341,0.48
21.11,0.94547249,344,1.1
23.14,0.945571182,334,1.72
24.92,0.945768566,324,2.28
26.33,0.94547249,318,2.62
27.44,0.945176413,315,2.97
28.04,0.944880336,315,3.17
28.15,0.944682951,313,3.31
27.82,0.944880336,311,3.24
26.94,0.94507772,311,3.03
25.45,0.945373797,313,2.41
23.28,0.945768566,317,2.14
21.81,0.946558105,306,1.93
20.55,0.947446336,294,1.79
19.36,0.947841105,282,1.59
18.28,0.947939798,271,1.45
17.28,0.947841105,262,1.24
16.54,0.947545028,244,1.1
16.08,0.947248951,223,1.03
15.91,0.946656797,216,0.83
16.05,0.946558105,227,0.69
16.03,0.946656797,231,0.69
15.6,0.946854182,222,0.76
16.96,0.947248951,277,0.41
18.53,0.947051567,322,0.55
20.88,0.947446336,332,0.97
22.94,0.947150259,333,1.59
24.74,0.946952874,330,2.07
26.16,0.94675549,325,2.55
27.15,0.946262028,322,2.9
27.64,0.945669874,320,3.03
27.71,0.945176413,318,3.1
27.33,0.944880336,318,3.1
26.46,0.944979028,317,3.03
25.01,0.945176413,317,2.55
22.89,0.945373797,316,2.48
21.26,0.946064643,309,2.34
19.93,0.946952874,299,2
18.84,0.947051567,288,1.79
17.93,0.947150259,277,1.52
17.02,0.946952874,269,1.45
16.18,0.946558105,271,1.24
15.4,0.946064643,270,1.1
15.22,0.945669874,269,0.9
15.35,0.945176413,253,0.69
15.26,0.944979028,238,0.41
14.9,0.944979028,229,0.34
14.55,0.945768566,315,0.76
16.48,0.945768566,303,0.9
18.12,0.946064643,311,1.24
19.64,0.945965951,315,1.59
21.33,0.94547249,316,1.86
22.73,0.94507772,315,2.07
23.9,0.944485566,315,2.28
24.23,0.944090797,317,2.34
24.36,0.943696028,316,2.21
24.41,0.943301258,315,2.14
24.1,0.943103874,313,2.14
22.95,0.943301258,312,1.79
20.76,0.943301258,317,2
19.38,0.943893412,308,2.14
18.06,0.944584259,303,2.14
16.94,0.944880336,295,1.86
16.32,0.944979028,285,1.38
15.59,0.944682951,268,0.9
15.16,0.944090797,250,0.69
14.95,0.943301258,247,0.62
14.78,0.942709104,270,0.55
14.43,0.942610412,292,0.48
14.06,0.942413027,296,0.55
13.84,0.94251172,295,0.41
13.57,0.942906489,23,0.41
15.31,0.943202566,0,0.69
17.5,0.943399951,344,1.17
19.5,0.943597335,342,1.66
21.28,0.943301258,341,1.72
22.93,0.943005181,340,1.79
24.21,0.942215643,341,1.93
25.05,0.941820873,344,2
25.36,0.941228719,345,2
25.21,0.940932642,344,1.86
24.56,0.940932642,343,1.72
23.36,0.941327412,338,1.31
21.96,0.941426104,289,0.83
20.27,0.942215643,231,1.03
18.55,0.943005181,243,1.45
17.26,0.943696028,244,1.59
16.33,0.94379472,216,1.66
15.44,0.94379472,195,1.66
14.7,0.943301258,188,1.45
14.06,0.942906489,178,1.31
13.77,0.942413027,165,1.24
13.73,0.94211695,144,1.17
13.57,0.942215643,134,1.1
13.06,0.942314335,130,1.17
15.52,0.942906489,107,0.69
18.39,0.943103874,75,1.45
21.32,0.942906489,71,2.62
23.76,0.942906489,64,3.24
25.8,0.94251172,62,3.31
27.44,0.942018258,62,3.1
28.32,0.941623489,62,2.83
28.73,0.941228719,64,2.69
28.63,0.941031335,67,2.55
27.69,0.941228719,77,2.48
26.76,0.941426104,92,2.69
25.29,0.941919566,101,2.76
24.69,0.941130027,82,3.1
23.5,0.94211695,84,3.03
22.4,0.943103874,86,2.83
21.45,0.943893412,91,2.55
20.38,0.944090797,95,2.55
19.45,0.944386874,93,2.55
18.61,0.944288182,95,2.76
17.19,0.943992105,109,2.76
16.93,0.94379472,124,2.48
16.63,0.943893412,129,2.28
16.84,0.943992105,129,2.21
16.92,0.944288182,123,2.28
18.91,0.944880336,115,2.14
20.62,0.945275105,107,2.34
22.74,0.945373797,90,2.9
25.15,0.945373797,81,3.52
27.2,0.944682951,82,4
28.65,0.944090797,83,4
29.95,0.943498643,80,3.72
30.64,0.943005181,74,3.45
30.56,0.942906489,64,3.72
29.6,0.942709104,60,3.79
28.44,0.943103874,64,3.52
27.22,0.943301258,78,2.97
25.59,0.943202566,81,3.03
24.25,0.943696028,83,2.97
23.18,0.944288182,88,2.76
22.26,0.944584259,95,2.55
21.43,0.944584259,99,2.14
20.49,0.944781643,105,1.52
20.16,0.944781643,121,0.69
20.1,0.945176413,185,0.41
19.2,0.945373797,167,0.76
18.05,0.945176413,157,0.97
17.53,0.945571182,150,1.03
17.19,0.945669874,156,1.1
19.82,0.946558105,190,0.76
22.36,0.947150259,231,0.28
25.1,0.947446336,316,0.48
27.22,0.947446336,329,1.1
28.91,0.947248951,329,1.79
30.15,0.947051567,326,2.28
30.94,0.94675549,323,2.69
31.36,0.946558105,322,3.03
31.19,0.94636072,320,3.1
30.65,0.946459413,317,3.1
29.44,0.94675549,324,2.48
28.1,0.946459413,339,1.52
27,0.946163336,347,0.69
26.35,0.946854182,260,0.69
23.57,0.947347644,267,1.52
22.68,0.947545028,273,2.14
21.73,0.947446336,270,2.14
20.91,0.947347644,268,1.93
20.21,0.947248951,280,1.72
19.43,0.946854182,292,1.38
18.85,0.946854182,298,1.1
18.2,0.946656797,297,0.97
17.78,0.946656797,290,0.9
17.91,0.946952874,291,0.76
18.79,0.947051567,312,1.59
19.34,0.947446336,316,1.45
19.54,0.947742413,322,1.45
19.76,0.947643721,331,1.31
20.51,0.947150259,322,0.76
21.56,0.946558105,304,0.62
23.98,0.945176413,310,1.1
24.27,0.944090797,300,1.86
24.91,0.943597335,301,2.21
24.7,0.943103874,303,2.48
23.8,0.943103874,308,2.48
22.51,0.943399951,318,2.14
19.92,0.943202566,285,2.21
18.19,0.944189489,245,1.45
17.24,0.944781643,228,0.55
17.17,0.944682951,230,0.69
16.85,0.944682951,249,1.1
16.64,0.944288182,254,1.59
16.93,0.943893412,254,1.72
17.07,0.943399951,250,2.14
16.99,0.943301258,249,2.41
16.99,0.943005181,248,2.21
17.18,0.942906489,248,1.79
17.01,0.943005181,254,1.45
16.68,0.943103874,272,1.72
17.67,0.943399951,275,2.21
19.5,0.943597335,280,2.97
21.36,0.943498643,286,3.31
22.59,0.943202566,294,3.17
23.75,0.942709104,297,3.17
24.95,0.94211695,298,3.38
25.69,0.941820873,298,3.72
25.28,0.941426104,306,3.66
25.34,0.941228719,304,3.59
24.6,0.941228719,309,3.31
22.81,0.941524796,326,2.55
20.42,0.941820873,322,2.14
19.69,0.942413027,311,2.07
19.13,0.943399951,305,2.14
18.5,0.943597335,304,2.07
18.09,0.944090797,304,2
17.57,0.944090797,308,1.72
16.95,0.943597335,306,1.45
16.73,0.943202566,296,1.1
16.67,0.942906489,304,1.1
16.54,0.942906489,319,1.31
16.21,0.943202566,334,1.31
16.03,0.94379472,341,1.24
15.89,0.944288182,358,1.24
16.69,0.944979028,357,1.03
17.96,0.944979028,4,1.03
19.79,0.945373797,1,0.9
21.88,0.944979028,345,0.97
23.68,0.944880336,349,1.38
25.16,0.944288182,348,1.72
26.06,0.944090797,348,1.93
26.4,0.94379472,347,2.07
26.19,0.94379472,346,2
25.4,0.943992105,348,1.79
23.96,0.944386874,350,1.31
22.22,0.944386874,343,0.55
21.58,0.944979028,194,0.28
20.42,0.94547249,180,0.83
18.34,0.945867259,182,1.17
17.46,0.945768566,189,1.24
16.73,0.945669874,193,1.1
17.21,0.945373797,187,0.83
16.84,0.944979028,173,0.69
16.39,0.944584259,165,0.62
15.97,0.944386874,167,0.69
15.14,0.944485566,170,0.83
14.17,0.944880336,170,0.97
15.28,0.945571182,169,0.69
18.32,0.945965951,42,0.21
21.32,0.94636072,10,0.9
23.54,0.946459413,8,1.38
25.44,0.946459413,359,1.72
26.96,0.946558105,351,2.07
28.03,0.945965951,343,2.28
28.64,0.945571182,336,2.41
28.77,0.945176413,331,2.41
28.37,0.94507772,329,2.21
27.43,0.94547249,329,1.86
25.78,0.945768566,324,1.38
23.56,0.945965951,323,1.24
21.66,0.946656797,293,1.17
20.57,0.947545028,268,1.1
19.75,0.947545028,242,1.1
19,0.947643721,228,1.1
18.93,0.947545028,216,0.97
18.72,0.947248951,196,0.83
17.66,0.94636072,186,0.62
16.61,0.945867259,176,0.69
15.89,0.945571182,176,0.69
15.5,0.94547249,174,0.62
15.14,0.945571182,170,0.55
15.89,0.946262028,177,0.34
18.75,0.946459413,2,0.34
21.47,0.946262028,6,1.03
23.63,0.946163336,7,1.45
25.48,0.94547249,4,1.72
27.08,0.94507772,359,2
28.24,0.944485566,351,2.07
29.03,0.944090797,341,2.21
29.14,0.943696028,332,2.34
28.85,0.943696028,323,2.41
27.79,0.94379472,317,2.41
26.05,0.943992105,309,2.28
23.99,0.943992105,313,1.93
22.6,0.944781643,294,1.72
21.2,0.945373797,280,1.52
19.99,0.945571182,267,1.03
20.1,0.94547249,232,0.55
19.44,0.945176413,190,0.76
18.19,0.944781643,185,0.9
17.92,0.944090797,185,0.69
17.54,0.943696028,181,0.48
17.12,0.943301258,190,0.41
16.74,0.943202566,196,0.48
16.27,0.943301258,200,0.62
16.91,0.943597335,204,0.41
19.86,0.943696028,32,0.21
22.68,0.943893412,27,0.97
24.9,0.943597335,25,1.52
26.76,0.943202566,21,1.86
28.3,0.942807797,15,2.14
29.38,0.94211695,7,2.21
30.09,0.941820873,358,2.28
30.34,0.941524796,350,2.34
30.09,0.941524796,343,2.28
29.17,0.941623489,334,2.07
27.52,0.942018258,315,2
25.72,0.941524796,306,1.79
23.94,0.94251172,286,1.79
22.08,0.943202566,262,1.66
20.35,0.94379472,240,1.45
18.95,0.94379472,218,1.31
18.2,0.943893412,204,1.1
18.14,0.943202566,195,0.83
18.29,0.942709104,180,0.62
17.6,0.94251172,170,0.62
16.56,0.942215643,162,0.76
15.65,0.942215643,159,0.97
15.43,0.942413027,158,0.97
17.1,0.942807797,188,0.41
19.66,0.943202566,296,0.21
22.91,0.943399951,344,0.83
25.29,0.943696028,349,1.31
26.96,0.943597335,347,1.86
28.46,0.943498643,343,2.07
29.62,0.942906489,336,2.28
30.25,0.942709104,329,2.55
30.33,0.942709104,322,2.69
29.76,0.942906489,317,2.69
28.55,0.943103874,317,2.14
26.9,0.943399951,322,1.38
25.25,0.94251172,312,0.69
24.46,0.943103874,247,0.62
23.08,0.943696028,235,0.97
21.11,0.944189489,249,1.24
19.5,0.944288182,252,1.52
18.42,0.944682951,251,1.72
17.62,0.944485566,250,1.66
16.99,0.944386874,244,1.38
16.62,0.944189489,238,1.1
16.85,0.944189489,231,0.76
17.39,0.944189489,235,0.28
17.24,0.944485566,292,0.62
17.4,0.944781643,300,1.17
19.24,0.945373797,298,1.03
21.51,0.945768566,301,1.24
23.29,0.945669874,307,1.79
24.77,0.945275105,314,2.48
25.03,0.945571182,309,2.76
25.26,0.94507772,310,2.9
25.4,0.944979028,306,2.69
25.13,0.944584259,310,2.28
24.33,0.944781643,318,1.66
23.48,0.944979028,323,1.59
22.38,0.945571182,333,1.66
20.9,0.945965951,336,1.59
20.35,0.946558105,339,1.45
20.03,0.947051567,335,1.17
19.67,0.947347644,325,0.83
19.13,0.946952874,310,0.48
18.96,0.946854182,311,0.28
18.81,0.946262028,344,0.14
18.54,0.945669874,11,0.14
18.03,0.945275105,20,0.28
17.49,0.944880336,79,0.14
16.97,0.944880336,172,0.21
16.43,0.94507772,189,0.34
16.87,0.945768566,78,0.41
18.46,0.946064643,78,0.62
20.48,0.946163336,68,0.69
22.66,0.946163336,40,0.97
24.47,0.94547249,27,1.45
25.94,0.944979028,20,1.79
27,0.944189489,13,2
27.65,0.943696028,4,2.14
27.83,0.943103874,354,2.14
27.58,0.943103874,344,2.21
26.75,0.943301258,332,2.28
25.15,0.943597335,317,2.14
23.01,0.943597335,302,2.41
21.51,0.944485566,294,2.28
20.29,0.945373797,279,1.86
19.17,0.945965951,246,1.52
18.16,0.945867259,215,1.45
17.1,0.945669874,202,1.1
16.97,0.945373797,198,0.62
16.9,0.944584259,193,0.34
16.48,0.944288182,201,0.21
16.02,0.944090797,214,0.28
15.64,0.944090797,221,0.48
15.23,0.944189489,220,0.62
16.02,0.944979028,235,0.48
18.27,0.945275105,335,0
20.81,0.945275105,32,0.62
22.95,0.945176413,23,1.17
24.83,0.944682951,20,1.59
26.36,0.944090797,18,1.79
27.25,0.943399951,9,2.07
27.76,0.942807797,359,2.34
27.94,0.942610412,352,2.34
27.64,0.942215643,344,2.07
26.86,0.941919566,329,1.86
25.34,0.942018258,310,1.79
22.87,0.94251172,306,2.07
21.42,0.943399951,299,1.93
20.08,0.944288182,287,1.52
18.8,0.944781643,248,0.97
17.68,0.944682951,194,1.24
16.73,0.944584259,208,1.1
16.8,0.944090797,236,0.69
16.49,0.943498643,222,0.21
16.14,0.942906489,156,0.21
16.06,0.942807797,168,0.48
14.82,0.942807797,184,0.9
14.71,0.94251172,189,0.83
15.88,0.943399951,215,0.41
18.47,0.94379472,0,0
20.96,0.94379472,0,0
23.4,0.943301258,36,1.59
25.56,0.942807797,30,2.07
27.3,0.942709104,21,2.41
28.49,0.941919566,14,2.48
29.2,0.941228719,9,2.55
29.53,0.940735258,2,2.62
29.29,0.940636566,360,2.48
28.47,0.940932642,4,2
26.76,0.941524796,15,1.52
24.32,0.941426104,339,1.79
22.98,0.942413027,33,1.79
21.72,0.943005181,67,2.9
20.36,0.943597335,73,3.1
19.31,0.94379472,77,2.9
18.53,0.943696028,78,2.62
17.8,0.943399951,81,2.34
17.07,0.942807797,88,2
16.28,0.942413027,97,1.79
15.68,0.94211695,97,1.79
15.36,0.94211695,96,1.79
14.96,0.942413027,96,1.79
16.02,0.942906489,83,1.79
19.27,0.942906489,78,3.1
21.69,0.942709104,72,3.66
24.08,0.942807797,68,3.93
26.22,0.942215643,64,3.93
27.86,0.942018258,57,3.93
28.97,0.941228719,49,3.72
29.61,0.940537873,40,3.66
29.71,0.940241796,35,3.45
28.91,0.940143104,34,3.72
27.73,0.940735258,42,4
25.62,0.941623489,53,4
23.4,0.94251172,57,3.45
22.09,0.943399951,63,3.52
21,0.944189489,64,3.38
20.12,0.944781643,64,2.97
19.35,0.944682951,65,2.76
18.68,0.944682951,65,2.41
18.06,0.944386874,66,1.93
17.35,0.944090797,72,1.31
16.7,0.94379472,80,1.03
16,0.943992105,88,1.17
15.43,0.944189489,96,1.24
14.97,0.944584259,101,1.31
15.8,0.944880336,82,1.45
19.1,0.945176413,72,2.28
21.54,0.945571182,66,2.9
23.78,0.94547249,61,3.38
25.63,0.945373797,56,3.52
27.1,0.945176413,51,3.52
28.13,0.944584259,49,3.45
28.64,0.94379472,48,3.31
28.74,0.94379472,49,3.24
28.28,0.94379472,53,3.17
27.27,0.944090797,58,3.1
25.48,0.944485566,60,2.69
24.06,0.944781643,65,2.76
22.73,0.945768566,71,2.83
21.65,0.946656797,72,2.41
20.62,0.946854182,78,2
19.46,0.94675549,92,1.59
18.37,0.946656797,100,1.24
17.42,0.94636072,102,1.17
16.78,0.945965951,107,1.17
16.33,0.945571182,117,1.1
16.05,0.945571182,126,0.97
15.71,0.945768566,131,0.9
15.3,0.945965951,136,0.97
16.68,0.946558105,117,0.9
19.75,0.947051567,87,1.45
22.93,0.947051567,71,2
25.38,0.946952874,60,2.34
27.43,0.946656797,50,2.41
29.06,0.946459413,42,2.55
30.12,0.945965951,36,2.62
30.59,0.945275105,33,2.48
30.61,0.94507772,32,2.41
30.16,0.94507772,37,2.41
29.12,0.945373797,50,2.55
27.04,0.946064643,0,0
25.98,0.946163336,0,0
24.41,0.946656797,109,2.28
22.94,0.947248951,113,2.07
21.27,0.947446336,112,1.79
19.85,0.947545028,112,1.45
18.7,0.947347644,118,1.24
17.95,0.947051567,126,1.1
17.43,0.94636072,137,0.97
16.89,0.946163336,143,0.97
16.29,0.945965951,143,1.03
15.71,0.946163336,143,1.03
15.08,0.94636072,147,1.17
16.65,0.946854182,153,0.9
20.13,0.947051567,108,0.62
24.34,0.947347644,61,1.31
26.84,0.947643721,50,1.86
28.75,0.947347644,38,2.07
30.15,0.947051567,24,2.07
31.06,0.946558105,8,2.21
31.52,0.946064643,359,2.21
31.57,0.945768566,356,2.14
29.28,0.94547249,1,1.48
28.4,0.945669874,14,1.43
27.51,0.945965951,36,1.38
26.62,0.946163336,358,1.34
25.73,0.946459413,231,1.29
24.84,0.947051567,211,1.24
23.95,0.947446336,199,1.19
23.07,0.947347644,188,1.14
22.18,0.943597335,105,1.09
21.29,0.943202566,107,1.04
20.4,0.942610412,110,0.99
19.51,0.942314335,118,0.95
18.62,0.942314335,124,0.9
17.74,0.94251172,129,0.85
16.85,0.942709104,137,0.8
15.96,0.942906489,135,0.75
22.32,0.943103874,101,1.03
25.55,0.943399951,69,1.31
27.98,0.943103874,53,1.79
29.85,0.942906489,41,2.07
31.19,0.94251172,35,2.34
32.12,0.941919566,30,2.21
32.62,0.941623489,29,2.07
32.6,0.941426104,23,1.86
32.22,0.941426104,28,1.59
31.41,0.941722181,44,1.59
29.7,0.94211695,60,1.66
28.16,0.942413027,69,1.52
26.91,0.943498643,95,0.97
25.85,0.944090797,173,0.21
23.81,0.944485566,249,0.28
22.53,0.944880336,255,0.28
21.85,0.945176413,233,0.14
21.29,0.944979028,104,0.34
20.39,0.944682951,116,0.69
19.26,0.944288182,124,0.69
18.71,0.944386874,128,0.69
18.26,0.944584259,132,0.76
17.96,0.944979028,138,0.76
18.93,0.945768566,135,0.62
21.95,0.946262028,103,0.76
25.43,0.946459413,73,1.24
27.97,0.946558105,54,1.59
30.09,0.946656797,40,2
31.61,0.946262028,33,2.21
32.54,0.945965951,25,2
33.01,0.945571182,18,1.86
33.19,0.945373797,15,1.79
32.79,0.945275105,19,1.66
31.88,0.945669874,33,1.52
30.16,0.946163336,54,1.59
28.17,0.945965951,91,2.28
26.48,0.94675549,107,2.28
24.5,0.947446336,113,1.79
22.63,0.947742413,109,1.38
21.29,0.947939798,110,1.17
20.36,0.948137182,117,1.03
19.82,0.94803849,127,0.97
19.35,0.947841105,134,0.83
18.71,0.947643721,136,0.76
18.26,0.947742413,138,0.76
17.85,0.947939798,140,0.76
17.67,0.948334567,141,0.69
19.05,0.949222798,188,0.62
21.76,0.950012337,265,0.55
24.95,0.950801875,302,1.24
26.82,0.950801875,310,1.72
28.33,0.950703183,317,2
29.54,0.950111029,321,2.14
30.48,0.949518875,321,2.41
30.94,0.948630644,320,2.69
30.89,0.948433259,313,2.76
30.27,0.948334567,318,2.48
29.34,0.948531952,323,2.07
27.87,0.948926721,328,1.52
26.24,0.94932149,303,2.07
24.96,0.949814952,295,2.07
23.95,0.950209721,282,1.59
22.99,0.950012337,248,0.9
22.4,0.950209721,197,0.69
21.7,0.949913644,192,0.83
21.68,0.949420183,186,0.55
21.24,0.948926721,136,0.55
20.31,0.948630644,131,0.9
19.71,0.948433259,127,1.1
19.33,0.948235875,135,1.03
19.24,0.948334567,140,0.9
20.47,0.948433259,129,0.69
22.13,0.948729336,94,0.48
24.16,0.949222798,61,0.9
26.52,0.949025413,59,1.66
28.55,0.948630644,46,2.14
29.67,0.948137182,36,2.55
30.14,0.947446336,36,2.76
30.31,0.94675549,42,2.83
30.16,0.946163336,51,3.03
29.64,0.946262028,56,2.97
28.53,0.94675549,63,2.76
26.53,0.947347644,74,2.62
24.82,0.947051567,84,2.62
23.45,0.947446336,91,2.48
22.22,0.947742413,95,2.21
20.79,0.947643721,96,1.93
19.45,0.947939798,102,1.72
18.12,0.947545028,114,1.45
17.28,0.946952874,121,1.17
16.81,0.946656797,126,0.97
16.24,0.946163336,129,0.97
15.55,0.946163336,130,1.03
15.11,0.946163336,130,1.03
14.85,0.94636072,129,0.97
15.42,0.946558105,128,1.1
18.93,0.946952874,104,1.17
22.68,0.947051567,82,1.86
25.38,0.946854182,72,2.21
27.52,0.946558105,63,2.62
29.02,0.946064643,59,2.83
29.96,0.945275105,55,3.03
30.21,0.944386874,59,3.03
30.23,0.944189489,75,2.69
29.62,0.944386874,87,2.69
28.37,0.944781643,86,2.76
26.31,0.945176413,86,3.1
24.46,0.945669874,88,3.1
23.18,0.946064643,93,2.83
21.97,0.946854182,96,2.48
20.96,0.946952874,98,2.28
20.06,0.947150259,103,2
19.14,0.947051567,108,1.79
18.24,0.946952874,114,1.59
17.42,0.946558105,120,1.52
16.66,0.946459413,124,1.52
16.02,0.94636072,127,1.52
15.47,0.946262028,129,1.45
15.04,0.946459413,132,1.38
15.42,0.947150259,134,1.24
19.28,0.947545028,112,1.17
22.89,0.947841105,83,1.86
25.39,0.947841105,68,2.28
27.33,0.947446336,58,2.69
28.82,0.946952874,52,3.03
29.75,0.946163336,48,3.24
30.18,0.945571182,48,3.52
30.11,0.945176413,50,3.59
29.54,0.94507772,55,3.52
28.37,0.945275105,63,2.83
26.16,0.945768566,73,2.21
24.45,0.946163336,80,2.28
23.06,0.946656797,99,2
21.46,0.947150259,123,1.72
19.52,0.947248951,137,1.31
18.55,0.947446336,142,1.17
17.36,0.947446336,148,1.17
16.05,0.947446336,154,1.45
15.1,0.946952874,159,1.52
14.35,0.946558105,160,1.52
13.69,0.946558105,162,1.59
13.09,0.94675549,165,1.66
12.59,0.946952874,168,1.79
12.78,0.947643721,172,1.86
17.5,0.947841105,171,1.1
23.06,0.948235875,132,0.55
25.9,0.94803849,59,0.83
27.97,0.947742413,44,1.31
29.41,0.946854182,42,1.24
30.37,0.945768566,20,1.38
30.85,0.945176413,2,2.21
30.66,0.944682951,356,2.48
30.01,0.944485566,351,2.34
28.84,0.944682951,341,1.79
27.14,0.94507772,318,1.45
25.09,0.945176413,289,2
23.18,0.945571182,258,2.14
21.42,0.946064643,228,2.07
20.13,0.946163336,209,1.79
19.11,0.946262028,201,1.59
17.89,0.946163336,199,1.31
17.43,0.945768566,204,1.03
17.56,0.94547249,216,0.69
17.15,0.945275105,207,0.55
16.47,0.944979028,195,0.69
15.51,0.945275105,189,0.83
15.5,0.945373797,185,0.76
14.85,0.946064643,188,0.83
18.14,0.94636072,172,0.34
22.63,0.946854182,83,0.55
25.21,0.946656797,43,0.97
27.12,0.946064643,24,1.59
28.48,0.945768566,20,2.07
29.39,0.945176413,17,2.28
29.87,0.944584259,13,2.34
29.9,0.944288182,11,2.28
29.52,0.944090797,12,2.21
28.59,0.944189489,11,1.72
27.18,0.944386874,4,1.31
25.08,0.944584259,59,1.1
23.51,0.94547249,100,1.24
21.25,0.945768566,107,1.66
19.65,0.945965951,108,2
18.16,0.945768566,109,1.72
17.25,0.945571182,111,1.59
16.53,0.945373797,116,1.52
16.13,0.94507772,122,1.31
15.69,0.944584259,129,1.17
15.21,0.944781643,135,1.17
14.88,0.944781643,139,1.1
14.5,0.945176413,144,1.17
14.5,0.945965951,149,1.17
18.13,0.946656797,133,0.9
22.45,0.946854182,89,0.83
25.39,0.946952874,54,1.24
27.62,0.946854182,34,1.52
29.33,0.946064643,20,1.79
30.41,0.945571182,10,1.93
30.9,0.94507772,2,2.14
30.88,0.944880336,358,2.14
30.41,0.94507772,357,2.07
29.39,0.945669874,1,1.59
27.97,0.946163336,360,1.17
26.95,0.94675549,77,0.21
24.42,0.946854182,164,1.24
21.28,0.947446336,164,1.66
19.69,0.947643721,149,1.24
18.68,0.947643721,133,1.17
17.72,0.947939798,132,1.17
16.82,0.947643721,137,1.17
16.04,0.947446336,142,1.24
15.41,0.947150259,146,1.24
14.93,0.947347644,149,1.31
14.47,0.947545028,153,1.31
14.07,0.947939798,156,1.38
14.36,0.948334567,158,1.52
18.66,0.949222798,147,1.03
23.91,0.949617567,108,0.9
27.17,0.949814952,79,1.1
29.44,0.949518875,56,1.17
31.06,0.948828029,31,1.17
32.01,0.948235875,4,1.31
32.36,0.947643721,351,1.66
32.27,0.947742413,351,1.93
31.69,0.947742413,354,1.93
30.52,0.948334567,3,1.59
28.95,0.948630644,3,1.31
27.91,0.949025413,88,0.62
25.1,0.949617567,180,1.38
22.13,0.950111029,193,1.93
20.33,0.950407106,190,1.93
18.9,0.950604491,183,1.79
17.79,0.950505798,175,1.66
17.08,0.950407106,171,1.59
16.38,0.949913644,172,1.52
15.75,0.94971626,172,1.66
15.34,0.949518875,172,1.79
15.01,0.94971626,172,1.86
14.68,0.949814952,171,1.93
14.93,0.950407106,172,1.93
19.25,0.950703183,166,1.24
25.31,0.951196644,132,0.83
28.25,0.95099926,84,1.1
30.19,0.950703183,58,1.38
31.43,0.950111029,36,1.66
32.11,0.94932149,19,1.93
32.32,0.948729336,11,2.28
32.03,0.948235875,7,2.41
31.4,0.94803849,4,2.34
30.27,0.948137182,355,1.72
28.46,0.948334567,328,1.52
26.88,0.948334567,324,1.03
26.75,0.948630644,269,0.76
23.43,0.948926721,208,1.38
20.83,0.949025413,190,1.86
19.09,0.948926721,183,1.66
18.04,0.948729336,179,1.52
17.32,0.948334567,175,1.52
16.82,0.947643721,174,1.52
16.35,0.947446336,172,1.52
15.66,0.947150259,168,1.59
14.88,0.947446336,165,1.72
14.31,0.947643721,165,1.79
14.34,0.948137182,166,1.86
18.39,0.948531952,162,1.1
23.96,0.948828029,101,0.69
27.12,0.948433259,62,1.31
29.24,0.947939798,53,1.86
30.7,0.947248951,41,2.14
31.57,0.946656797,34,2.34
31.93,0.945768566,31,2.48
31.86,0.945373797,31,2.48
31.37,0.945176413,33,2.41
30.15,0.945176413,38,1.59
28.64,0.945571182,70,1.31
26.08,0.945669874,89,1.66
24.26,0.946262028,115,1.59
22.62,0.946558105,134,1.59
20.74,0.946558105,142,1.45
19.35,0.946459413,142,1.31
18.2,0.945965951,145,1.38
17.01,0.945571182,152,1.52
15.96,0.945373797,158,1.79
15.37,0.94507772,162,1.93
14.9,0.94507772,164,2
14.5,0.94507772,167,2
14.17,0.945275105,171,2.07
14.44,0.945768566,171,1.93
18.43,0.946163336,171,1.17
24.31,0.946656797,137,0.41
27.4,0.946656797,41,0.62
29.53,0.946558105,16,1.17
30.91,0.945965951,3,1.59
31.69,0.94507772,360,1.86
31.98,0.944386874,359,2.07
31.86,0.944189489,360,2.07
31.32,0.944090797,354,2.07
30.18,0.944090797,334,1.59
28.37,0.944386874,296,1.86
26.85,0.944584259,282,1.72
24.69,0.944979028,264,2
22.84,0.945275105,236,2.07
21.05,0.945571182,212,1.93
19.44,0.945571182,203,1.59
18.33,0.945373797,197,1.38
17.39,0.94507772,194,1.24
16.63,0.944880336,196,1.24
16.02,0.944584259,200,1.24
15.83,0.944584259,201,1.1
16.01,0.944485566,199,0.9
15.81,0.944682951,196,0.83
15.13,0.944880336,194,1.03
18.45,0.945176413,198,0.48
23.27,0.945571182,9,0.28
25.84,0.945373797,13,0.83
27.76,0.94507772,9,1.31
29.16,0.944485566,2,1.66
30.03,0.943498643,354,1.86
30.48,0.943103874,349,2
30.45,0.943005181,348,1.93
30.03,0.943103874,342,1.79
28.91,0.943202566,324,1.52
27.17,0.943399951,297,1.59
25.11,0.943498643,247,1.66
22.98,0.943893412,226,1.52
20.87,0.944485566,206,1.52
19.68,0.944880336,194,1.72
18.55,0.945176413,189,1.72
17.81,0.944979028,180,1.59
17.02,0.944880336,167,1.45
16.45,0.944682951,155,1.38
15.68,0.944485566,152,1.38
14.84,0.944386874,150,1.45
14.13,0.944485566,150,1.45
13.53,0.944781643,150,1.45
13.7,0.945176413,154,1.31
17.52,0.945867259,137,0.69
22.38,0.945965951,73,1.03
25.33,0.945965951,63,2
27.56,0.945768566,59,2.55
29.07,0.945275105,55,2.69
29.97,0.944386874,51,2.69
30.32,0.943893412,49,2.76
30.19,0.943498643,50,2.9
29.52,0.943597335,57,3.03
28.04,0.943893412,65,2.55
25.55,0.944485566,79,2.55
23.93,0.944979028,92,2.83
22.47,0.945571182,97,2.76
21.12,0.945867259,101,2.41
19.77,0.946163336,105,2.14
18.56,0.94636072,110,1.86
17.45,0.946163336,115,1.72
16.43,0.946262028,120,1.59
15.48,0.945768566,125,1.52
14.82,0.945571182,130,1.45
14.17,0.945571182,133,1.52
13.61,0.945965951,137,1.52
13.14,0.946262028,139,1.52
13.6,0.94675549,136,1.45
17.22,0.947150259,122,1.17
22.04,0.947347644,90,1.72
24.97,0.947248951,73,2.34
27.12,0.94675549,63,2.62
28.67,0.946064643,57,2.69
29.68,0.945275105,51,2.76
30.04,0.944584259,46,2.83
29.79,0.944288182,45,2.83
29.06,0.944386874,50,2.69
27.7,0.944781643,64,2.28
25.34,0.945275105,85,2.41
23.49,0.945373797,102,2.55
21.96,0.945965951,114,2.28
20.46,0.946262028,116,1.86
18.97,0.946558105,116,1.59
17.69,0.946558105,119,1.45
16.78,0.946262028,126,1.31
16,0.946064643,131,1.31
15.22,0.945275105,135,1.31
14.62,0.944781643,138,1.38
14.15,0.944781643,141,1.45
13.94,0.944880336,145,1.38
13.67,0.944979028,149,1.38
13.78,0.945275105,151,1.38
17.32,0.945768566,142,0.9
22.16,0.945965951,92,0.76
25.15,0.945768566,51,1.38
27.32,0.945571182,38,1.79
28.75,0.944682951,24,2
29.6,0.94379472,16,2.14
29.93,0.943202566,11,2.07
29.88,0.943202566,6,1.72
29.45,0.943005181,2,1.59
28.34,0.943498643,11,1.1
26.92,0.943893412,38,0.76
24.59,0.943893412,91,1.52
22.69,0.944288182,114,1.52
22.03,0.944386874,130,1.03
21.12,0.944682951,132,0.55
20.02,0.944880336,140,0.55
18.92,0.944584259,142,0.69
17.74,0.944386874,138,0.76
17.02,0.944189489,143,0.76
16.56,0.943992105,146,0.83
16.1,0.944090797,147,0.83
15.44,0.943992105,148,0.9
14.93,0.944288182,152,0.9
15.28,0.944781643,158,0.9
17.81,0.945275105,140,0.41
21.82,0.945373797,32,0.62
24.28,0.945176413,17,1.31
26.08,0.944880336,11,1.86
27.19,0.944288182,8,2.14
28.13,0.94379472,1,2.14
28.31,0.943202566,342,1.79
28.18,0.943103874,358,1.38
27.98,0.943301258,11,0.97
27.16,0.943301258,22,0.83
25.93,0.94379472,19,0.76
25.35,0.943893412,326,0.21
24.76,0.944485566,156,0.14
23.63,0.94507772,192,0.48
22.17,0.94547249,207,0.69
20.68,0.945965951,206,0.69
19.78,0.945768566,216,0.55
19.26,0.945768566,228,0.34
18.82,0.94547249,235,0.28
18.6,0.945571182,213,0.34
18.13,0.945571182,176,0.62
16.89,0.945867259,154,0.83
16.32,0.946064643,150,0.9
15.93,0.945965951,157,1.31
18.57,0.946459413,164,1.03
22.07,0.946854182,167,0.69
24.74,0.946656797,285,0.28
26.74,0.94636072,319,1.17
27.77,0.945571182,317,2.14
27.08,0.945275105,312,2.21
26.8,0.944682951,324,1.45
26.9,0.944386874,321,0.83
25.53,0.945176413,276,1.17
22.65,0.946262028,200,1.31
21.29,0.946459413,165,2.34
21.56,0.945571182,181,1.59
20.07,0.945965951,183,1.59
18.7,0.946163336,190,1.59
17.61,0.94636072,196,1.52
16.89,0.946459413,202,1.52
16.08,0.946163336,203,1.66
15.35,0.945965951,200,1.66
14.74,0.945669874,198,1.66
14.2,0.94547249,198,1.59
13.96,0.945571182,199,1.45
13.86,0.945768566,200,1.31
13.87,0.945867259,199,1.17
14.04,0.946163336,197,1.24
17.05,0.94636072,195,0.62
20.61,0.94675549,85,0.34
22.84,0.946262028,55,0.97
24.62,0.945965951,44,1.31
25.98,0.944979028,34,1.52
26.72,0.943992105,26,1.66
26.79,0.943202566,20,1.79
26.66,0.942610412,10,1.72
26.25,0.942610412,9,1.79
25.23,0.942709104,3,1.59
23.88,0.942807797,344,1.03
22.18,0.942906489,305,1.03
21.15,0.943301258,283,1.1
20.72,0.943597335,278,0.97
20.16,0.943597335,255,0.76
19.63,0.943696028,221,0.69
18.75,0.943103874,183,0.69
17.28,0.943005181,151,0.76
16.02,0.942709104,143,0.83
14.96,0.942215643,141,0.9
14.33,0.942018258,144,0.97
14.02,0.941820873,144,1.03
13.72,0.941820873,144,0.97
14.62,0.942215643,143,0.9
16.78,0.942314335,122,0.76
20.9,0.942709104,91,1.03
23.61,0.94251172,74,1.24
25.6,0.941820873,49,1.1
26.7,0.941031335,15,1.24
27.67,0.940044412,359,1.79
26.03,0.939649642,12,1.52
26.03,0.939452258,54,1.17
25.08,0.940044412,129,1.59
23.06,0.940636566,181,1.86
21.75,0.941327412,219,1.79
19.78,0.942018258,226,2.07
18.77,0.942610412,209,1.86
18.14,0.943005181,192,1.45
17.75,0.942906489,183,1.03
17.41,0.942807797,168,0.76
17.02,0.942413027,158,0.83
16.78,0.941919566,126,1.17
16.39,0.941426104,119,1.17
16.16,0.941031335,126,1.17
15.75,0.941031335,141,1.31
14.97,0.941130027,153,1.45
14.56,0.941130027,168,1.45
14.41,0.941426104,176,1.31
16.71,0.941820873,183,0.9
19.31,0.942314335,169,0.41
22.03,0.94211695,39,0.21
23.98,0.941820873,357,0.97
23.85,0.941228719,346,1.31
24.03,0.940932642,2,0.76
23.97,0.940340489,71,0.62
24.07,0.940340489,105,1.24
23.47,0.940537873,133,1.45
22.12,0.941130027,181,1.45
20.59,0.941820873,197,1.38
20.2,0.941820873,163,1.38
18.84,0.942215643,165,1.66
17.58,0.94251172,169,1.72
16.66,0.942215643,175,1.66
15.79,0.942215643,181,1.72
15.31,0.942314335,192,1.79
14.93,0.942215643,207,1.86
14.77,0.94211695,217,1.66
14.56,0.942018258,219,1.59
14.32,0.942018258,216,1.52
14.47,0.942215643,211,1.24
15.23,0.942314335,207,0.83
15.71,0.942906489,169,0.69
16.54,0.943301258,326,0.14
18.4,0.943597335,336,1.1
19.62,0.943597335,326,1.72
20.37,0.943498643,326,2
21.01,0.942709104,324,1.86
21.58,0.942018258,323,1.72
21.88,0.940735258,319,1.86
21.34,0.939945719,321,2.14
19.55,0.940241796,293,1.66
17.7,0.941031335,268,1.38
16.34,0.941228719,271,1.03
16.39,0.94083395,255,1.45
15.93,0.940932642,260,1.1
14.87,0.941130027,286,1.31
14.2,0.941228719,282,0.9
14.44,0.940636566,163,0.41
13.42,0.940537873,176,0.97
12.91,0.939649642,173,1.24
12.53,0.938958796,176,1.31
12.19,0.938366642,186,1.45
11.76,0.937577103,190,1.72
12.52,0.937281026,186,1.86
12.53,0.936787565,194,1.79
14.07,0.936886257,210,2.07
15.55,0.937379719,234,1.38
17.39,0.937577103,268,1.1
19.3,0.937577103,266,2.07
19.26,0.937577103,250,2.48
18.75,0.936688872,233,2.07
18.33,0.935800642,242,2.07
17.58,0.935109795,246,2.07
17.55,0.934912411,246,1.66
17.23,0.934715026,250,1.72
16.78,0.93530718,237,2.21
16.48,0.935701949,230,2.83
16.26,0.935405872,226,3.17
15.88,0.935603257,228,2.97
15.42,0.936195411,238,2.62
14.59,0.936294103,249,2.34
14.66,0.93659018,256,2.28
14.67,0.936688872,262,2.07
14.56,0.936491488,267,1.86
14.42,0.936491488,280,1.79
14.14,0.936491488,288,1.79
13.88,0.936984949,298,2.34
13.57,0.937379719,298,1.79
13.35,0.938070565,301,1.38
13.37,0.938761411,290,1.17
13.74,0.939649642,288,0.97
14.24,0.940537873,294,1.24
14.52,0.940932642,294,1.66
15.87,0.941228719,300,1.59
16.27,0.940735258,302,1.79
16.87,0.940735258,306,1.45
17.72,0.940241796,313,1.52
17.56,0.940340489,320,1.59
17.48,0.940537873,324,1.45
16.72,0.941031335,317,1.45
15.97,0.941919566,308,0.97
15.21,0.94211695,41,0.69
15.06,0.942610412,86,0.48
14.69,0.943005181,137,0.62
13.17,0.942906489,146,1.03
11.95,0.942709104,147,1.31
11.9,0.942018258,145,1.1
11.95,0.941820873,140,0.97
11.82,0.940932642,142,0.9
11.96,0.940636566,155,0.83
11.75,0.940340489,169,0.76
10.5,0.940537873,172,1.03
9.58,0.940735258,176,1.38
10.12,0.941130027,184,1.38
12.67,0.941722181,192,0.9
16.04,0.942215643,209,0.41
18.01,0.94251172,308,0.41
19.65,0.942018258,323,0.83
20.92,0.941426104,321,1.24
21.92,0.940636566,319,1.66
22.47,0.940241796,315,2.41
22.48,0.940044412,316,2.76
21.86,0.940143104,326,2.14
20.51,0.940143104,348,1.24
19.04,0.940636566,332,0.83
17.15,0.940735258,315,1.24
16.22,0.941327412,296,1.17
16.59,0.941623489,227,0.9
14.36,0.941426104,199,1.31
12.71,0.941426104,184,1.66
12.17,0.94083395,181,1.59
11.94,0.940735258,199,1.72
11.85,0.940340489,207,1.86
11.89,0.939847027,201,2.07
12.18,0.939254873,195,2.28
12.67,0.938860104,200,2.41
13.43,0.939057488,217,2.41
13.93,0.939748335,256,2.28
14.93,0.940340489,270,2.07
14.3,0.941722181,278,2.07
14.1,0.942610412,263,2.41
14.09,0.942906489,240,2.76
14.5,0.942413027,225,3.03
15.46,0.941623489,230,3.17
14.97,0.941820873,261,3.45
14.71,0.942215643,262,2.69
14.8,0.942709104,250,2.48
14.21,0.943301258,263,2.76
13.02,0.94379472,251,2.21
12.88,0.944090797,246,2.55
12.71,0.944682951,246,2.69
12.69,0.944979028,247,2.41
12.38,0.945176413,253,2.34
12.46,0.945275105,247,2.41
12.58,0.945176413,244,2.55
12.5,0.944781643,239,2.48
12.31,0.944682951,237,2.48
12.4,0.944189489,238,2.41
12.37,0.943992105,238,2.28
12.6,0.944386874,245,2.28
12.78,0.944682951,249,2.41
12.64,0.94507772,258,2.55
12.83,0.94547249,263,2.55
13.55,0.946064643,264,2.76
14.45,0.94636072,266,2.9
15.76,0.945965951,277,3.38
16.33,0.945768566,284,3.45
17.22,0.945176413,287,3.52
17.44,0.944880336,289,3.17
17.4,0.944584259,294,2.83
17.05,0.94507772,294,2.48
16.33,0.945176413,304,1.86
15.14,0.945768566,314,1.59
14.31,0.946558105,316,1.72
13.69,0.947051567,311,1.52
13.17,0.947347644,294,1.17
12.79,0.947248951,238,0.76
12.29,0.947248951,193,0.9
11.98,0.947051567,180,0.97
11.48,0.94675549,174,0.97
11.33,0.946459413,164,0.83
11.37,0.946163336,148,0.76
10.77,0.94636072,149,0.83
10.42,0.946163336,151,0.83
10.3,0.946262028,153,0.76
9.87,0.946952874,164,0.9
10.95,0.947446336,142,0.48
13.88,0.947742413,120,0.55
15.76,0.947742413,51,0.28
17.11,0.947150259,13,1.03
18.11,0.946656797,12,1.66
18.68,0.945965951,11,1.86
18.96,0.945669874,10,2
18.87,0.945669874,7,1.93
18.38,0.945965951,0,1.52
17.53,0.946163336,322,0.76
16.14,0.946558105,252,0.69
15.33,0.946854182,202,0.9
13.8,0.947347644,182,1.31
12.45,0.947545028,177,1.52
11.6,0.947446336,174,1.52
11.1,0.947446336,171,1.52
10.77,0.947051567,166,1.52
10.58,0.94675549,160,1.52
10.62,0.946163336,158,1.52
10.51,0.945867259,154,1.52
10.39,0.945571182,155,1.45
10.14,0.945571182,154,1.59
9.99,0.945571182,154,1.59
10.07,0.946163336,157,1.52
12.94,0.946558105,134,0.97
16.93,0.946854182,82,1.38
19.15,0.946558105,69,2.48
20.68,0.946262028,71,3.31
21.79,0.945571182,69,3.52
22.56,0.944781643,62,3.72
22.74,0.944189489,58,3.86
22.55,0.944090797,59,3.86
21.82,0.944189489,58,3.17
20.23,0.944485566,56,2.76
18.73,0.944979028,63,2.76
18.25,0.944781643,70,2.48
17.56,0.94507772,79,2.41
16.83,0.94507772,90,2.21
16.16,0.944880336,100,1.93
15.49,0.944880336,105,1.59
14.72,0.944682951,110,1.31
13.97,0.944485566,116,1.17
13.72,0.943893412,123,0.97
13.41,0.943893412,130,0.97
13.21,0.943498643,143,0.9
13.03,0.943893412,151,0.9
12.63,0.944090797,153,0.97
12.47,0.944288182,158,1.17
14.49,0.944682951,163,0.76
17.94,0.945176413,125,0.34
20.34,0.945275105,32,0.48
21.84,0.944880336,13,0.97
22.76,0.944386874,2,1.38
23.22,0.943696028,354,1.59
23.38,0.943301258,346,1.72
23.27,0.943202566,336,1.93
20.77,0.943498643,343,0.87
19.9,0.943696028,0,1.06
19.03,0.944090797,264,1.25
18.16,0.944189489,177,1.44
17.29,0.944386874,184,1.63
16.42,0.944781643,190,1.82
15.55,0.944682951,190,2.01
14.68,0.944682951,188,2.2
13.81,0.945275105,271,2.39
12.94,0.94507772,272,2.58
12.07,0.94507772,277,2.77
11.2,0.94507772,275,2.97
10.33,0.94507772,267,3.16
9.46,0.945571182,261,3.35
8.59,0.945965951,255,3.54
7.73,0.94636072,255,3.73
11.05,0.946952874,260,2.55
12.06,0.947742413,271,3.45
13.33,0.947742413,284,3.72
14.46,0.947545028,283,3.86
15.31,0.947150259,278,3.93
15.6,0.946262028,279,3.79
16.1,0.946262028,284,3.93
16.07,0.946163336,285,3.59
15.46,0.946064643,292,2.76
14.62,0.946656797,300,2
13.69,0.947051567,296,1.52
12.82,0.947545028,299,1.31
11.79,0.947742413,264,1.1
11.46,0.94803849,236,1.03
10.86,0.947939798,213,1.1
9.99,0.947742413,192,1.24
8.85,0.947446336,178,1.52
7.96,0.94675549,171,1.52
7.78,0.94636072,171,1.24
7.87,0.945965951,177,1.1
7.75,0.946064643,182,1.1
7.4,0.946163336,182,1.17
7.23,0.946459413,178,1.1
6.19,0.947150259,172,1.17
8.72,0.947643721,165,0.55
12.08,0.948137182,106,0.48
14.06,0.94803849,54,0.55
15.61,0.947841105,22,0.9
16.72,0.947347644,6,1.31
17.46,0.946854182,0,1.59
17.73,0.946262028,358,1.66
17.68,0.946064643,355,1.24
17.3,0.94636072,347,1.1
16.32,0.946656797,347,1.1
14.75,0.947347644,345,0.69
14.65,0.947446336,204,0.48
12.11,0.947939798,182,1.38
10.31,0.948137182,174,1.79
9.27,0.948433259,170,1.72
8.7,0.948235875,164,1.72
8.36,0.947939798,158,1.66
8.07,0.947545028,154,1.59
7.71,0.947150259,151,1.66
7.29,0.94675549,152,1.72
6.91,0.946459413,152,1.72
6.67,0.946558105,150,1.66
6.55,0.946656797,149,1.59
6.72,0.947446336,150,1.45
9.26,0.947939798,148,1.03
13.96,0.948433259,97,0.76
16.84,0.948630644,63,1.45
18.78,0.948433259,56,2.14
20.24,0.94803849,51,2.41
21.2,0.947347644,47,2.69
21.59,0.946854182,46,2.76
21.49,0.94675549,46,2.69
20.64,0.947150259,46,1.93
18.95,0.947347644,50,1.66
16.91,0.947841105,76,1.38
15.06,0.948334567,92,1.52
13.52,0.948630644,120,1.52
11.78,0.949025413,126,1.38
10.73,0.949124106,128,1.38
10.27,0.949124106,133,1.31
9.75,0.949025413,136,1.31
9.16,0.948828029,138,1.38
8.65,0.948729336,142,1.45
8.14,0.948828029,145,1.52
7.72,0.948828029,148,1.66
7.27,0.949025413,151,1.72
6.86,0.94932149,153,1.79
7.17,0.949814952,152,1.72
9.6,0.950308414,154,1.38
15.23,0.950801875,124,0.97
18.63,0.950900567,83,1.17
20.72,0.950505798,68,1.86
22.12,0.950308414,62,2.07
22.94,0.94932149,54,2.21
23.21,0.948828029,48,2.28
22.83,0.948729336,45,2.28
21.74,0.949025413,44,1.79
19.84,0.949222798,49,1.79
17.79,0.94971626,72,1.72
16.05,0.949518875,99,1.86
14.09,0.94971626,115,1.72
12.49,0.950012337,117,1.59
11.63,0.949814952,118,1.52
10.85,0.94971626,118,1.59
10.27,0.949617567,120,1.66
9.81,0.94932149,123,1.66
9.51,0.948729336,129,1.52
9.23,0.948531952,132,1.45
8.96,0.948235875,133,1.38
8.73,0.948334567,132,1.31
8.44,0.948531952,130,1.31
8.68,0.948926721,129,1.31
10.39,0.94932149,113,1.24
15.32,0.94971626,85,1.66
17.81,0.949518875,70,2.28
19.5,0.949420183,60,2.69
20.49,0.948828029,53,3.03
20.94,0.948137182,52,3.17
21.04,0.947643721,53,3.03
20.72,0.947643721,55,3.03
19.79,0.947841105,56,2.62
18.05,0.948137182,61,2.34
16.4,0.948828029,74,2.14
15.23,0.948531952,77,2
13.98,0.948828029,89,1.86
12.79,0.949025413,98,1.72
11.71,0.948926721,100,1.72
11,0.948926721,101,1.72
10.4,0.948630644,102,1.79
9.94,0.948235875,105,1.66
9.47,0.947841105,108,1.45
9.58,0.947545028,109,1.38
9.3,0.947248951,112,1.31
8.64,0.947248951,115,1.45
8.44,0.947446336,120,1.38
9.52,0.947545028,133,1.17
11.25,0.947939798,119,0.97
14.85,0.948334567,87,1.45
16.95,0.948531952,72,1.93
18.64,0.948334567,64,2.14
19.85,0.947841105,54,2.28
20.54,0.946854182,48,2.28
20.81,0.946262028,47,2.28
20.59,0.945965951,48,2.21
19.82,0.946064643,47,1.86
18.32,0.946163336,48,1.38
16.55,0.94636072,78,1.1
15.19,0.946064643,131,1.31
13.25,0.946163336,158,1.52
11.43,0.94636072,164,1.52
10.32,0.946163336,169,1.59
9.58,0.945965951,174,1.66
9.06,0.945571182,178,1.59
8.7,0.94507772,182,1.59
8.42,0.944485566,187,1.66
8.31,0.944189489,191,1.79
8.21,0.943992105,196,1.93
8.03,0.94379472,200,1.93
7.82,0.943893412,204,2
7.79,0.944090797,207,1.86
10.3,0.944189489,215,1.38
15.03,0.944288182,249,1.1
16.97,0.944288182,280,2.14
18.17,0.943399951,286,2.9
19.07,0.942610412,285,3.66
19.06,0.941722181,289,3.93
18.98,0.941031335,289,3.93
18.3,0.940636566,290,3.52
17.79,0.940735258,293,2.83
16.75,0.94083395,291,2.21
15.55,0.941031335,284,2.14
14.87,0.941228719,285,2.34
13.76,0.941722181,278,2.55
13.52,0.942018258,284,2.76
13.18,0.94211695,283,2.55
13.04,0.941919566,270,1.93
12.78,0.941722181,270,2.07
12.29,0.941130027,266,2
11.98,0.94083395,260,2
11.49,0.940735258,247,1.79
11.01,0.940340489,231,1.86
10.61,0.940241796,231,1.86
10.09,0.940537873,228,2.07
10.49,0.940537873,230,2.14
12.04,0.94083395,237,2.28
13.64,0.941031335,246,2.62
14.87,0.940932642,257,4.55
15.77,0.94083395,268,4.76
16.28,0.939945719,276,4.76
16.37,0.939156181,283,4.69
16.44,0.938564027,283,4.9
15.81,0.938465334,288,4.48
15.19,0.938860104,289,4.07
14.43,0.939156181,294,3.1
13.67,0.939847027,288,2.76
13.74,0.939748335,278,2.55
13.35,0.939847027,268,2.41
13.14,0.939649642,265,2.41
12.8,0.939353565,259,2.55
12.81,0.938958796,256,2.62
12.69,0.938366642,256,2.83
12.77,0.937675796,257,2.97
12.78,0.936984949,255,3.17
12.54,0.936688872,247,3.45
12.83,0.936096718,241,3.86
12.91,0.935701949,238,3.93
13.23,0.935504565,237,4.07
13.98,0.935109795,237,4.41
14.53,0.935405872,239,4.34
15.19,0.935603257,241,4.21
15.82,0.936096718,245,4.55
15.96,0.935899334,249,4.28
16.3,0.935504565,252,4.48
17.11,0.934813718,256,5.38
17.19,0.934221564,256,5.93
17.29,0.933925487,255,6.28
16.92,0.934122872,253,5.17
16.18,0.934221564,250,4.9
15.77,0.934517641,250,4.69
16.17,0.934122872,249,4.69
15.87,0.934517641,252,4.55
15.1,0.934517641,254,4.28
14.75,0.935011103,256,3.93
14.38,0.935109795,254,4.07
13.42,0.93530718,254,4.07
13.02,0.935405872,254,3.86
12.85,0.93530718,257,3.38
12.76,0.935405872,266,2.83
12.69,0.935701949,288,2.83
12.31,0.936195411,311,2.76
11.9,0.937182334,319,2.28
11.78,0.938070565,311,2.14
11.66,0.939156181,288,1.17
11.72,0.940241796,270,1.17
12.16,0.941130027,265,1.86
12.51,0.941623489,273,2
12.88,0.941919566,284,2.69
12.79,0.941820873,283,2.48
12.89,0.941722181,280,2.28
13.16,0.942018258,274,1.79
13.06,0.942906489,268,1.66
12.9,0.943597335,254,1.24
11.97,0.944584259,247,1.17
12.12,0.945373797,268,1.1
12.02,0.946064643,248,0.83
11.82,0.946656797,227,0.69
11.65,0.947248951,209,0.69
11.74,0.947841105,188,0.62
12,0.94803849,147,0.48
11.29,0.948137182,117,0.62
10.55,0.947939798,113,0.9
10.26,0.94803849,132,0.97
9,0.94803849,158,1.31
8.66,0.948137182,172,1.03
8.69,0.948531952,176,0.76
7.68,0.949617567,163,1.17
10.11,0.950209721,151,0.55
12.13,0.951196644,70,0.62
13.26,0.951492721,45,0.76
14.41,0.951591414,36,0.76
15.59,0.951196644,27,0.83
16.45,0.950505798,11,1.1
17,0.950012337,4,1.52
16.4,0.949913644,5,1.79
15.88,0.950308414,1,1.66
14.8,0.950801875,351,1.03
13.79,0.951394029,282,0.21
11.99,0.951690106,197,0.97
10.15,0.951986183,188,1.59
9.1,0.951986183,186,1.59
8.44,0.951986183,186,1.52
8,0.951788798,188,1.45
7.76,0.951887491,188,1.45
7.35,0.951394029,190,1.45
7.07,0.950703183,191,1.38
6.84,0.950604491,192,1.38
6.57,0.950308414,190,1.45
6.31,0.950209721,187,1.45
6.23,0.950407106,184,1.38
6.37,0.950703183,185,1.24
8.77,0.951196644,186,0.76
12.91,0.951196644,135,0
15.15,0.951295337,12,0.48
16.69,0.950703183,359,0.9
17.8,0.950209721,349,1.17
18.49,0.949518875,344,1.38
18.72,0.948729336,339,1.45
18.5,0.948433259,338,1.38
17.77,0.948235875,340,1.24
16.5,0.948137182,335,1.17
14.72,0.94803849,305,0.83
14.45,0.948334567,250,0.69
13.43,0.948235875,206,0.97
11.95,0.947939798,193,1.17
11.25,0.947643721,194,1.17
10.42,0.947248951,198,1.1
9.68,0.94675549,197,1.03
9.09,0.946163336,191,1.1
8.94,0.94547249,192,1.03
8.92,0.94507772,196,0.97
8.47,0.944781643,204,1.03
7.79,0.944979028,202,1.31
7.37,0.944880336,196,1.45
7.42,0.944979028,186,1.59
9.46,0.945275105,185,1.1
13.38,0.945373797,204,0.34
16.02,0.94547249,333,0.69
17.4,0.944682951,341,1.24
18.39,0.94379472,339,1.52
18.97,0.942906489,337,1.72
19.1,0.942215643,338,1.72
18.79,0.941722181,338,1.59
18.07,0.941820873,334,1.24
16.9,0.941722181,325,1.03
15.22,0.941820873,297,0.69
15.13,0.941820873,263,0.69
14.46,0.94211695,236,0.83
12.49,0.942215643,225,1.17
11.48,0.942413027,218,1.31
10.48,0.942215643,200,1.24
10.34,0.942018258,201,0.97
10.33,0.941820873,231,0.9
9.41,0.941524796,224,1.1
8.79,0.941130027,200,1.31
8.39,0.940636566,190,1.31
8.44,0.940241796,193,1.1
8.37,0.940537873,200,1.24
8.52,0.940932642,193,1.38
10.2,0.941327412,188,1.1
14.07,0.941327412,186,0.48
16.38,0.941623489,330,0.48
17.88,0.941327412,329,1.31
18.81,0.940735258,320,2.07
19.51,0.940439181,298,2.9
19.38,0.940143104,305,3.38
18.54,0.940636566,313,3.24
17.53,0.941327412,318,2.34
16.57,0.941623489,330,0.97
15.71,0.94211695,354,0.14
15.1,0.94211695,291,0.62
14.17,0.942610412,269,0.83
13.23,0.943103874,255,1.1
12.39,0.943597335,252,1.24
12.07,0.943992105,234,1.24
11.78,0.943992105,209,1.45
11.31,0.94379472,206,1.59
11.35,0.94379472,227,1.86
12.13,0.944288182,261,2.41
12.24,0.945275105,282,2.69
11.7,0.945768566,285,2.48
11.36,0.946854182,286,2.14
11.32,0.947742413,283,1.86
11.15,0.948926721,285,1.72
11.13,0.94971626,290,1.93
11.17,0.950604491,295,2.21
11.65,0.950900567,296,2.34
11.94,0.950801875,292,2.34
12.5,0.950407106,291,2.14
12.89,0.950111029,287,1.93
13.01,0.950012337,288,1.59
12.76,0.950209721,296,1.17
12.17,0.950407106,298,0.69
11.44,0.950900567,271,0.21
11.33,0.951394029,211,0.14
10.62,0.951690106,168,0.83
8.13,0.951986183,167,1.24
7.49,0.951788798,170,1.24
6.8,0.951887491,173,1.24
6.33,0.951690106,167,1.24
5.63,0.951295337,161,1.31
5.1,0.950703183,157,1.38
4.87,0.950407106,156,1.31
4.39,0.950012337,157,1.31
3.91,0.949913644,157,1.31
3.38,0.950012337,161,1.38
2.48,0.950308414,161,1.45
5.47,0.950407106,157,0.83
9.58,0.950801875,53,0.14
12.17,0.951196644,15,0.9
13.88,0.950801875,22,0.83
15.34,0.950012337,8,1.24
16.16,0.949124106,1,1.45
16.46,0.948828029,355,1.38
16.31,0.948334567,348,1.1
15.62,0.948334567,352,0.55
14.41,0.947939798,351,0.48
13.35,0.948235875,320,0.48
12.46,0.948137182,268,0.62
8.95,0.948137182,214,1.45
7.43,0.948433259,207,1.59
6.48,0.948235875,205,1.52
5.94,0.948334567,203,1.52
5.38,0.948137182,197,1.59
4.97,0.947347644,191,1.66
5.02,0.946558105,193,1.59
5.34,0.94675549,201,1.45
4.73,0.946262028,193,1.72
4.28,0.945965951,190,1.86
4.28,0.945867259,194,1.72
3.95,0.945965951,198,1.79
5.74,0.946459413,210,1.52
10.89,0.946854182,242,0.9
13.41,0.946854182,296,0.97
14.7,0.94636072,319,1.52
15.01,0.945867259,324,2.14
14.94,0.945373797,321,2.41
15.24,0.94507772,313,2.34
15.18,0.944880336,296,1.93
14.48,0.944288182,299,0.9
13.63,0.944386874,336,1.24
12.2,0.944781643,331,1.52
11.89,0.945275105,302,1.1
10.78,0.945669874,274,1.1
9.77,0.945669874,223,1.24
8.96,0.94547249,196,1.31
8.96,0.945373797,189,1.1
9.76,0.945176413,196,0.9
10.4,0.944682951,210,0.76
10.44,0.944485566,231,0.69
10.42,0.944386874,226,0.69
9.99,0.944386874,232,0.9
10.27,0.944485566,223,1.17
10.66,0.944682951,212,1.31
10.92,0.944979028,225,1.1
11.29,0.945373797,247,0.76
12.05,0.946064643,297,0.48
12.54,0.946558105,307,0.28
13.27,0.94636072,298,0.41
13.63,0.945867259,314,0.9
13.91,0.945373797,332,1.17
13.89,0.944781643,344,0.83
14.38,0.944485566,350,0.76
14.32,0.944288182,9,0.76
13.82,0.944485566,28,1.17
12.92,0.944781643,31,1.24
12.38,0.944979028,44,1.31
11.62,0.944979028,75,1.1
10.7,0.944979028,123,1.1
10.07,0.944584259,138,1.03
10.16,0.944386874,146,0.83
9.84,0.943893412,156,0.83
8.85,0.943103874,168,0.97
7.7,0.942215643,170,1.17
6.37,0.941524796,171,1.45
6.56,0.941031335,178,1.52
7.03,0.941130027,191,1.52
7.67,0.942018258,219,1.45
7.91,0.943103874,230,1.38
9.05,0.944288182,253,1.1
10.8,0.945373797,266,0.97
12.25,0.946262028,252,0.9
14.3,0.945373797,211,0.9
15.68,0.944386874,299,0.34
15.97,0.943597335,351,1.93
15.96,0.943498643,349,2.14
15.6,0.94379472,344,1.86
14.95,0.944485566,336,1.59
13.81,0.945373797,324,1.1
12.72,0.946163336,300,0.83
12.28,0.945965951,303,0.76
12.13,0.946459413,241,0.48
10.82,0.946656797,194,1.03
9.41,0.946558105,183,1.31
8.92,0.946656797,174,1.17
9.06,0.946459413,168,1.1
8.76,0.945867259,166,1.24
8.87,0.945176413,166,1.38
9.64,0.944682951,172,1.31
9.63,0.944485566,192,1.38
9.39,0.944485566,205,1.52
9.47,0.944781643,205,1.59
9.57,0.945275105,203,1.45
10.39,0.945669874,196,1.31
14.18,0.945867259,225,0.62
16.62,0.945768566,313,0.83
17.99,0.945275105,323,1.59
18.85,0.944682951,318,2.14
18.99,0.94379472,317,2.69
18.13,0.943301258,324,2.69
16.79,0.943301258,327,2.21
15.59,0.943597335,322,1.38
14.66,0.943992105,290,0.76
13.58,0.943992105,232,0.76
13.08,0.94379472,238,1.03
13.17,0.943696028,237,1.72
13.11,0.943696028,248,2.21
13.22,0.943696028,275,2.76
12.94,0.943893412,293,3.31
12,0.944189489,301,3.52
11.25,0.944090797,298,3.1
10.87,0.943597335,289,2.55
10.71,0.943498643,284,2.28
10.52,0.943103874,285,2.14
10.34,0.943301258,286,2.21
10.26,0.943597335,285,2.07
10.42,0.943992105,281,2.14
10.46,0.944485566,280,2.14
10.85,0.945176413,282,2.48
11.84,0.945275105,284,3.17
13.05,0.944979028,285,3.59
13.74,0.944288182,284,3.59
14.29,0.943399951,284,3.31
14.18,0.943103874,291,3.17
14.14,0.942807797,288,3.1
13.65,0.942807797,300,2.34
12.88,0.942807797,307,1.79
11.77,0.943301258,302,1.59
11.4,0.943005181,292,1.38
10.29,0.943202566,288,1.38
10.46,0.943498643,289,1.31
10.53,0.943696028,282,1.17
10.31,0.94379472,272,1.03
10.18,0.943696028,264,1.03
9.99,0.943301258,251,0.9
9.88,0.942807797,241,0.9
9.82,0.94251172,238,0.9
9.33,0.94211695,223,0.97
8.84,0.94211695,207,1.17
8.6,0.94211695,201,1.17
8.71,0.94211695,192,0.97
10.12,0.942215643,209,0.34
11.24,0.942709104,333,0.62
12.14,0.942709104,331,0.97
12.89,0.942413027,340,0.76
13.65,0.941426104,349,1.1
14.41,0.940735258,342,1.79
14.53,0.940340489,344,2.14
14.22,0.940537873,350,1.93
13.63,0.940636566,354,1.52
12.66,0.941031335,17,0.83
11.14,0.941130027,101,0.76
11.04,0.94083395,109,0.76
10.09,0.941228719,150,0.9
9.71,0.941228719,183,0.97
8.27,0.941426104,195,1.31
6.76,0.941524796,191,1.59
5.98,0.941426104,189,1.45
5.74,0.941327412,193,1.38
5.29,0.941130027,188,1.59
4.87,0.941228719,182,1.52
4.71,0.941130027,182,1.45
4.67,0.941031335,180,1.45
4.8,0.941130027,176,1.38
5.11,0.941623489,170,1.31
6.61,0.941623489,173,1.03
11.08,0.941919566,161,0.55
14.01,0.941919566,66,0.21
15.62,0.941722181,5,0.76
16.79,0.941327412,355,1.17
17.38,0.94083395,349,1.38
17.49,0.940537873,344,1.38
17.35,0.940439181,342,1.24
16.64,0.94083395,347,0.97
15.51,0.941031335,345,0.97
14.69,0.941228719,276,0.28
14.16,0.940932642,212,0.83
11.79,0.941130027,196,1.38
10.27,0.941228719,191,1.66
9.23,0.941426104,188,1.59
8.7,0.941722181,195,1.38
8.53,0.942018258,197,1.45
8.16,0.941426104,192,1.59
7.93,0.941426104,198,1.45
7.6,0.941327412,195,1.59
8.1,0.941327412,202,1.31
7.88,0.941426104,190,1.52
8.08,0.941524796,191,1.24
8.08,0.941919566,185,1.45
8.74,0.942215643,190,1.31
12.83,0.942610412,197,0.55
15.75,0.942709104,333,0.48
17.02,0.942709104,343,1.03
17.99,0.942215643,341,1.31
18.55,0.941327412,337,1.52
18.68,0.941327412,335,1.79
18.33,0.941327412,340,1.86
17.57,0.941820873,352,1.31
16.46,0.94211695,4,0.62
15.4,0.94251172,165,0.48
14.3,0.941820873,186,1.03
12.44,0.942215643,195,1.38
11.11,0.942413027,198,1.52
10.06,0.94251172,195,1.52
9.26,0.942314335,190,1.59
8.71,0.942215643,187,1.66
8.35,0.941722181,188,1.66
8.08,0.941426104,189,1.66
7.9,0.941327412,187,1.79
8.01,0.940932642,185,1.72
7.76,0.940537873,184,1.79
7.56,0.940636566,186,1.86
7.84,0.941130027,192,1.72
9.09,0.941228719,191,1.38
12.83,0.941524796,188,0.83
15.81,0.941524796,294,0.34
16.87,0.941327412,328,1.24
17.47,0.940735258,321,1.86
18.29,0.939649642,301,2.14
18.19,0.939057488,329,2.14
18.1,0.938662719,319,2.28
17.12,0.938860104,330,2
15.88,0.939057488,332,1.59
14.95,0.939353565,328,0.69
15.06,0.938662719,74,0.14
14.77,0.938761411,280,0.21
14.49,0.938564027,258,0.34
14.07,0.93826795,252,0.55
13.62,0.938070565,230,0.69
13.59,0.937478411,192,0.41
13.52,0.936787565,167,0.21
13.26,0.936195411,153,0.14
13.13,0.936096718,161,0.21
12.96,0.935998026,175,0.41
12.46,0.935998026,144,0.62
11.29,0.935701949,127,1.03
11.67,0.935208488,131,1.03
12.11,0.934813718,139,0.9
13.65,0.934616334,122,0.55
16.32,0.934320257,70,1.03
18.09,0.933530718,56,1.38
19.36,0.932247718,47,1.59
19.99,0.931260794,38,1.52
19.68,0.930569948,8,1.03
18.9,0.930273871,10,0.97
17.86,0.930175179,49,0.97
16.92,0.930273871,83,1.24
15.81,0.930471256,116,1.38
14.56,0.930372564,198,1.24
14.4,0.930273871,191,0.83
13.31,0.930076487,177,1.17
12.8,0.929977794,194,1.24
11.77,0.930175179,210,1.45
12.4,0.930471256,224,1.45
11.64,0.930175179,206,1.45
11.78,0.92978041,175,1.59
11.88,0.929583025,180,1.52
11.48,0.929286948,188,1.45
11.3,0.929286948,202,1.59
11.25,0.929286948,210,1.59
11.92,0.928596102,205,2.07
12.47,0.928497409,202,1.79
13.88,0.928793486,224,1.52
15.68,0.929089563,241,1.31
16.53,0.928793486,245,1.31
16.59,0.928398717,248,1.93
16.63,0.927806563,239,2.34
15.97,0.926918332,228,2.34
16.34,0.926720947,229,2.07
15.34,0.926523563,219,2.9
14.84,0.926720947,228,3.59
14.28,0.927115717,236,3.79
13.84,0.927411794,251,4.9
13.06,0.928201332,244,4.62
13.09,0.928497409,242,5.38
13.26,0.929583025,255,6.14
13.06,0.930767333,275,5.66
12.16,0.931951641,287,4.97
11.22,0.932543795,284,4.21
10.83,0.933135949,277,3.72
10.72,0.93362941,272,3.03
10.92,0.933925487,269,3.03
10.94,0.934221564,264,3.17
11.02,0.934616334,260,3.24
11.12,0.934912411,268,3.31
11.28,0.935701949,271,3.1
11.42,0.936195411,276,2.9
11.42,0.937182334,278,2.34
11.98,0.937478411,287,2.62
12.07,0.937281026,301,2.28
12.14,0.936984949,313,1.59
12.22,0.936688872,320,1.24
12.45,0.936787565,324,0.9
12.22,0.937281026,335,0.76
11.71,0.937478411,0,0.55
11.29,0.937577103,46,0.34
11.2,0.937281026,84,0.55
10.66,0.937182334,84,0.76
10.23,0.936688872,131,0.55
10.03,0.936195411,159,0.55
10.23,0.935701949,166,0.62
11,0.935011103,195,0.41
11.09,0.93402418,213,0.41
10.86,0.933037256,170,0.69
10.68,0.932050333,173,0.97
10.16,0.931556871,184,1.45
9.63,0.930767333,184,1.86
10.01,0.930175179,188,1.72
11.31,0.92938564,187,1.45
12,0.929484333,209,1.72
12.95,0.929879102,221,3.03
14.04,0.929681717,222,4.48
15.99,0.928892179,231,6.07
18.52,0.928003948,235,5.52
19.55,0.927214409,236,5.86
19.31,0.927017024,237,6.28
18.85,0.927313101,240,6.14
17.64,0.928497409,241,6.76
16.55,0.928892179,235,5.66
15.33,0.928793486,233,5.1
15.04,0.928596102,234,5.17
14.65,0.929286948,241,4.14
14.45,0.92978041,249,3.17
14.25,0.930569948,248,2.14
14.12,0.929977794,208,0.76
14.13,0.930175179,243,2.48
13.73,0.930273871,246,2.76
13.78,0.929879102,235,2.14
13.83,0.929089563,234,2.34
13.92,0.928300025,240,2.34
13.85,0.927806563,233,2.21
13.7,0.927510486,236,2.21
13.65,0.927707871,248,2.55
13.66,0.927806563,249,2.14
14.52,0.92810264,250,2.34
14.63,0.928990871,262,2.76
14.37,0.929286948,263,2.21
14.29,0.928793486,262,1.79
14.13,0.92810264,280,1.79
14.03,0.927707871,297,1.93
13.5,0.92810264,307,2.55
12.72,0.929286948,306,2.68
12.34,0.930372564,296,2.63
11.96,0.931458179,282,2.57
11.58,0.932445102,270,2.51
11.2,0.933432026,263,2.46
10.82,0.934320257,254,2.4
10.45,0.935109795,244,2.34
10.07,0.935899334,249,2.29
9.69,0.949222798,189,2.23
9.31,0.94932149,184,2.17
8.93,0.949222798,185,2.12
8.55,0.949814952,191,2.06
8.17,0.949913644,196,2
7.79,0.949913644,193,1.95
7.42,0.950012337,187,1.89
7.04,0.950308414,175,1.84
8.87,0.950604491,174,1.52
12.19,0.950801875,166,1.17
15.74,0.95099926,137,0.83
18.13,0.950703183,98,0.76
19.47,0.949913644,262,0.14
20.19,0.949222798,308,0.9
20.2,0.948729336,323,1.59
19.63,0.948828029,337,1.93
18.66,0.949124106,358,1.59
17.37,0.949222798,51,0.9
15.95,0.949617567,133,1.79
14.84,0.94932149,148,1.93
13.95,0.949518875,150,2
13.34,0.949124106,151,2.07
12.7,0.948828029,155,2.07
12.43,0.948729336,160,1.93
11.94,0.948334567,163,1.79
11.64,0.947841105,167,1.72
11.65,0.947446336,172,1.72
11.54,0.947248951,175,1.79
11.48,0.94675549,176,1.86
11.45,0.946262028,175,1.93
10.94,0.946163336,173,2
11.65,0.946064643,173,1.93
12.02,0.946262028,173,1.86
14.9,0.94636072,170,1.38
18.25,0.946064643,157,0.97
19.79,0.945373797,120,0.62
20.44,0.944485566,26,0
20.96,0.943597335,293,0.48
21.14,0.942807797,276,1.31
19.91,0.942906489,268,1.24
18.27,0.943103874,232,1.03
17.27,0.943202566,206,1.31
15.52,0.943301258,198,1.52
14.82,0.943597335,150,0.55
14.23,0.943399951,135,0.83
13.96,0.943202566,120,0.55
14.04,0.942906489,128,0.21
13.72,0.942807797,150,0.41
13.61,0.942215643,148,0.55
13.17,0.941919566,141,0.55
12.71,0.941327412,158,0.76
11.96,0.941130027,172,1.03
11.52,0.940636566,176,1.38
10.93,0.940241796,171,1.66
10.68,0.939847027,172,1.79
10.98,0.939649642,172,1.59
12.37,0.940044412,171,1.45
14.49,0.939945719,161,1.24
16.59,0.940044412,144,0.97
18.18,0.939748335,110,0.69
18.87,0.938860104,73,1.03
19.36,0.937774488,56,1.38
19.02,0.936688872,58,1.93
18.52,0.935998026,64,1.86
18.11,0.935504565,73,1.79
17.22,0.935208488,77,1.72
15.96,0.934616334,110,1.31
16.23,0.93659018,337,0.28
14.51,0.936688872,286,1.52
13.38,0.937577103,276,1.93
13.04,0.93826795,264,1.17
12.96,0.93787318,176,0.83
13.33,0.937774488,0,0
13.1,0.937182334,0,0
12.76,0.936688872,148,1.38
12.46,0.93659018,167,1.45
12.08,0.936491488,166,1.59
11.75,0.936392795,165,1.52
11.81,0.93659018,176,1.03
11.14,0.936688872,216,1.24
11.8,0.937182334,242,0.69
13.25,0.937971873,262,0
14.8,0.938465334,30,0.48
16.03,0.938465334,342,0.55
16.98,0.937774488,320,0.83
17.62,0.937182334,298,1.45
16.44,0.936984949,272,2.07
16.5,0.937478411,247,1.59
15.57,0.937774488,257,0.21
15.27,0.938070565,69,0.41
14.37,0.938662719,179,0.07
13.96,0.938662719,200,0.9
13.09,0.938860104,206,1.38
12.24,0.939452258,195,1.79
11.97,0.939452258,186,2.14
11.6,0.939353565,184,2.21
12.57,0.939353565,187,2.34
12.18,0.939254873,203,2.48
12.43,0.938958796,217,2.41
12.64,0.939254873,222,2.48
12.79,0.939353565,224,2.48
12.76,0.939748335,225,2.41
12.77,0.940241796,228,2.28
12.96,0.94083395,234,2.41
13.05,0.941426104,225,2.14
13.38,0.942215643,224,2.48
14.13,0.942807797,226,2.69
14.62,0.943103874,229,2.97
15.29,0.942709104,231,2.97
16.08,0.942413027,234,3.45
16.13,0.942018258,239,3.45
15.9,0.942215643,234,2.62
15.7,0.942906489,0,0
14.82,0.943696028,0,0
13.76,0.944682951,252,2.83
13.95,0.944880336,251,2.83
13.46,0.945275105,255,2.9
13.03,0.945867259,252,2.83
13.33,0.94636072,251,2.83
13.3,0.94675549,245,2.55
13.42,0.946854182,244,2.55
13.29,0.94675549,243,2.69
13.31,0.946459413,244,2.41
12.96,0.946656797,241,2.07
12.96,0.946656797,243,2
12.74,0.94675549,245,1.72
12.54,0.947347644,248,1.24
12.7,0.948630644,274,0.97
12.8,0.949420183,289,0.48
13.49,0.950111029,298,0.34
13.55,0.950604491,10,0.14
13.74,0.950801875,23,0.62
14.38,0.950505798,15,1.03
15.34,0.950012337,41,1.24
15.68,0.949420183,79,1.24
16.13,0.949222798,87,1.17
15.97,0.949420183,80,0.97
15.27,0.949913644,85,1.03
13.97,0.950505798,101,1.45
13.49,0.950703183,78,1.17
12.36,0.951196644,82,1.52
12,0.951690106,82,2
12.08,0.951788798,83,2.21
11.26,0.951986183,87,2
10.75,0.951887491,92,1.79
10.14,0.951591414,101,1.72
9.66,0.951295337,106,1.86
9.38,0.950703183,109,2
9.21,0.950505798,115,1.93
9.05,0.950407106,119,1.79
8.91,0.950505798,121,1.52
8.65,0.950900567,122,1.31
9.19,0.95099926,117,1.24
12.53,0.951591414,96,1.24
15.17,0.951690106,79,2.28
16.83,0.951690106,78,3.24
17.94,0.95099926,77,3.72
18.68,0.950308414,74,3.93
18.85,0.949814952,70,4.14
18.36,0.94971626,67,4.14
17.23,0.949913644,65,3.72
15.48,0.950111029,68,3.45
14.03,0.950900567,73,3.24
13.53,0.951196644,79,2.9
12.65,0.951295337,83,2.83
12,0.951690106,86,2.76
11.35,0.951986183,89,2.76
10.72,0.951887491,93,2.62
10.25,0.951788798,95,2.55
9.84,0.951394029,98,2.55
9.59,0.95099926,99,2.48
9.44,0.951097952,101,2.41
9.39,0.95099926,103,2.41
9.41,0.95099926,103,2.48
9.6,0.951097952,103,2.55
9.54,0.951887491,106,2.55
10.13,0.952084875,105,2.55
11.96,0.952479645,101,2.41
14.21,0.952479645,95,2.97
16.11,0.952380952,88,3.1
17.39,0.951788798,82,3.1
18.16,0.951196644,75,3.24
18.48,0.950703183,69,3.38
18.25,0.950801875,63,3.38
17.14,0.950900567,58,3.03
15.27,0.951196644,64,2.83
13.76,0.951690106,82,2.55
12.86,0.95228226,99,2.07
11.46,0.952973106,112,1.79
10.19,0.953071799,121,1.66
9.21,0.953367876,126,1.66
8.46,0.953269183,129,1.66
7.97,0.953269183,132,1.72
7.57,0.953071799,135,1.72
7.13,0.952775722,139,1.72
6.83,0.952578337,141,1.72
6.44,0.952479645,143,1.79
6.21,0.952380952,143,1.79
5.92,0.952578337,144,1.79
6.2,0.953466568,140,1.72
6.74,0.953861337,140,1.66
10.79,0.954354799,127,1.45
14.1,0.954256107,103,1.52
16.24,0.954157414,87,1.93
17.64,0.95356526,73,2.07
18.49,0.952874414,65,2.28
18.84,0.95228226,60,2.34
18.66,0.951887491,55,2.34
17.74,0.951986183,46,1.79
16.15,0.95228226,49,1.52
14.35,0.952677029,75,1.03
14.35,0.953269183,124,0.97
12.94,0.953466568,149,0.97
11.13,0.953466568,154,1.03
9.53,0.95356526,158,1.24
8.29,0.953466568,162,1.52
7.46,0.953466568,163,1.66
6.93,0.952973106,164,1.79
6.56,0.952677029,165,1.79
6.25,0.952479645,164,1.86
5.93,0.951986183,163,1.86
5.68,0.951788798,162,1.86
5.46,0.951788798,163,1.86
5.68,0.95228226,165,1.59
6.39,0.952578337,167,1.38
10.14,0.952775722,165,0.83
14.18,0.953071799,103,0.41
16.27,0.952775722,47,0.76
17.61,0.95228226,29,1.1
18.38,0.951394029,19,1.31
18.62,0.950900567,4,1.45
18.29,0.950801875,347,1.45
17.53,0.951097952,322,1.17
16.14,0.951394029,292,1.17
14.13,0.951690106,252,1.1
12.75,0.952084875,218,1.31
11.15,0.95228226,189,1.59
9.44,0.952084875,175,1.86
8.35,0.951887491,171,1.72
7.68,0.951591414,172,1.66
7.2,0.951394029,170,1.66
6.78,0.950703183,170,1.66
6.42,0.950407106,172,1.66
6.11,0.950209721,172,1.72
5.91,0.950111029,174,1.66
5.92,0.950111029,173,1.52
5.87,0.950308414,171,1.38
5.22,0.950703183,171,1.59
5.9,0.95099926,168,1.45
10.08,0.95099926,164,0.76
14.32,0.951196644,99,0.48
16.36,0.950801875,53,0.9
17.6,0.950012337,31,1.17
18.3,0.949222798,18,1.38
18.53,0.948828029,5,1.45
18.25,0.948729336,354,1.45
17.5,0.948828029,338,1.03
16.27,0.949222798,304,0.9
14.39,0.949518875,240,0.97
12.64,0.949617567,202,1.38
10.6,0.950012337,190,1.79
9.09,0.949913644,186,1.72
8.14,0.950012337,183,1.66
7.51,0.949913644,183,1.59
7,0.949913644,184,1.59
6.55,0.949814952,184,1.66
6.11,0.949420183,183,1.66
5.72,0.94932149,183,1.66
5.37,0.949420183,182,1.72
5.08,0.94932149,179,1.72
4.8,0.949518875,178,1.72
4.6,0.950111029,178,1.66
5.36,0.950505798,177,1.38
9.92,0.950604491,172,0.55
14.15,0.951097952,87,0.28
15.91,0.950604491,32,0.62
17.01,0.949518875,17,0.97
17.66,0.948926721,6,1.31
17.77,0.947939798,0,1.59
17.45,0.94803849,358,1.72
16.62,0.948137182,0,1.45
15.34,0.948630644,358,1.03
14.51,0.949025413,278,0.07
12.11,0.949025413,182,1.03
10.26,0.949518875,184,1.66
8.69,0.94932149,184,1.72
7.75,0.949617567,182,1.59
7.08,0.949420183,179,1.66
6.58,0.949518875,182,1.59
6.19,0.949124106,185,1.52
5.84,0.948729336,186,1.52
5.45,0.948729336,186,1.59
5.11,0.948630644,185,1.59
4.84,0.948531952,181,1.66
4.6,0.948630644,178,1.72
4.56,0.949518875,182,1.72
5.24,0.949814952,181,1.45
9.11,0.950111029,180,0.69
13.15,0.950308414,100,0.21
15.01,0.950012337,29,0.69
16.2,0.949518875,9,1.17
16.81,0.948828029,1,1.66
16.87,0.948334567,355,1.93
16.56,0.948235875,349,1.79
15.81,0.948433259,347,1.59
14.46,0.948828029,335,0.97
13.43,0.949025413,231,0.28
11.57,0.94971626,191,0.97
10.12,0.950012337,189,1.38
9.27,0.950308414,191,1.52
8.12,0.950407106,191,1.45
7.38,0.950308414,191,1.45
6.86,0.950407106,191,1.45
6.21,0.949913644,191,1.52
5.64,0.949617567,190,1.59
5.13,0.949617567,190,1.59
4.83,0.94932149,191,1.59
4.63,0.949124106,192,1.52
4.39,0.949222798,192,1.59
4.6,0.94971626,188,1.66
5.22,0.950111029,190,1.45
9.08,0.950505798,191,0.83
12.8,0.950900567,239,0.34
14.5,0.950703183,301,0.97
15.49,0.950012337,303,1.59
16.04,0.949124106,292,2
16.42,0.948334567,291,2.34
16.42,0.948235875,300,2.55
15.64,0.948334567,318,1.93
13.82,0.948531952,317,1.38
12.51,0.948828029,270,1.1
11.3,0.948334567,227,1.31
10.69,0.948630644,246,1.79
9.09,0.949124106,253,2.28
8.74,0.949420183,254,2.83
9.2,0.949518875,261,2.83
9.67,0.94971626,268,2.97
9.32,0.94971626,269,2.55
8.91,0.949617567,253,1.86
8.29,0.94971626,248,1.86
7.87,0.949814952,249,2.07
8.02,0.949913644,245,2.21
7.89,0.950111029,242,2.41
8.07,0.950209721,257,2.28
8.16,0.950703183,255,2
8.68,0.951196644,253,2.14
10.23,0.951591414,256,2.55
11.03,0.951591414,260,2.9
11.88,0.95099926,265,2.9
12.35,0.950407106,268,3.1
12.79,0.950012337,270,3.31
12.66,0.949913644,269,3.1
12.27,0.950209721,276,3.17
11.38,0.95099926,285,2.83
10.42,0.951394029,282,2.07
9.22,0.951690106,243,2
8.94,0.951788798,237,1.93
8.88,0.951690106,231,1.66
8.78,0.951196644,210,1.38
8.46,0.950407106,194,1.38
8.07,0.950012337,196,1.52
8.14,0.949025413,197,1.52
7.96,0.948334567,200,1.59
7.68,0.947939798,201,2
7.61,0.946656797,199,2.34
7.51,0.945571182,207,2.55
8.3,0.945176413,223,2.83
7.89,0.945571182,234,2.97
7.95,0.945669874,240,3.31
8.27,0.945965951,246,3.52
8.47,0.94636072,251,3.31
8.56,0.946064643,253,3.52
9.05,0.945176413,256,3.52
8.6,0.944584259,267,3.72
7.9,0.943992105,261,2.55
7.34,0.943992105,256,2.55
6.93,0.944288182,239,2.34
6.49,0.944485566,232,2.48
6.15,0.944880336,224,2.34
6.13,0.944584259,222,2.34
5.95,0.944485566,217,2.28
5.66,0.944386874,209,1.86
5.22,0.944781643,207,1.45
5.17,0.944880336,210,1.31
5.37,0.944781643,204,1.1
4.93,0.944288182,162,0.83
4.5,0.944189489,129,0.83
5.31,0.944189489,105,0.48
4.9,0.944386874,107,0.69
4.02,0.944682951,114,0.97
3.75,0.944682951,117,1.1
2.89,0.945176413,142,0.97
3.3,0.945768566,142,0.83
4.93,0.946262028,142,0.55
6.72,0.94636072,90,0.69
7.17,0.94636072,52,1.03
7.82,0.945768566,39,1.52
8.17,0.944880336,42,2.28
8.18,0.944386874,49,2.76
7.98,0.944189489,53,2.55
7.76,0.944485566,56,2.34
7.37,0.944781643,58,2
6.96,0.945176413,64,1.86
6.85,0.945373797,70,1.79
6.56,0.945373797,78,1.86
6.37,0.945176413,87,1.59
5.94,0.944781643,99,1.45
5.47,0.944584259,112,1.31
5.2,0.944189489,118,1.38
4.29,0.943498643,122,1.52
3.89,0.943202566,120,1.45
3.21,0.943202566,124,1.59
2.83,0.943399951,126,1.66
2.4,0.943103874,134,1.79
1.58,0.943005181,140,1.93
1.49,0.943103874,141,1.93
1.69,0.943301258,147,1.79
6.33,0.943301258,143,1.17
9.69,0.943202566,101,1.03
11.42,0.942906489,78,1.45
12.24,0.942215643,73,1.86
12.21,0.941426104,76,1.93
11.6,0.941031335,74,1.79
10.94,0.940735258,66,1.79
10.05,0.940735258,51,1.59
8.94,0.941228719,39,1.31
8.4,0.941623489,28,0.97
7.29,0.941426104,239,0.62
6.83,0.941820873,242,0.83
6.23,0.94211695,233,1.03
6.19,0.942018258,233,0.97
5.67,0.941820873,237,1.24
5.73,0.941820873,238,1.31
5.51,0.941623489,231,1.45
5.83,0.941623489,231,1.59
6.13,0.941623489,234,1.59
6.23,0.941524796,233,1.72
6.34,0.941524796,234,1.79
6.37,0.941524796,234,2.07
6.83,0.941327412,240,2.69
7,0.941820873,240,2.62
7.98,0.942215643,241,2.62
9,0.942906489,244,2.62
10.04,0.943005181,249,2.9
10.98,0.942413027,254,3.93
11.9,0.941820873,256,4.76
12.23,0.941524796,260,4.9
11.48,0.941919566,262,4.14
11.02,0.942215643,261,3.45
10.55,0.942610412,256,2.76
9.98,0.943103874,252,2.55
9.31,0.943301258,254,2.34
8.7,0.943992105,254,2.34
8.52,0.944386874,244,2.14
8.38,0.944979028,243,2.21
8.57,0.945373797,248,2.41
8.75,0.945275105,245,2.48
8.82,0.945373797,245,2.55
8.88,0.945571182,247,2.55
8.73,0.945867259,246,2.48
8.85,0.946064643,247,2.41
8.79,0.946163336,248,2.34
8.97,0.946656797,248,2.28
8.85,0.946952874,252,2.14
8.93,0.947841105,249,1.86
9.81,0.948630644,250,1.52
10.64,0.949617567,260,2.07
11.53,0.950012337,267,2.55
12.22,0.949420183,275,2.41
12.99,0.949025413,291,2.14
13.58,0.948828029,316,2.14
12.54,0.949025413,316,2.28
11.68,0.949617567,315,1.52
11.13,0.950111029,293,0.97
10.17,0.950505798,232,0.9
9.35,0.950703183,234,1.17
8.61,0.950801875,207,1.31
8.51,0.951196644,192,1.1
8.53,0.951690106,183,0.9
7.94,0.951788798,182,0.97
7.46,0.951788798,189,1.1
6.83,0.951788798,200,1.17
6.01,0.951591414,201,1.24
5.92,0.951690106,194,1.45
5.6,0.951394029,193,1.45
5.82,0.951492721,194,1.17
6.51,0.951788798,192,0.69
6,0.952677029,193,1.24
6.35,0.952973106,191,0.83
8.85,0.953762645,200,0.48
10.65,0.954157414,245,0.62
12.35,0.953861337,276,1.52
13.33,0.952874414,292,2
14.02,0.95228226,306,2.28
13.95,0.951788798,323,2.48
13.6,0.951887491,329,2.34
12.79,0.952479645,347,2.07
11.66,0.953071799,7,1.1
10.51,0.953466568,107,0.48
10.16,0.953861337,131,0.9
8.44,0.954256107,144,1.38
7.49,0.954453491,153,1.59
6.7,0.954749568,159,1.59
5.92,0.954749568,159,1.59
5.55,0.954552184,156,1.52
5.09,0.954256107,151,1.52
4.72,0.95396003,147,1.52
4.62,0.954058722,146,1.52
4.36,0.954256107,145,1.52
4.17,0.954256107,142,1.38
3.83,0.954650876,139,1.38
3.61,0.954946953,136,1.31
3.78,0.955539107,138,1.24
6.93,0.956032568,118,0.83
10.92,0.956427338,75,1.24
12.97,0.956229953,63,2.28
14.4,0.955341722,62,2.83
15.43,0.954749568,62,3.24
15.9,0.954157414,61,3.31
15.83,0.954058722,57,3.17
14.87,0.954058722,50,2.76
13.01,0.954650876,56,2.55
11.49,0.955144338,71,2.28
10.44,0.955637799,88,2
8.74,0.956229953,106,1.72
7.25,0.956624722,111,1.59
6.44,0.956723415,114,1.59
5.79,0.95652603,117,1.59
5.27,0.956624722,118,1.59
4.76,0.956427338,118,1.72
4.4,0.956131261,120,1.72
4.25,0.956032568,122,1.66
4.13,0.955933876,125,1.66
3.93,0.955835184,127,1.59
3.71,0.956032568,127,1.59
3.59,0.956427338,126,1.52
3.76,0.956723415,123,1.66
6.99,0.957315569,114,1.45
11.78,0.95780903,88,2
13.91,0.957512953,75,2.76
15.46,0.956920799,69,3.17
16.44,0.956427338,66,3.45
16.82,0.955835184,63,3.52
16.64,0.955637799,60,3.38
15.63,0.955637799,53,2.76
13.8,0.956032568,56,2.48
12.13,0.956427338,72,2.07
10.77,0.956920799,93,1.72
9.01,0.957216876,108,1.59
7.73,0.957414261,113,1.45
6.94,0.957611646,118,1.45
6.24,0.957315569,121,1.52
5.65,0.957118184,126,1.52
5.16,0.956822107,130,1.45
4.73,0.95652603,132,1.45
4.29,0.95652603,134,1.52
3.83,0.956328645,138,1.52
3.39,0.956328645,141,1.59
3.03,0.956427338,141,1.59
3.36,0.956920799,137,1.52
3.62,0.957019492,136,1.45
6.91,0.957611646,120,1.1
11.5,0.957512953,85,1.66
13.71,0.957414261,76,2.55
15.35,0.95652603,72,2.97
16.56,0.955736491,70,3.17
17.14,0.954946953,66,3.24
17.03,0.954848261,62,3.24
15.93,0.954946953,57,2.9
13.98,0.95524303,66,2.83
12.24,0.955637799,87,2.55
10.86,0.955835184,104,2.14
9.28,0.956131261,113,1.93
7.95,0.956229953,120,1.86
6.85,0.95652603,125,1.93
5.99,0.95652603,131,1.93
5.34,0.956427338,133,1.93
4.71,0.956032568,135,1.86
4.2,0.955440415,137,1.86
3.77,0.955144338,138,1.93
3.4,0.954749568,142,1.86
3.09,0.954552184,144,1.86
2.76,0.954453491,147,1.79
3.04,0.955045645,149,1.72
3.11,0.955440415,155,1.72
6.47,0.955835184,152,1.31
11.62,0.956032568,119,0.97
14.24,0.955835184,82,1.03
15.9,0.955045645,65,1.38
16.96,0.954552184,56,1.45
17.47,0.953861337,45,1.45
17.37,0.953663953,35,1.52
16.47,0.95356526,16,1.17
14.99,0.953762645,349,0.97
14.05,0.954354799,287,0.28
13.34,0.954848261,149,0.9
8.74,0.95524303,164,1.72
6.65,0.95524303,167,1.79
5.72,0.955341722,164,1.86
4.98,0.955341722,163,1.93
4.32,0.955440415,163,1.93
3.83,0.954848261,166,2
3.41,0.954552184,170,2
2.99,0.954552184,170,2
2.57,0.954354799,169,1.93
2.17,0.954157414,170,2
1.84,0.954354799,171,2
1.66,0.954848261,174,2
1.85,0.95524303,172,1.86
5.84,0.955835184,173,1.17
11.9,0.955736491,154,0.48
14.58,0.955736491,54,0.48
15.9,0.954848261,21,0.9
16.66,0.954058722,10,1.1
16.83,0.953367876,1,1.17
16.44,0.953367876,351,1.1
15.6,0.953170491,338,0.9
14.09,0.953367876,314,0.76
13.29,0.953663953,235,0.76
10.88,0.954157414,195,1.38
8.21,0.954650876,183,1.86
6.18,0.954650876,180,1.86
5.06,0.954650876,180,1.86
4.34,0.954552184,174,1.86
3.95,0.954354799,164,1.79
3.73,0.95356526,158,1.79
3.58,0.953071799,162,1.72
3.46,0.953071799,166,1.72
3.3,0.952775722,166,1.66
3.13,0.952677029,165,1.66
2.98,0.952677029,165,1.66
2.71,0.953663953,168,1.66
3.13,0.95396003,165,1.45
6.75,0.954453491,172,0.76
10.97,0.954552184,111,0.14
13.21,0.954650876,24,0.69
14.37,0.95396003,13,0.97
15.22,0.953170491,10,1.1
15.44,0.952578337,11,1.17
15.41,0.952380952,9,1.1
14.64,0.952380952,348,0.76
13.53,0.952677029,312,0.76
12.87,0.952973106,249,0.55
12.9,0.953269183,179,0.62
11.86,0.95356526,157,1.03
9.74,0.953762645,156,1.24
8.42,0.95396003,153,1.24
7.58,0.953861337,148,1.1
6.78,0.95396003,143,0.97
5.9,0.953663953,139,0.97
5.24,0.953466568,141,1.03
4.79,0.953170491,140,1.03
4.67,0.953071799,138,1.03
4.44,0.952775722,137,1.03
4.31,0.952973106,137,1.03
4.53,0.953071799,137,1.03
4.77,0.95356526,138,0.97
7.97,0.953762645,118,0.62
11.7,0.954058722,74,1.24
13.6,0.95396003,66,2
14.93,0.953466568,61,2.28
15.9,0.952479645,57,2.55
16.36,0.951887491,55,2.69
16.28,0.951690106,54,2.83
15.44,0.951788798,51,2.48
13.61,0.952084875,59,2.41
12.02,0.952380952,77,2.48
11.15,0.952677029,97,2.21
9.62,0.952973106,111,1.86
8.25,0.953170491,117,1.79
7.22,0.953466568,121,1.72
6.55,0.95356526,123,1.79
6.01,0.95356526,129,1.72
5.54,0.95356526,131,1.72
5.26,0.953466568,132,1.66
5.1,0.953367876,133,1.66
4.9,0.953170491,135,1.66
4.33,0.953071799,140,1.66
3.92,0.953367876,145,1.66
3.49,0.95396003,152,1.72
3.7,0.954354799,154,1.66
7.11,0.954848261,150,1.17
11.92,0.955144338,113,0.76
14.25,0.95524303,64,0.83
15.64,0.954453491,44,1.17
16.49,0.95396003,31,1.38
16.79,0.953466568,24,1.59
16.6,0.953466568,26,1.59
15.9,0.953663953,27,1.31
14.58,0.95396003,38,1.03
12.82,0.954749568,81,0.9
11.89,0.954552184,119,1.24
9.97,0.955045645,148,1.38
8.47,0.955539107,151,1.17
7.4,0.955736491,151,1.24
6.49,0.955835184,152,1.38
5.56,0.955736491,153,1.52
4.79,0.955736491,155,1.59
4.15,0.955539107,156,1.66
3.66,0.955637799,156,1.72
3.22,0.955341722,156,1.79
2.85,0.955341722,156,1.79
2.53,0.955144338,154,1.79
2.36,0.955539107,155,1.86
2.37,0.955539107,156,1.79
6.02,0.956032568,152,1.24
11.45,0.955933876,116,0.9
14.29,0.955933876,72,1.17
16.07,0.955045645,59,1.59
17.25,0.954256107,54,1.86
17.82,0.953663953,48,2
17.68,0.95356526,44,2.07
16.65,0.953663953,35,1.59
14.94,0.953861337,35,1.38
13.7,0.954157414,56,0.62
13.25,0.954354799,160,0.48
10.46,0.954749568,162,1.03
7.43,0.955045645,163,1.31
5.74,0.95524303,160,1.52
4.56,0.95524303,160,1.59
3.78,0.955144338,161,1.59
3.18,0.954552184,161,1.59
2.65,0.954354799,162,1.59
2.25,0.954157414,162,1.52
1.9,0.953861337,162,1.52
1.53,0.95356526,162,1.59
1.31,0.953466568,162,1.52
1.03,0.95396003,162,1.59
1.32,0.95396003,162,1.52
5.12,0.954256107,166,0.97
10.5,0.954354799,133,0.28
13.58,0.954058722,29,0.62
15.12,0.953466568,13,1.03
16.02,0.952677029,6,1.24
16.35,0.952084875,357,1.31
16.16,0.951986183,346,1.24
12.57,0.952084875,328,1.14
11.72,0.95228226,303,1.2
10.87,0.952677029,236,1.27
10.02,0.953071799,197,1.33
9.18,0.953269183,178,1.39
8.33,0.953466568,169,1.46
7.48,0.953466568,169,1.52
6.64,0.953367876,167,1.59
