loc_id,city??,CA,USA,year??,lat??,lon??,823,-8,8760;;;
Tantan (PVGIS edited representative file);;;
Temperature,Pressure,Direction,Speed;;;
C,atm,degrees,m/s;;;
50,50,50,50;;;
11.35;4.96881160759239;116;0.988995805576116
10.64;4.78658135303521;123;0.988995805576116
9.93;4.60435109847803;129;0.988699728596102
9.22;4.42212084392086;131;0.988798420922773
8.51;4.23989058936368;130;0.988699728596102
7.8;4.06980901844365;128;0.988699728596102
7.09;3.88757876388647;124;0.988995805576116
6.38;3.70534850932929;128;0.989982728842832
7.27;4.85947345485808;130;0.990476190476191
9.31;4.60435109847803;132;0.991364421416235
12.92;5.52765105490107;132;0.991857883049593
15.53;6.19582865494406;129;0.992450037009623
17.38;6.03789576766117;124;0.991956575376264
18.67;5.35756948398104;113;0.991364421416235
19.44;4.60435109847803;97;0.990476190476191
19.84;4.27633664027511;77;0.989982728842832
19.78;4.44641821119515;56;0.989785344189489
18.87;5.44261026944105;32;0.989884036516161
16.82;6.03789576766117;22;0.990180113496176
14.91;6.19582865494406;24;0.990673575129534
13.72;5.61269184036109;30;0.991265729089563
12.81;4.77443266939807;36;0.991561806069578
12.04;3.85113271297503;42;0.992055267702936
11.16;3.18295511293205;47;0.992252652356279
10.29;2.84279197109198;52;0.992252652356279
9.63;2.68485908380909;57;0.991857883049593
8.92;2.68485908380909;62;0.991167036762892
8.38;2.76989986926911;67;0.99106834443622
7.86;2.76989986926911;75;0.990673575129534
7.32;2.76989986926911;88;0.990673575129534
6.58;2.84279197109198;106;0.990969652109548
6.2;2.927832756552;112;0.991857883049593
5.72;3.09791432747203;123;0.992252652356279
7.18;2.34469594196903;134;0.992844806316309
11.91;2.17461437104899;137;0.99353565260301
14.94;1.76155912738606;126;0.993831729583025
16.89;1.59147755646602;124;0.993140883296324
18.3;1.00834074188305;125;0.992252652356279
19.21;0.413055243662937;55;0.991265729089563
19.72;1.42139598554599;354;0.990574882802862
19.68;2.84279197109198;350;0.990476190476191
18.67;4.77443266939807;352;0.990574882802862
16.73;5.27252869852102;356;0.990772267456205
14.94;4.85947345485808;5;0.990673575129534
13.79;4.02121428389506;18;0.99106834443622
12.81;3.18295511293205;34;0.991265729089563
11.77;2.51477751288906;50;0.991167036762892
10.63;2.17461437104899;69;0.991167036762892
9.68;2.08957358558898;84;0.990969652109548
8.73;2.34469594196903;96;0.990377498149519
7.88;2.59981829834908;109;0.989884036516161
6.99;2.84279197109198;120;0.989390574882803
6.19;2.84279197109198;127;0.988995805576116
5.38;2.84279197109198;130;0.98919319022946
4.77;2.927832756552;133;0.98919319022946
4.55;3.18295511293205;136;0.989982728842832
4.33;3.18295511293205;142;0.990278805822847
6.64;2.59981829834908;146;0.990673575129534
11.92;2.17461437104899;153;0.991463113742907
15.44;1.76155912738606;140;0.991561806069578
17.28;1.67651834192604;107;0.990969652109548
18.64;1.93164069830609;78;0.989982728842832
19.61;2.34469594196903;56;0.988897113249445
20.11;3.09791432747203;36;0.988206266962744
19.79;4.60435109847803;16;0.988206266962744
18.34;6.03789576766117;10;0.988206266962744
16.26;5.78277341128112;12;0.988403651616087
14.4;5.35756948398104;19;0.988403651616087
13.42;4.44641821119515;30;0.989094497902788
12.66;3.85113271297503;35;0.989291882556131
11.95;3.52311825477211;39;0.989489267209474
11.36;3.26799589839206;43;0.989390574882803
10.68;3.01287354201201;47;0.989291882556131
9.78;2.76989986926911;55;0.988897113249445
8.9;2.51477751288906;70;0.98860103626943
8.12;2.51477751288906;92;0.988502343942758
7.34;2.76989986926911;113;0.988206266962744
6.46;3.09791432747203;125;0.988206266962744
5.69;3.09791432747203;131;0.988502343942758
5.71;3.26799589839206;127;0.989390574882803
5.03;3.26799589839206;133;0.989884036516161
7.11;2.68485908380909;133;0.990278805822847
12.35;2.68485908380909;126;0.991167036762892
15.93;3.76609192751502;106;0.991364421416235
17.94;5.61269184036109;98;0.990673575129534
19.24;7.11912861136709;95;0.989686651862818
19.97;7.95738778233011;93;0.988699728596102
20.32;8.21251013871016;91;0.988107574636072
20.28;8.12746935325015;90;0.9880088823094
19.71;7.37425096774714;87;0.988107574636072
18.11;5.27252869852102;72;0.98860103626943
15.96;4.68939188393805;45;0.988995805576116
14.73;4.51931031301802;43;0.989686651862818
13.71;4.36137742573513;45;0.990278805822847
12.85;4.1912958548151;51;0.990673575129534
12.07;4.02121428389506;61;0.990870959782877
11.32;4.02121428389506;74;0.990969652109548
10.76;4.1912958548151;87;0.990969652109548
10.4;4.77443266939807;96;0.990673575129534
10.34;5.61269184036109;99;0.990574882802862
10.37;6.62103258224414;101;0.990377498149519
10.38;7.62937332412719;103;0.990180113496176
10.33;8.6255653823731;103;0.990278805822847
10.01;8.04242856779013;96;0.99166049839625
9.96;8.29755092417018;97;0.991956575376264
11.32;7.78730621141008;97;0.99294349864298
13.26;9.71894690971617;97;0.993140883296324
15.08;11.7356283934823;98;0.993338267949667
16.53;11.8935612807652;98;0.992844806316309
17.65;11.5655468225622;95;0.991759190722921
18.43;11.0553021098021;91;0.990870959782877
18.88;10.5572060806792;86;0.990180113496176
18.85;9.8890284806362;79;0.989884036516161
18.14;8.6255653823731;67;0.990180113496176
16.55;6.87615493862419;49;0.990574882802862
14.68;7.03408782590708;29;0.991265729089563
13.72;6.36591022586409;31;0.991561806069578
12.95;5.78277341128112;37;0.991759190722921
12.34;5.27252869852102;44;0.991956575376264
11.71;4.85947345485808;54;0.991956575376264
11.2;4.9445142403181;68;0.991857883049593
10.82;5.52765105490107;78;0.991463113742907
10.58;6.36591022586409;87;0.99106834443622
10.26;7.11912861136709;90;0.990476190476191
9.93;7.54433253866718;91;0.990180113496176
9.61;7.8723469968701;91;0.990180113496176
9.32;7.95738778233011;92;0.990476190476191
8.92;7.20416939682711;89;0.99166049839625
8.81;7.37425096774714;87;0.991956575376264
10.25;6.87615493862419;87;0.992548729336294
12.4;8.46763249509021;88;0.992844806316309
14.47;10.1320021533791;94;0.993140883296324
16.22;10.8123284370592;95;0.992450037009623
17.5;10.7272876515992;94;0.991364421416235
18.38;10.3020837242991;94;0.990377498149519
18.86;9.80398769517618;92;0.989785344189489
18.86;9.1358100951332;84;0.989291882556131
18.21;8.04242856779013;73;0.989390574882803
16.62;6.19582865494406;53;0.989686651862818
14.88;5.78277341128112;35;0.990377498149519
13.8;6.03789576766117;33;0.990574882802862
12.99;5.86781419674114;37;0.990476190476191
12.28;5.44261026944105;45;0.990278805822847
11.76;5.02955502577812;54;0.990180113496176
11.29;4.60435109847803;65;0.989785344189489
10.76;4.51931031301802;78;0.989390574882803
10.35;4.51931031301802;89;0.989094497902788
9.98;4.68939188393805;93;0.988995805576116
9.56;4.77443266939807;93;0.988798420922773
9.18;4.77443266939807;90;0.988798420922773
8.86;4.85947345485808;88;0.989094497902788
7.92;4.36137742573513;93;0.990081421169504
7.7;4.60435109847803;95;0.990377498149519
9.7;5.02955502577812;95;0.990772267456205
13.08;6.45095101132411;93;0.99106834443622
15.47;8.3825917096302;96;0.991167036762892
17.26;9.1358100951332;97;0.990278805822847
18.59;9.05076930967318;94;0.989587959536146
19.88;9.05076930967318;89;0.988403651616087
20.44;8.6255653823731;83;0.987811497656057
20.49;8.12746935325015;76;0.987515420676042
19.48;6.62103258224414;65;0.987712805329386
17.78;4.77443266939807;55;0.9880088823094
15.81;4.77443266939807;33;0.988699728596102
14.6;4.60435109847803;28;0.988897113249445
13.66;4.44641821119515;32;0.989390574882803
12.94;4.1912958548151;40;0.989587959536146
12.25;3.52311825477211;52;0.989489267209474
11.21;2.84279197109198;71;0.989390574882803
10.33;2.59981829834908;90;0.989291882556131
9.84;3.01287354201201;106;0.989094497902788
9.43;3.18295511293205;108;0.988798420922773
9.32;3.26799589839206;95;0.988502343942758
9.63;3.93617349843505;74;0.988403651616087
10.11;4.36137742573513;81;0.988502343942758
9.75;3.52311825477211;80;0.988699728596102
9.74;3.681051142055;82;0.98919319022946
10.97;3.76609192751502;90;0.989785344189489
13.82;4.51931031301802;94;0.990476190476191
15.86;6.62103258224414;96;0.990476190476191
17.62;8.04242856779013;98;0.989785344189489
18.87;8.3825917096302;100;0.98860103626943
19.56;8.54052459691308;98;0.987614113002714
19.99;8.6255653823731;95;0.987120651369356
20.03;8.46763249509021;91;0.986923266716013
19.58;7.78730621141008;85;0.987021959042684
18.1;5.86781419674114;71;0.987120651369356
16.37;5.27252869852102;54;0.987219343696028
15.2;5.02955502577812;57;0.987614113002714
14.29;4.85947345485808;65;0.987614113002714
13.51;4.77443266939807;76;0.987712805329386
12.76;4.85947345485808;86;0.987614113002714
12.03;4.9445142403181;95;0.987416728349371
11.41;4.9445142403181;99;0.987021959042684
10.82;5.11459581123813;101;0.98672588206267
10.38;5.27252869852102;101;0.986627189735998
10.01;5.52765105490107;102;0.98613372810264
9.7;5.78277341128112;106;0.986035035775968
9.43;6.11078786948404;110;0.98613372810264
9.29;5.86781419674114;110;0.98672588206267
9.13;6.11078786948404;115;0.987416728349371
10.81;6.45095101132411;116;0.988107574636072
13.45;8.3825917096302;114;0.98860103626943
15.63;10.1320021533791;113;0.988699728596102
17.27;10.6422468661392;113;0.9880088823094
18.54;10.5572060806792;111;0.986923266716013
19.36;10.1320021533791;108;0.98613372810264
19.75;9.46382455333612;105;0.985640266469282
19.66;8.96572852421317;101;0.98554157414261
19.11;8.12746935325015;97;0.985837651122625
17.75;6.11078786948404;92;0.986035035775968
15.91;4.44641821119515;55;0.986429805082655
14.44;4.27633664027511;50;0.987120651369356
13.16;3.85113271297503;51;0.987515420676042
11.85;3.35303668385208;65;0.988107574636072
10.58;3.26799589839206;79;0.9880088823094
9.69;3.681051142055;84;0.987614113002714
9.06;4.02121428389506;90;0.987120651369356
8.66;4.44641821119515;102;0.986923266716013
8.54;5.02955502577812;112;0.986923266716013
8.52;5.52765105490107;113;0.98672588206267
8.6;6.03789576766117;111;0.986923266716013
8.56;6.45095101132411;109;0.987021959042684
8.37;5.61269184036109;107;0.988206266962744
8.37;5.86781419674114;112;0.988798420922773
10.14;6.11078786948404;114;0.989489267209474
12.95;8.04242856779013;113;0.989982728842832
15.22;9.3787837678761;112;0.989982728842832
16.98;9.22085088059321;109;0.98919319022946
18.39;8.46763249509021;105;0.988502343942758
19.38;7.62937332412719;98;0.987811497656057
19.92;6.94904704044706;88;0.987515420676042
19.87;6.45095101132411;76;0.987120651369356
18.96;6.03789576766117;55;0.987416728349371
17;5.78277341128112;37;0.987416728349371
15.31;5.19963659669815;33;0.987515420676042
14.01;4.85947345485808;34;0.9880088823094
12.92;4.36137742573513;39;0.988403651616087
11.92;3.60815904023213;46;0.98860103626943
10.8;3.09791432747203;57;0.988798420922773
9.62;2.84279197109198;70;0.988798420922773
8.59;2.84279197109198;87;0.988502343942758
7.72;3.09791432747203;101;0.988107574636072
6.95;3.35303668385208;111;0.987910189982729
6.29;3.52311825477211;115;0.987712805329386
5.81;3.60815904023213;118;0.987712805329386
5.42;3.76609192751502;121;0.988107574636072
5.09;3.76609192751502;126;0.988798420922773
4.87;3.76609192751502;128;0.989390574882803
7.04;3.26799589839206;125;0.989982728842832
12.31;3.681051142055;118;0.990673575129534
15.52;5.11459581123813;110;0.990870959782877
17.48;5.78277341128112;108;0.990278805822847
18.93;5.44261026944105;102;0.989094497902788
19.92;4.85947345485808;91;0.988107574636072
20.42;4.27633664027511;70;0.987614113002714
20.29;4.51931031301802;40;0.987515420676042
18.93;6.28086944040407;17;0.987712805329386
16.73;6.53599179678412;15;0.988107574636072
14.52;5.78277341128112;19;0.98860103626943
13.35;4.9445142403181;31;0.989390574882803
12.44;4.27633664027511;37;0.989686651862818
11.65;3.93617349843505;38;0.989785344189489
10.87;3.681051142055;41;0.989785344189489
10.07;3.26799589839206;50;0.989587959536146
9.05;2.84279197109198;73;0.989094497902788
7.98;2.76989986926911;105;0.988699728596102
6.99;2.68485908380909;124;0.98860103626943
6.12;2.68485908380909;126;0.988502343942758
5.42;2.84279197109198;123;0.988502343942758
4.89;3.09791432747203;123;0.988502343942758
4.95;3.35303668385208;120;0.988995805576116
4.46;3.52311825477211;128;0.989587959536146
6.25;2.68485908380909;130;0.989982728842832
11.77;2.42973672742904;128;0.990772267456205
15.63;2.927832756552;116;0.990673575129534
17.65;3.35303668385208;111;0.989982728842832
19.08;3.09791432747203;102;0.988995805576116
20.02;2.68485908380909;84;0.988206266962744
20.56;2.59981829834908;58;0.987811497656057
20.55;3.35303668385208;29;0.987614113002714
19.38;5.19963659669815;13;0.987811497656057
17.29;5.6977326258211;11;0.987811497656057
14.95;5.61269184036109;19;0.988206266962744
13.84;4.68939188393805;32;0.988897113249445
12.92;3.85113271297503;40;0.988995805576116
12.03;3.09791432747203;49;0.98919319022946
10.91;2.76989986926911;60;0.989390574882803
9.8;2.59981829834908;72;0.988897113249445
8.79;2.59981829834908;87;0.988403651616087
7.93;2.68485908380909;105;0.9880088823094
7.09;3.01287354201201;119;0.987614113002714
6.3;3.26799589839206;129;0.987416728349371
5.52;3.43807746931209;134;0.987318036022699
4.8;0;0;0.987416728349371
4.66;0;0;0.988206266962744
4.15;3.60815904023213;138;0.988699728596102
6.47;2.84279197109198;138;0.98919319022946
12.3;2.59981829834908;135;0.989785344189489
16.38;3.26799589839206;119;0.989982728842832
18.29;4.02121428389506;106;0.989094497902788
19.82;4.36137742573513;100;0.988107574636072
20.92;4.36137742573513;96;0.987219343696028
21.52;3.93617349843505;86;0.986627189735998
21.61;3.52311825477211;68;0.986528497409326
20.65;4.02121428389506;33;0.98672588206267
18.56;4.85947345485808;20;0.986923266716013
15.84;5.11459581123813;21;0.986923266716013
14.54;4.77443266939807;30;0.987515420676042
13.49;4.27633664027511;38;0.987515420676042
12.57;3.681051142055;45;0.987614113002714
11.49;3.09791432747203;58;0.987515420676042
10.23;2.76989986926911;78;0.987219343696028
9.12;2.76989986926911;103;0.98672588206267
8.16;3.26799589839206;122;0.98613372810264
7.16;3.60815904023213;131;0.985837651122625
6.16;3.85113271297503;134;0.98554157414261
5.37;3.93617349843505;135;0.985146804835924
5.06;4.10625506935508;136;0.985048112509252
5.31;4.1912958548151;134;0.985837651122625
5.75;4.36137742573513;137;0.98613372810264
8.36;4.02121428389506;137;0.98672588206267
13.37;4.51931031301802;134;0.986824574389341
16.86;6.03789576766117;128;0.987120651369356
19.07;6.62103258224414;124;0.98613372810264
20.8;6.45095101132411;123;0.985146804835924
21.92;5.86781419674114;122;0.984061189242536
22.47;5.11459581123813;120;0.983567727609178
22.55;4.27633664027511;115;0.983271650629164
22.06;3.26799589839206;97;0.983370342955835
20.18;2.68485908380909;46;0.983765112262522
16.65;5.02955502577812;22;0.984159881569208
15.12;4.60435109847803;31;0.984554650875894
13.96;4.02121428389506;41;0.984455958549223
12.9;3.43807746931209;56;0.984357266222551
11.68;3.01287354201201;77;0.984554650875894
10.45;3.09791432747203;102;0.983863804589193
9.33;3.52311825477211;121;0.98307426597582
8.25;3.93617349843505;131;0.982284727362448
7.33;4.1912958548151;135;0.98179126572909
6.94;4.51931031301802;137;0.981692573402418
7.22;4.85947345485808;138;0.981297804095732
7.6;5.19963659669815;137;0.981593881075746
7.34;5.11459581123813;135;0.982679496669134
7.73;5.27252869852102;136;0.982975573649149
9.94;5.27252869852102;136;0.983271650629164
13.7;6.70607336770416;136;0.983962496915865
16.43;8.88068773875315;133;0.98366641993585
18.47;10.0591100515562;131;0.982580804342462
19.94;10.1320021533791;130;0.981001727115717
20.97;9.63390612425615;130;0.979718726868986
21.55;9.1358100951332;131;0.9793239575623
21.56;8.79564695329313;130;0.978830495928942
20.98;8.3825917096302;128;0.978633111275598
19.68;6.62103258224414;126;0.978435726622255
18.16;5.6977326258211;127;0.978435726622255
16.83;5.6977326258211;129;0.978633111275598
15.7;6.11078786948404;132;0.978830495928942
14.88;6.94904704044706;133;0.978830495928942
14.32;8.04242856779013;134;0.978830495928942
13.87;9.05076930967318;133;0.978435726622255
13.66;9.80398769517618;130;0.977646188008882
13.42;10.3871245097592;128;0.977054034048853
13.14;10.8973692225193;125;0.976659264742166
12.81;11.3954652516422;124;0.976363187762151
12.47;11.9786020662252;123;0.976067110782137
12.06;12.2337244226052;124;0.976165803108808
12.03;12.8168612371882;124;0.976461880088823
11.68;12.9869428081082;124;0.97685664939551
12.38;11.5655468225622;125;0.977152726375524
13.73;14.2382572227342;122;0.977843572662226
15.42;15.3316387500773;120;0.977942264988897
17.13;15.6718018919173;121;0.977152726375524
18.66;15.5867611064573;121;0.975968418455465
19.9;15.1615571791572;121;0.974882802862078
20.69;14.7485019354943;121;0.974290648902048
20.89;14.4083387936542;120;0.974093264248705
20.47;13.9952835499913;118;0.973994571922033
19.41;12.6467796662682;115;0.974389341228719
18.64;12.9019020226482;114;0.974882802862078
17.9;13.7401611936112;114;0.975573649148779
17.29;14.5784203645743;115;0.976067110782137
16.79;15.0765163936972;115;0.976560572415495
16.45;15.5017203209973;115;0.97685664939551
16.11;15.6718018919173;114;0.976461880088823
15.87;15.5867611064573;114;0.975968418455465
15.54;15.5017203209973;115;0.975573649148779
15.18;15.5867611064573;115;0.975573649148779
14.84;15.7568426773773;117;0.975771033802122
14.47;15.9998163501202;117;0.97626449543548
14.15;16.1698979210403;117;0.976461880088823
13.92;16.5951018483404;117;0.976659264742166
13.79;16.4250202774203;116;0.977152726375524
14.2;13.9952835499913;116;0.978238341968912
15.18;15.3316387500773;115;0.978929188255613
16.62;15.5867611064573;113;0.979718726868986
18.32;15.4166795355373;112;0.9793239575623
20.02;15.2465979646172;111;0.978830495928942
21.26;14.7485019354943;110;0.977942264988897
22.32;14.3232980081942;109;0.977744880335554
22.73;13.9952835499913;108;0.977744880335554
22.28;12.8168612371882;107;0.978238341968912
21.2;11.8085204953051;106;0.978534418948927
20.24;9.8890284806362;101;0.979027880582285
19.55;9.63390612425615;104;0.980014803849001
19.01;9.3787837678761;108;0.981100419442388
18.52;9.3787837678761;113;0.981889958055761
18.06;9.80398769517618;116;0.982580804342462
17.44;10.3020837242991;118;0.982679496669134
16.74;10.7272876515992;119;0.982482112015791
16.31;10.9702613243421;119;0.982087342709104
15.84;10.8973692225193;120;0.982284727362448
15.42;10.7272876515992;120;0.982482112015791
15.09;10.6422468661392;120;0.982580804342462
14.78;10.5572060806792;120;0.982975573649149
14.79;9.05076930967318;117;0.983567727609178
14.44;8.46763249509021;115;0.984357266222551
15.55;7.45929175320716;112;0.985344189489267
17.49;9.05076930967318;113;0.986035035775968
19.26;8.96572852421317;114;0.986528497409326
21.07;8.21251013871016;110;0.986429805082655
22.48;7.11912861136709;101;0.985640266469282
23.19;5.95285498220115;98;0.985048112509252
23.73;4.85947345485808;110;0.984752035529238
23.85;4.1912958548151;120;0.984554650875894
23.77;3.43807746931209;118;0.984554650875894
22.54;2.25965515650901;75;0.984554650875894
18.84;4.36137742573513;358;0.985837651122625
16.97;4.1912958548151;9;0.986429805082655
15.64;3.60815904023213;20;0.987120651369356
14.68;3.09791432747203;33;0.986923266716013
13.81;2.76989986926911;43;0.986923266716013
13.01;2.68485908380909;45;0.986331112755983
12.38;2.59981829834908;38;0.985640266469282
11.68;2.25965515650901;35;0.985245497162596
11.3;2.25965515650901;30;0.984949420182581
11.22;2.59981829834908;19;0.984653343202566
11.38;2.84279197109198;18;0.984357266222551
11.68;2.68485908380909;18;0.984061189242536
11.76;2.08957358558898;27;0.98425857389588
11.75;2.08957358558898;21;0.984455958549223
13.24;3.35303668385208;11;0.984752035529238
14.52;4.51931031301802;9;0.984949420182581
15.96;5.02955502577812;5;0.985344189489267
16.9;5.35756948398104;1;0.984752035529238
17.74;6.11078786948404;357;0.984159881569208
18.27;7.11912861136709;358;0.982876881322477
18.06;8.04242856779013;359;0.982284727362448
17.44;8.29755092417018;0;0.981889958055761
16.52;8.12746935325015;1;0.982186035035776
15.45;7.45929175320716;3;0.982284727362448
14.71;6.03789576766117;1;0.982087342709104
14.32;5.86781419674114;4;0.982284727362448
13.94;5.44261026944105;5;0.982383419689119
13.81;4.77443266939807;4;0.982482112015791
13.82;4.27633664027511;4;0.982383419689119
13.55;3.76609192751502;359;0.98179126572909
13.25;3.26799589839206;349;0.981297804095732
12.8;2.59981829834908;336;0.981001727115717
12.81;2.17461437104899;324;0.980903034789045
12.72;1.50643677100601;334;0.980804342462374
13.44;0.255122356380049;342;0.980705650135702
13.2;0.753218385503003;193;0.981001727115717
12.09;1.76155912738606;182;0.981001727115717
11.61;2.42973672742904;169;0.981297804095732
12.42;2.42973672742904;171;0.981988650382433
14.29;2.51477751288906;172;0.982778188995806
16.95;3.01287354201201;156;0.983172958302492
19.93;4.10625506935508;144;0.982876881322477
22.82;5.11459581123813;140;0.982087342709104
24.96;6.03789576766117;134;0.981001727115717
26.38;6.45095101132411;129;0.980310880829016
26.81;6.03789576766117;129;0.980212188502344
26.46;4.36137742573513;123;0.980212188502344
24.26;1.84659991284607;76;0.980508265482359
22.2;3.681051142055;102;0.980705650135702
20.74;4.10625506935508;107;0.98119911176906
19.79;5.11459581123813;118;0.98179126572909
19.25;6.36591022586409;126;0.982284727362448
18.68;7.54433253866718;129;0.982482112015791
18.02;7.95738778233011;131;0.982383419689119
17;7.8723469968701;132;0.982087342709104
16.41;7.62937332412719;133;0.981889958055761
15.91;7.20416939682711;134;0.98179126572909
15.35;7.03408782590708;134;0.981692573402418
14.76;6.94904704044706;134;0.98179126572909
14.29;6.87615493862419;132;0.981988650382433
13.55;6.62103258224414;132;0.982482112015791
13.24;6.53599179678412;134;0.983172958302492
14.76;6.36591022586409;135;0.98366641993585
17.45;7.37425096774714;135;0.984357266222551
19.81;8.6255653823731;133;0.984850727855909
21.73;9.30589166605323;131;0.984554650875894
23.02;9.46382455333612;130;0.983765112262522
23.82;8.88068773875315;130;0.982876881322477
24.23;8.04242856779013;128;0.981988650382433
24.31;7.20416939682711;124;0.981988650382433
23.97;6.36591022586409;121;0.981988650382433
22.99;4.44641821119515;118;0.982383419689119
21.21;3.26799589839206;90;0.982580804342462
19.41;3.18295511293205;78;0.982778188995806
17.99;3.18295511293205;79;0.983172958302492
16.68;3.01287354201201;91;0.983370342955835
15.46;3.09791432747203;106;0.983370342955835
14.31;3.26799589839206;120;0.983271650629164
13.38;3.35303668385208;130;0.982679496669134
12.52;3.35303668385208;136;0.982482112015791
11.65;3.43807746931209;136;0.982087342709104
10.93;3.52311825477211;133;0.982087342709104
10.19;3.76609192751502;129;0.981988650382433
9.64;3.93617349843505;127;0.981988650382433
9.47;3.76609192751502;125;0.982482112015791
9.31;3.93617349843505;129;0.982679496669134
11.63;3.681051142055;131;0.983172958302492
16.29;4.44641821119515;130;0.983567727609178
19.12;5.6977326258211;128;0.983765112262522
20.98;5.95285498220115;125;0.983172958302492
22.29;5.52765105490107;115;0.982087342709104
23.15;4.85947345485808;99;0.980705650135702
23.6;4.44641821119515;83;0.979718726868986
23.66;4.1912958548151;66;0.979422649888971
22.8;4.36137742573513;38;0.979422649888971
20.87;4.51931031301802;24;0.979521342215643
18.03;4.77443266939807;15;0.979620034542314
16.72;3.93617349843505;26;0.980310880829016
15.6;3.09791432747203;39;0.980508265482359
14.49;2.42973672742904;52;0.981001727115717
13.23;2.0166814837661;67;0.981297804095732
12.68;1.93164069830609;89;0.98119911176906
11.79;2.17461437104899;111;0.98060695780903
10.68;2.51477751288906;126;0.980113496175672
9.73;2.84279197109198;131;0.979620034542314
8.92;3.09791432747203;135;0.9793239575623
8.19;3.26799589839206;139;0.979225265235628
7.56;3.43807746931209;140;0.979521342215643
7.12;3.52311825477211;138;0.979422649888971
6.61;3.52311825477211;140;0.980014803849001
8.94;2.68485908380909;141;0.980310880829016
14.78;2.42973672742904;145;0.980804342462374
18.61;2.76989986926911;147;0.98119911176906
20.47;3.18295511293205;144;0.98060695780903
21.72;2.927832756552;144;0.979521342215643
22.44;2.25965515650901;143;0.978435726622255
22.77;1.33635520008597;138;0.977744880335554
22.75;0.255122356380049;5;0.977744880335554
21.99;2.84279197109198;336;0.977843572662226
19.8;4.68939188393805;345;0.978040957315569
17.27;4.9445142403181;5;0.978040957315569
15.73;4.1912958548151;22;0.978435726622255
14.68;3.26799589839206;36;0.978830495928942
13.67;2.51477751288906;52;0.979027880582285
12.43;1.93164069830609;77;0.979225265235628
11.76;1.93164069830609;102;0.97873180360227
11.09;2.08957358558898;116;0.978238341968912
10.5;2.08957358558898;120;0.977646188008882
10.17;2.08957358558898;118;0.977251418702196
10.23;1.93164069830609;109;0.977054034048853
9.95;1.93164069830609;106;0.977054034048853
9.23;2.08957358558898;115;0.977054034048853
7.38;2.84279197109198;124;0.977448803355539
6.5;3.09791432747203;136;0.977646188008882
8.59;2.08957358558898;142;0.977843572662226
13.6;1.00834074188305;150;0.978830495928942
17.1;0.340163141840066;304;0.979126572908956
18.98;1.67651834192604;310;0.978929188255613
20.22;2.927832756552;314;0.978040957315569
20.8;4.02121428389506;322;0.977251418702196
20.76;4.9445142403181;331;0.976560572415495
20.11;5.78277341128112;340;0.976461880088823
18.71;6.36591022586409;350;0.976659264742166
16.87;5.86781419674114;0;0.977152726375524
15.38;4.60435109847803;7;0.977152726375524
14.26;3.681051142055;15;0.977547495682211
13.29;3.18295511293205;22;0.977646188008882
12.34;2.84279197109198;27;0.977843572662226
11.31;2.68485908380909;28;0.978040957315569
10.45;2.59981829834908;24;0.977942264988897
9.95;2.76989986926911;19;0.977843572662226
9.76;3.01287354201201;17;0.977646188008882
9.63;3.01287354201201;20;0.977547495682211
9.7;2.927832756552;18;0.977350111028867
10.23;2.68485908380909;13;0.977054034048853
10.69;2.59981829834908;6;0.977350111028867
11.5;3.18295511293205;5;0.977448803355539
12.27;3.76609192751502;359;0.97813964964224
13.33;4.85947345485808;356;0.978534418948927
14.65;6.94904704044706;356;0.979126572908956
15.61;7.28921018228713;351;0.979422649888971
16.44;7.78730621141008;347;0.979422649888971
17.16;8.29755092417018;346;0.978830495928942
17.36;8.88068773875315;347;0.97813964964224
17.2;9.30589166605323;349;0.977744880335554
16.82;9.3787837678761;352;0.977646188008882
16.26;9.30589166605323;354;0.978040957315569
15.51;8.96572852421317;355;0.978534418948927
14.94;8.71060616783311;1;0.978337034295583
14.59;8.12746935325015;2;0.978534418948927
14.57;8.12746935325015;3;0.979027880582285
14.52;7.78730621141008;1;0.979027880582285
14.44;7.54433253866718;357;0.979225265235628
14.21;7.20416939682711;354;0.979225265235628
13.69;6.87615493862419;354;0.978830495928942
13.2;6.36591022586409;352;0.978238341968912
13.03;6.11078786948404;350;0.977942264988897
12.9;5.95285498220115;348;0.977646188008882
12.68;5.95285498220115;346;0.977448803355539
12.77;6.11078786948404;345;0.977547495682211
12.71;6.53599179678412;345;0.977054034048853
12.59;6.19582865494406;344;0.977350111028867
13.39;7.20416939682711;342;0.977646188008882
14.38;8.96572852421317;344;0.97813964964224
15.26;9.22085088059321;344;0.97873180360227
15.72;9.22085088059321;344;0.978435726622255
16.02;9.30589166605323;344;0.977646188008882
15.98;9.05076930967318;345;0.97685664939551
15.75;8.71060616783311;345;0.97626449543548
15.35;8.46763249509021;343;0.976165803108808
14.8;8.29755092417018;341;0.976067110782137
14;7.8723469968701;339;0.976165803108808
13.66;7.70226542595006;337;0.97567234147545
13.25;6.87615493862419;335;0.97567234147545
12.94;6.62103258224414;336;0.975869726128794
12.65;6.53599179678412;338;0.975869726128794
12.55;6.79111415316417;338;0.976067110782137
12.19;6.62103258224414;337;0.975869726128794
11.81;6.53599179678412;337;0.975474956822107
11.58;6.36591022586409;340;0.974685418208734
11.26;6.19582865494406;342;0.973994571922033
11.1;6.28086944040407;343;0.973599802615347
11.26;6.45095101132411;341;0.973303725635332
11.38;6.62103258224414;339;0.973106340981989
11.52;7.03408782590708;339;0.973106340981989
11.42;7.03408782590708;336;0.973106340981989
12.27;8.29755092417018;336;0.973402417962003
13.33;9.97406926609622;338;0.973895879595362
14.36;10.6422468661392;338;0.974093264248705
14.98;11.1403428952622;337;0.973698494942018
14.91;11.3104244661822;338;0.97320503330866
14.33;11.0553021098021;343;0.972514187021959
13.88;10.1320021533791;348;0.972218110041944
13.65;9.46382455333612;353;0.972218110041944
13.05;9.30589166605323;354;0.972316802368616
12.2;8.71060616783311;356;0.972711571675302
11.47;8.3825917096302;356;0.972711571675302
11.03;8.12746935325015;353;0.97320503330866
10.61;7.95738778233011;351;0.973599802615347
10.22;7.95738778233011;350;0.973895879595362
9.9;8.12746935325015;348;0.974389341228719
9.78;8.3825917096302;347;0.974488033555391
9.5;8.46763249509021;348;0.974290648902048
9.3;8.3825917096302;350;0.973895879595362
9.19;8.54052459691308;352;0.97379718726869
9.04;8.88068773875315;354;0.973402417962003
8.89;9.05076930967318;357;0.97379718726869
8.48;8.96572852421317;1;0.974093264248705
8.7;9.30589166605323;4;0.974191956575376
8.51;8.79564695329313;7;0.975277572168764
9.33;9.46382455333612;8;0.975968418455465
10.42;10.5572060806792;6;0.977152726375524
11.38;11.3104244661822;3;0.977942264988897
12.03;11.5655468225622;0;0.977843572662226
12.49;11.4805060371022;357;0.977350111028867
12.67;11.3104244661822;354;0.97685664939551
12.55;11.3104244661822;353;0.976659264742166
12.14;11.0553021098021;355;0.976955341722181
11.46;10.4721652952192;358;0.977251418702196
10.59;9.30589166605323;1;0.977448803355539
9.77;7.28921018228713;6;0.977942264988897
9.26;6.45095101132411;11;0.978534418948927
8.81;5.44261026944105;16;0.979225265235628
8.21;3.85113271297503;21;0.979718726868986
7.19;2.0166814837661;22;0.980310880829016
8.36;0.340163141840066;327;0.980409573155687
7.8;1.00834074188305;207;0.980409573155687
5.87;1.67651834192604;172;0.980113496175672
3.99;2.59981829834908;150;0.980014803849001
3.58;3.681051142055;141;0.979718726868986
2.87;4.1912958548151;140;0.979817419195658
2.53;4.51931031301802;142;0.979916111522329
2.35;4.9445142403181;145;0.98060695780903
2.26;4.9445142403181;154;0.981001727115717
4.76;4.77443266939807;161;0.982087342709104
8.38;5.61269184036109;171;0.982778188995806
10.64;6.36591022586409;183;0.983172958302492
12.09;6.19582865494406;196;0.982876881322477
12.93;5.44261026944105;207;0.981988650382433
13.51;4.77443266939807;219;0.98119911176906
13.85;4.10625506935508;234;0.98060695780903
13.86;3.52311825477211;252;0.980409573155687
13.55;3.18295511293205;273;0.980409573155687
12.84;3.52311825477211;301;0.98060695780903
11.74;3.681051142055;302;0.98060695780903
10.71;3.60815904023213;315;0.98060695780903
9.79;3.09791432747203;325;0.981001727115717
8.75;2.51477751288906;337;0.981100419442388
8.18;1.67651834192604;352;0.981396496422403
9.03;0.668177600042987;33;0.981396496422403
8.49;0.923299956423036;122;0.981100419442388
6.18;1.93164069830609;138;0.98060695780903
4.26;2.84279197109198;142;0.980212188502344
3.62;3.35303668385208;143;0.980014803849001
2.96;3.52311825477211;146;0.979817419195658
2.44;3.60815904023213;147;0.979817419195658
1.89;3.60815904023213;142;0.980113496175672
1.64;3.681051142055;146;0.980409573155687
4.67;3.18295511293205;152;0.980903034789045
9.86;3.52311825477211;162;0.981692573402418
12;2.76989986926911;170;0.982087342709104
12.77;0.838259170963019;226;0.981889958055761
13.43;1.76155912738606;301;0.98119911176906
13.95;2.51477751288906;309;0.980014803849001
14.36;2.84279197109198;311;0.9793239575623
14.42;3.26799589839206;315;0.979027880582285
14.07;4.02121428389506;323;0.979126572908956
13.27;4.85947345485808;328;0.979225265235628
12.62;4.02121428389506;336;0.9793239575623
12.24;3.26799589839206;345;0.980014803849001
11.8;2.51477751288906;357;0.980113496175672
11.17;2.08957358558898;16;0.980508265482359
10.27;2.08957358558898;34;0.980508265482359
9.32;2.17461437104899;45;0.980508265482359
8.16;2.17461437104899;52;0.980409573155687
7.41;2.08957358558898;69;0.979916111522329
6.61;2.25965515650901;97;0.979817419195658
5.99;2.68485908380909;119;0.979620034542314
5.36;3.09791432747203;133;0.979620034542314
4.89;3.18295511293205;140;0.979916111522329
4.7;3.43807746931209;140;0.980113496175672
4.26;3.52311825477211;143;0.980508265482359
6.89;2.927832756552;144;0.981297804095732
10.72;3.18295511293205;145;0.981988650382433
12.62;3.76609192751502;140;0.982580804342462
13.82;3.60815904023213;144;0.982186035035776
14.9;3.26799589839206;148;0.981297804095732
15.68;3.01287354201201;147;0.980508265482359
16.04;2.59981829834908;142;0.979916111522329
16.25;1.98023543285467;135;0.980014803849001
15.29;2.05312753467754;115;0.980113496175672
14.33;2.12601963650041;50;0.980409573155687
13.36;2.19891173832328;1;0.980903034789045
12.4;2.27180384014615;13;0.981396496422403
11.44;2.34469594196903;31;0.982087342709104
10.48;2.4175880437919;52;0.982580804342462
9.51;2.49048014561477;71;0.982876881322477
8.55;2.56337224743764;105;0.980409573155687
7.59;2.63626434926051;122;0.980113496175672
6.62;2.70915645108338;129;0.979718726868986
5.66;2.78204855290625;133;0.979521342215643
4.7;2.85494065472912;138;0.979126572908956
3.74;2.927832756552;142;0.979521342215643
2.77;3.00072485837487;143;0.979817419195658
1.81;3.07361696019774;139;0.980212188502344
3.4;3.43807746931209;137;0.98060695780903
4.66;3.52311825477211;140;0.981396496422403
8.11;3.18295511293205;141;0.981889958055761
11.9;2.927832756552;139;0.982284727362448
14.42;2.927832756552;140;0.981889958055761
16.1;3.35303668385208;149;0.980804342462374
17.38;3.43807746931209;160;0.980113496175672
18.06;3.01287354201201;170;0.979620034542314
18.26;2.08957358558898;183;0.9793239575623
17.9;0.838259170963019;265;0.979422649888971
16.48;2.84279197109198;334;0.979620034542314
14.87;2.68485908380909;353;0.979422649888971
13.39;3.18295511293205;360;0.979620034542314
12.59;3.18295511293205;358;0.980113496175672
11.83;2.84279197109198;357;0.980113496175672
11;2.17461437104899;2;0.980705650135702
10.84;1.84659991284607;33;0.980508265482359
9.74;2.25965515650901;73;0.980014803849001
9.07;2.34469594196903;100;0.979422649888971
8.94;1.84659991284607;116;0.9793239575623
9.35;1.25131441462596;126;0.979027880582285
8.33;1.76155912738606;134;0.979027880582285
7.23;2.927832756552;141;0.9793239575623
7.11;3.18295511293205;144;0.979521342215643
6.69;3.43807746931209;146;0.979620034542314
9.07;2.927832756552;147;0.980014803849001
13.16;2.51477751288906;154;0.980409573155687
15.38;1.84659991284607;167;0.980804342462374
16.76;1.42139598554599;194;0.980508265482359
17.61;1.50643677100601;231;0.979718726868986
18.12;1.76155912738606;252;0.978830495928942
18.36;1.93164069830609;271;0.978238341968912
18.25;2.34469594196903;294;0.97813964964224
17.44;3.93617349843505;320;0.978337034295583
15.62;5.19963659669815;334;0.97873180360227
13.78;5.02955502577812;342;0.979027880582285
12.68;3.35303668385208;360;0.979718726868986
11.58;2.08957358558898;28;0.980014803849001
11;1.50643677100601;45;0.980508265482359
11.45;1.09338152734307;65;0.980804342462374
10.94;1.17842231280309;99;0.980903034789045
9.73;1.50643677100601;117;0.98060695780903
8.94;1.76155912738606;122;0.980409573155687
8.48;2.08957358558898;126;0.979817419195658
8.37;2.17461437104899;135;0.9793239575623
8.35;2.08957358558898;137;0.979126572908956
8.58;2.08957358558898;139;0.9793239575623
8.87;1.59147755646602;138;0.979916111522329
9.09;1.50643677100601;146;0.980310880829016
9.99;1.17842231280309;141;0.980508265482359
10.86;0.498096029122954;132;0.980804342462374
12.09;0.498096029122954;354;0.98119911176906
13.77;2.0166814837661;348;0.981001727115717
15.01;3.26799589839206;345;0.980113496175672
15.71;4.02121428389506;342;0.979225265235628
16.31;4.9445142403181;343;0.978633111275598
16.19;5.19963659669815;341;0.978633111275598
15.83;5.19963659669815;336;0.978534418948927
15.26;4.85947345485808;326;0.978435726622255
14.84;4.85947345485808;320;0.978830495928942
14.39;4.68939188393805;328;0.979225265235628
14.07;4.60435109847803;341;0.979422649888971
13.73;4.77443266939807;353;0.979718726868986
13.72;5.27252869852102;358;0.980014803849001
13.4;5.35756948398104;360;0.979817419195658
12.72;5.27252869852102;359;0.979521342215643
12.14;4.85947345485808;357;0.979126572908956
11.65;4.60435109847803;355;0.97873180360227
11.57;4.77443266939807;354;0.978633111275598
11.6;4.9445142403181;354;0.978337034295583
11.69;5.19963659669815;356;0.978435726622255
11.72;5.61269184036109;1;0.978830495928942
11.76;5.6977326258211;4;0.979126572908956
13.06;5.78277341128112;5;0.979620034542314
14.56;8.96572852421317;5;0.980113496175672
15.14;8.96572852421317;3;0.980310880829016
15.82;8.79564695329313;360;0.980212188502344
15.96;8.79564695329313;357;0.979422649888971
16.07;8.79564695329313;355;0.97873180360227
16.1;8.71060616783311;355;0.978435726622255
15.92;8.71060616783311;354;0.978534418948927
15.41;8.71060616783311;356;0.978633111275598
14.72;7.62937332412719;358;0.97873180360227
13.79;6.11078786948404;3;0.978435726622255
13.16;5.61269184036109;5;0.978929188255613
12.81;5.35756948398104;5;0.9793239575623
12.67;5.44261026944105;6;0.979620034542314
12.4;5.35756948398104;7;0.979422649888971
11.91;4.9445142403181;8;0.9793239575623
11.67;4.51931031301802;6;0.978929188255613
11.49;4.1912958548151;4;0.97873180360227
11.31;4.1912958548151;2;0.978337034295583
11.34;4.1912958548151;3;0.978040957315569
11.19;4.10625506935508;4;0.977744880335554
10.96;3.681051142055;6;0.977942264988897
11.02;3.76609192751502;9;0.978633111275598
10.73;3.18295511293205;16;0.978929188255613
12.11;2.34469594196903;21;0.979225265235628
14.69;3.35303668385208;16;0.979817419195658
15.74;3.60815904023213;5;0.979916111522329
16.51;3.60815904023213;352;0.980014803849001
17.13;3.93617349843505;344;0.979225265235628
17.49;4.44641821119515;344;0.978435726622255
17.47;4.77443266939807;350;0.977843572662226
17.23;5.11459581123813;350;0.977942264988897
16.55;5.44261026944105;341;0.978435726622255
15.42;5.19963659669815;344;0.978830495928942
14.01;4.10625506935508;355;0.978633111275598
12.97;3.18295511293205;10;0.978830495928942
11.91;2.42973672742904;30;0.979126572908956
10.86;1.84659991284607;55;0.979126572908956
10.78;1.42139598554599;91;0.979225265235628
9.42;1.76155912738606;119;0.978830495928942
8.22;2.0166814837661;127;0.978337034295583
7.99;2.17461437104899;131;0.977942264988897
8.02;2.34469594196903;132;0.977547495682211
7.67;2.51477751288906;136;0.977350111028867
7.65;2.68485908380909;137;0.977448803355539
7.51;2.84279197109198;136;0.977744880335554
8.13;2.76989986926911;116;0.977646188008882
8.21;2.927832756552;127;0.978040957315569
9.07;3.01287354201201;138;0.978830495928942
10.98;2.68485908380909;140;0.979620034542314
13.41;2.0166814837661;135;0.979916111522329
15.44;1.42139598554599;128;0.979620034542314
17.29;0.923299956423036;112;0.978830495928942
18.65;0.753218385503003;85;0.977744880335554
19.56;0.668177600042987;64;0.977054034048853
19.98;0.838259170963019;29;0.976757957068838
19.62;2.0166814837661;0;0.97685664939551
18.16;3.52311825477211;359;0.976955341722181
16.41;4.10625506935508;5;0.97685664939551
14.91;3.76609192751502;16;0.977251418702196
14.03;3.35303668385208;32;0.977547495682211
13.35;2.927832756552;52;0.977448803355539
12.69;2.42973672742904;86;0.977251418702196
12.26;2.68485908380909;123;0.977251418702196
12.13;3.26799589839206;131;0.977054034048853
12.68;4.51931031301802;132;0.976461880088823
13.66;5.86781419674114;136;0.976165803108808
14.16;6.79111415316417;140;0.975968418455465
14.24;7.28921018228713;141;0.975968418455465
14.17;7.70226542595006;139;0.97626449543548
14.04;8.21251013871016;137;0.977054034048853
14.1;9.3787837678761;133;0.977350111028867
14.59;10.0591100515562;133;0.977942264988897
15.39;10.3020837242991;135;0.978633111275598
16.07;10.8123284370592;138;0.979422649888971
16.4;10.7272876515992;142;0.979620034542314
16.68;10.3020837242991;145;0.979718726868986
16.28;9.8890284806362;144;0.979521342215643
16.21;10.7272876515992;136;0.978534418948927
16.32;12.4038059935253;132;0.977054034048853
16.41;12.0636428516852;136;0.976757957068838
16.08;11.8085204953051;139;0.976363187762151
15.36;11.4805060371022;140;0.976363187762151
14.91;11.0553021098021;141;0.97685664939551
14.65;11.0553021098021;140;0.977350111028867
14.5;11.3104244661822;136;0.976955341722181
14.37;10.9702613243421;139;0.977350111028867
14.18;10.8123284370592;138;0.977350111028867
14.1;10.6422468661392;136;0.976659264742166
13.91;10.5572060806792;135;0.975968418455465
13.85;10.5572060806792;136;0.975573649148779
13.75;10.5572060806792;136;0.974981495188749
13.72;10.4721652952192;137;0.974981495188749
13.52;10.7272876515992;136;0.975178879842092
13.28;11.8935612807652;133;0.974981495188749
13.3;12.6467796662682;132;0.975376264495435
14.41;12.8168612371882;130;0.975573649148779
15.96;14.1653651209113;129;0.975968418455465
17.88;15.5867611064573;129;0.975771033802122
19.99;16.3399794919603;131;0.975376264495435
21.62;16.4250202774203;132;0.974191956575376
22.88;16.3399794919603;133;0.973303725635332
23.68;15.9998163501202;134;0.972514187021959
23.99;15.4166795355373;135;0.972218110041944
23.69;14.4083387936542;135;0.972020725388601
22.45;12.9019020226482;135;0.972119417715273
20.85;13.3999980517712;133;0.971527263755243
19.98;13.3999980517712;135;0.971922033061929
19.27;13.3271059499483;138;0.972612879348631
18.59;13.3271059499483;141;0.972908956328645
18.05;13.3271059499483;142;0.973303725635332
17.7;13.2420651644883;141;0.97320503330866
17.2;13.1570243790283;139;0.973007648655317
17.02;13.0719835935682;137;0.972415494695287
16.76;12.2337244226052;137;0.972020725388601
16.33;10.5572060806792;142;0.972218110041944
15.93;9.46382455333612;147;0.972514187021959
15.63;9.8890284806362;147;0.973106340981989
16.02;10.7272876515992;144;0.973402417962003
16.02;11.3104244661822;138;0.97379718726869
16.54;11.3104244661822;138;0.973994571922033
17.87;11.1403428952622;139;0.974586725882063
19.35;12.1486836371452;142;0.974685418208734
21.03;12.4038059935253;150;0.974586725882063
22.42;12.2337244226052;164;0.973698494942018
23.2;11.5655468225622;175;0.973007648655317
23.49;11.2253836807222;192;0.972415494695287
22.84;9.54886533879614;205;0.972316802368616
21.55;7.45929175320716;220;0.973007648655317
19.86;4.10625506935508;229;0.973501110288675
17.76;2.927832756552;178;0.973698494942018
17.1;4.51931031301802;134;0.974093264248705
16.67;5.86781419674114;140;0.974685418208734
16.42;6.70607336770416;151;0.975080187515421
16.32;7.11912861136709;157;0.975277572168764
16.2;7.54433253866718;157;0.975376264495435
16.05;7.95738778233011;158;0.974981495188749
15.66;8.46763249509021;159;0.974685418208734
15.07;8.88068773875315;156;0.974389341228719
14.69;9.05076930967318;155;0.973994571922033
14.62;9.05076930967318;152;0.974093264248705
14.52;9.22085088059321;149;0.974290648902048
14.68;8.96572852421317;146;0.974093264248705
14.56;9.05076930967318;146;0.974389341228719
15.39;8.12746935325015;147;0.974981495188749
16.76;10.1320021533791;151;0.97567234147545
18.24;10.9702613243421;166;0.975771033802122
19.36;10.6422468661392;183;0.975376264495435
20.4;9.46382455333612;187;0.974586725882063
21;8.96572852421317;193;0.973402417962003
21;8.12746935325015;194;0.973007648655317
21.06;7.11912861136709;198;0.972316802368616
20.01;6.28086944040407;193;0.972612879348631
18.83;4.51931031301802;164;0.972810264001974
16.86;6.28086944040407;135;0.973007648655317
16.15;7.03408782590708;128;0.973599802615347
15.66;7.8723469968701;128;0.974191956575376
15.34;7.95738778233011;133;0.974488033555391
15.2;7.62937332412719;141;0.974685418208734
14.99;6.70607336770416;150;0.974882802862078
14.71;6.11078786948404;153;0.974586725882063
14.46;6.11078786948404;153;0.974488033555391
14.41;6.19582865494406;156;0.974191956575376
14.09;6.19582865494406;162;0.973895879595362
13.76;5.95285498220115;163;0.973994571922033
13.44;5.86781419674114;160;0.974191956575376
13.28;6.03789576766117;146;0.974981495188749
13.28;6.36591022586409;148;0.975474956822107
14.69;6.79111415316417;152;0.975968418455465
16.42;8.04242856779013;158;0.976659264742166
17.94;8.04242856779013;164;0.976955341722181
19.24;7.45929175320716;166;0.97685664939551
20.06;6.53599179678412;166;0.97626449543548
20.57;5.61269184036109;168;0.975474956822107
20.8;4.60435109847803;173;0.974784110535406
20.46;2.51477751288906;171;0.974685418208734
18.77;0.838259170963019;81;0.974586725882063
17.6;2.76989986926911;37;0.974882802862078
15.75;3.18295511293205;57;0.975277572168764
15.47;2.927832756552;95;0.975771033802122
15.15;3.09791432747203;121;0.97626449543548
14.74;3.09791432747203;116;0.97626449543548
14.14;3.01287354201201;100;0.97685664939551
13.63;2.927832756552;84;0.976955341722181
13.38;3.09791432747203;65;0.97685664939551
13.04;3.60815904023213;58;0.97685664939551
12.68;3.52311825477211;76;0.976461880088823
12.34;3.18295511293205;106;0.976165803108808
11.81;3.01287354201201;132;0.975869726128794
11.19;2.51477751288906;134;0.975968418455465
11.09;1.59147755646602;74;0.976757957068838
11.32;1.42139598554599;73;0.977646188008882
13.57;1.33635520008597;102;0.978435726622255
15.62;1.50643677100601;106;0.978830495928942
16.91;1.17842231280309;90;0.979521342215643
17.73;0.668177600042987;0;0.9793239575623
18.71;2.59981829834908;326;0.978435726622255
19.19;5.19963659669815;326;0.977448803355539
18.95;6.79111415316417;329;0.976659264742166
18.13;7.11912861136709;332;0.976461880088823
17.26;6.45095101132411;335;0.976461880088823
16.33;6.28086944040407;341;0.976659264742166
15.39;5.78277341128112;345;0.977448803355539
14.75;5.61269184036109;351;0.978040957315569
14.55;5.6977326258211;357;0.978929188255613
14.47;6.19582865494406;360;0.979027880582285
14.57;6.70607336770416;359;0.979422649888971
14.47;7.03408782590708;358;0.9793239575623
14.53;7.28921018228713;356;0.979126572908956
14.38;7.20416939682711;354;0.97873180360227
14.28;7.28921018228713;353;0.978534418948927
14.22;7.37425096774714;355;0.978238341968912
14.09;7.28921018228713;358;0.977942264988897
14.04;6.94904704044706;1;0.978238341968912
14.12;6.62103258224414;2;0.979126572908956
14.1;6.11078786948404;3;0.979422649888971
14.71;7.70226542595006;6;0.980014803849001
15.79;7.62937332412719;8;0.98060695780903
16.77;7.20416939682711;5;0.980903034789045
17.21;6.79111415316417;1;0.980804342462374
17.51;6.62103258224414;357;0.980310880829016
17.52;6.87615493862419;352;0.979521342215643
17.51;7.78730621141008;350;0.979027880582285
17.05;8.71060616783311;359;0.978929188255613
16.56;8.04242856779013;8;0.979027880582285
15.84;6.36591022586409;12;0.979225265235628
14.79;5.11459581123813;13;0.979620034542314
14.15;4.60435109847803;11;0.980113496175672
13.84;4.10625506935508;10;0.98060695780903
13.43;3.52311825477211;10;0.98060695780903
13.32;3.18295511293205;13;0.98060695780903
13.02;2.76989986926911;12;0.980014803849001
12.95;2.42973672742904;6;0.979718726868986
12.98;2.08957358558898;4;0.979126572908956
13.02;2.17461437104899;5;0.978929188255613
13.02;2.25965515650901;353;0.978830495928942
13.2;2.84279197109198;341;0.978929188255613
13.4;3.18295511293205;345;0.979225265235628
13.33;3.85113271297503;1;0.979916111522329
13.44;3.43807746931209;18;0.980113496175672
14.54;4.36137742573513;28;0.980508265482359
15.65;4.27633664027511;25;0.980705650135702
16.48;3.76609192751502;21;0.980903034789045
17.27;3.60815904023213;11;0.980508265482359
17.82;4.36137742573513;358;0.979620034542314
17.8;5.52765105490107;355;0.97873180360227
17.11;6.53599179678412;357;0.978238341968912
16.64;6.87615493862419;1;0.978040957315569
16.19;7.03408782590708;11;0.978337034295583
15.52;6.03789576766117;22;0.978534418948927
14.99;3.76609192751502;25;0.97873180360227
14.5;3.09791432747203;18;0.979225265235628
14.15;3.26799589839206;13;0.979916111522329
13.75;3.26799589839206;16;0.980409573155687
13.36;3.43807746931209;17;0.980705650135702
13.18;3.60815904023213;22;0.980705650135702
12.87;3.43807746931209;30;0.980804342462374
12.54;3.01287354201201;42;0.980508265482359
11.92;2.42973672742904;61;0.980310880829016
11.25;2.08957358558898;82;0.980310880829016
10.66;2.25965515650901;98;0.980310880829016
10.18;2.42973672742904;113;0.98060695780903
10.44;2.76989986926911;115;0.980903034789045
10.34;2.927832756552;127;0.981692573402418
11.9;2.76989986926911;128;0.982876881322477
14.73;2.51477751288906;122;0.98366641993585
16.95;3.18295511293205;105;0.984061189242536
18.32;4.36137742573513;96;0.983962496915865
19.15;4.68939188393805;87;0.983469035282507
19.58;4.51931031301802;77;0.982383419689119
19.7;4.36137742573513;66;0.98179126572909
19.52;4.27633664027511;48;0.981593881075746
18.77;4.77443266939807;23;0.981396496422403
17.17;6.03789576766117;3;0.981593881075746
14.77;6.79111415316417;6;0.982482112015791
14.09;6.11078786948404;20;0.983271650629164
13.6;4.85947345485808;33;0.983765112262522
13.19;3.681051142055;43;0.984159881569208
12.69;2.84279197109198;51;0.984455958549223
11.84;2.34469594196903;65;0.984159881569208
11.25;1.93164069830609;84;0.983962496915865
11.5;1.33635520008597;87;0.983469035282507
11.76;1.17842231280309;36;0.98307426597582
10.23;2.0166814837661;25;0.982580804342462
9.75;2.42973672742904;37;0.982482112015791
9.65;2.59981829834908;43;0.982482112015791
10.06;3.01287354201201;41;0.98307426597582
9.99;2.59981829834908;58;0.983469035282507
12.67;2.25965515650901;64;0.984159881569208
15.01;3.01287354201201;47;0.984554650875894
16.39;2.76989986926911;30;0.984554650875894
17.48;3.52311825477211;8;0.984357266222551
18.08;4.51931031301802;2;0.983567727609178
18.41;4.9445142403181;3;0.982284727362448
18.34;5.52765105490107;360;0.981593881075746
17.83;6.53599179678412;359;0.981001727115717
16.85;7.37425096774714;2;0.981297804095732
15.55;7.20416939682711;7;0.981396496422403
14.19;5.95285498220115;13;0.98179126572909
13.55;5.35756948398104;14;0.982186035035776
13.27;5.35756948398104;14;0.982778188995806
12.98;5.11459581123813;16;0.98307426597582
12.87;5.02955502577812;15;0.983271650629164
12.68;5.02955502577812;13;0.982679496669134
12.9;5.52765105490107;10;0.982580804342462
12.81;5.44261026944105;8;0.98179126572909
12.72;5.19963659669815;6;0.981396496422403
12.64;4.9445142403181;4;0.980903034789045
12.62;4.9445142403181;1;0.980705650135702
12.55;4.9445142403181;360;0.980705650135702
12.37;4.9445142403181;0;0.981001727115717
12.53;4.77443266939807;359;0.981495188749075
13.03;5.86781419674114;2;0.981889958055761
13.92;6.19582865494406;0;0.982482112015791
14.72;6.36591022586409;353;0.982580804342462
15.4;6.70607336770416;347;0.982482112015791
15.85;6.79111415316417;346;0.981889958055761
16.11;6.79111415316417;346;0.981001727115717
16.18;7.28921018228713;345;0.98060695780903
16.11;7.45929175320716;346;0.980508265482359
15.87;7.8723469968701;350;0.980310880829016
15.39;7.62937332412719;354;0.98060695780903
14.7;6.87615493862419;354;0.980705650135702
14.48;6.53599179678412;349;0.981297804095732
14.23;6.03789576766117;346;0.981988650382433
13.84;5.61269184036109;345;0.982383419689119
13.65;5.19963659669815;346;0.982383419689119
13.55;4.85947345485808;347;0.981988650382433
13.43;4.9445142403181;347;0.981889958055761
13.2;5.02955502577812;348;0.981297804095732
12.95;5.02955502577812;351;0.980903034789045
12.7;5.11459581123813;355;0.980409573155687
12.74;5.19963659669815;359;0.980409573155687
12.82;5.44261026944105;2;0.98060695780903
12.91;6.28086944040407;5;0.980903034789045
13.08;6.19582865494406;3;0.981396496422403
13.99;7.70226542595006;2;0.982087342709104
14.82;8.12746935325015;357;0.982580804342462
15.28;7.95738778233011;353;0.983271650629164
15.66;7.8723469968701;349;0.983271650629164
15.92;8.04242856779013;348;0.98307426597582
16.04;8.21251013871016;348;0.982284727362448
16.06;8.29755092417018;348;0.981889958055761
15.86;8.54052459691308;349;0.981692573402418
15.35;8.71060616783311;349;0.981988650382433
14.7;8.21251013871016;351;0.982482112015791
14.04;7.11912861136709;352;0.982679496669134
13.54;6.79111415316417;354;0.982778188995806
13.31;6.70607336770416;356;0.983271650629164
13.11;6.70607336770416;358;0.983370342955835
12.84;6.79111415316417;0;0.983370342955835
12.82;7.03408782590708;3;0.983172958302492
12.84;7.11912861136709;4;0.982876881322477
12.67;7.11912861136709;5;0.982383419689119
12.65;7.28921018228713;4;0.982284727362448
12.65;7.28921018228713;3;0.982087342709104
12.53;7.11912861136709;4;0.982087342709104
12.39;6.87615493862419;5;0.982284727362448
12.59;7.28921018228713;4;0.983172958302492
13;7.37425096774714;3;0.983567727609178
13.73;9.22085088059321;4;0.984357266222551
14.66;9.71894690971617;5;0.984752035529238
15.38;9.63390612425615;6;0.985048112509252
16.2;9.54886533879614;5;0.984752035529238
16.9;9.54886533879614;2;0.984159881569208
17.05;9.54886533879614;0;0.98307426597582
17.18;9.63390612425615;359;0.982580804342462
16.96;9.97406926609622;0;0.982383419689119
16.39;9.8890284806362;1;0.982383419689119
15.53;8.88068773875315;1;0.982383419689119
14.55;7.11912861136709;356;0.982580804342462
14.17;7.03408782590708;352;0.982778188995806
14.24;7.37425096774714;352;0.983271650629164
14.27;7.78730621141008;354;0.983469035282507
14.02;7.62937332412719;355;0.983567727609178
13.59;7.70226542595006;355;0.983271650629164
13.16;8.04242856779013;356;0.98307426597582
12.95;8.54052459691308;357;0.982383419689119
12.84;9.05076930967318;358;0.982186035035776
12.74;9.46382455333612;358;0.981692573402418
12.47;9.54886533879614;359;0.981396496422403
12.46;9.80398769517618;360;0.98179126572909
12.17;10.1320021533791;2;0.981988650382433
12.19;10.1320021533791;3;0.982186035035776
13.21;12.1486836371452;5;0.982482112015791
14.13;12.9019020226482;5;0.982679496669134
15.01;13.1570243790283;4;0.982975573649149
15.72;13.3999980517712;4;0.982679496669134
16.11;13.3271059499483;3;0.982186035035776
16.31;13.2420651644883;3;0.981100419442388
16.22;13.0719835935682;2;0.980804342462374
15.94;12.8168612371882;1;0.980409573155687
15.34;12.4888467789853;359;0.980212188502344
14.57;11.7356283934823;359;0.980409573155687
13.92;10.2170429388391;356;0.980310880829016
13.41;9.54886533879614;355;0.980310880829016
13.21;9.30589166605323;355;0.980903034789045
13.07;9.22085088059321;356;0.981001727115717
12.93;9.30589166605323;357;0.98119911176906
12.76;9.46382455333612;358;0.980804342462374
12.45;9.54886533879614;359;0.980310880829016
12.5;9.63390612425615;359;0.979521342215643
12.36;9.46382455333612;359;0.979027880582285
12.32;9.46382455333612;358;0.978435726622255
12.23;9.46382455333612;358;0.978337034295583
12.17;9.54886533879614;358;0.978337034295583
12.22;9.63390612425615;357;0.97873180360227
12.43;9.46382455333612;357;0.97873180360227
13.5;11.3954652516422;356;0.979225265235628
14.52;12.0636428516852;356;0.979817419195658
15.2;11.9786020662252;354;0.979916111522329
15.72;11.8935612807652;352;0.979718726868986
16.02;11.9786020662252;351;0.979126572908956
15.94;11.9786020662252;350;0.978337034295583
15.77;11.9786020662252;349;0.978040957315569
15.29;11.7356283934823;350;0.977942264988897
14.84;11.5655468225622;350;0.978040957315569
14.21;10.9702613243421;350;0.978238341968912
13.67;10.0591100515562;346;0.97813964964224
13.1;8.54052459691308;344;0.978435726622255
12.97;8.29755092417018;343;0.979126572908956
12.79;8.21251013871016;343;0.979126572908956
12.58;8.29755092417018;343;0.979422649888971
12.3;8.54052459691308;342;0.9793239575623
12.08;8.6255653823731;340;0.9793239575623
11.95;8.79564695329313;339;0.979225265235628
11.97;9.30589166605323;339;0.978929188255613
11.83;9.54886533879614;340;0.979027880582285
11.82;9.54886533879614;342;0.979126572908956
11.65;9.1358100951332;344;0.979422649888971
11.82;9.1358100951332;345;0.980212188502344
12.16;9.30589166605323;347;0.980310880829016
13.29;11.8085204953051;349;0.98119911176906
14.02;12.4038059935253;351;0.98179126572909
14.8;12.5617388808081;352;0.982383419689119
15.38;12.4888467789853;353;0.982580804342462
15.58;12.2337244226052;355;0.982284727362448
15.59;12.0636428516852;357;0.981692573402418
15.43;11.8935612807652;360;0.981593881075746
15.05;11.5655468225622;1;0.981593881075746
14.52;11.0553021098021;2;0.98179126572909
13.69;10.0591100515562;1;0.982186035035776
13.09;8.29755092417018;359;0.982383419689119
12.71;7.37425096774714;358;0.982975573649149
12.4;6.79111415316417;358;0.983469035282507
11.96;6.28086944040407;359;0.983567727609178
11.69;6.03789576766117;0;0.983863804589193
11.39;6.19582865494406;1;0.983765112262522
11.63;6.53599179678412;3;0.983469035282507
11.38;6.53599179678412;3;0.982975573649149
11.29;6.36591022586409;3;0.982580804342462
11.28;6.28086944040407;2;0.982383419689119
11.15;6.03789576766117;1;0.982186035035776
10.97;5.61269184036109;2;0.982186035035776
10.83;5.61269184036109;357;0.982975573649149
11.15;5.35756948398104;0;0.983370342955835
12.89;6.45095101132411;3;0.98366641993585
14.24;7.45929175320716;1;0.983962496915865
15.37;8.54052459691308;357;0.984554650875894
16.09;9.05076930967318;357;0.984554650875894
16.59;8.6255653823731;359;0.983765112262522
16.94;7.70226542595006;359;0.982482112015791
17.09;6.94904704044706;355;0.981692573402418
16.89;6.87615493862419;352;0.981495188749075
16.2;7.11912861136709;351;0.981495188749075
15.11;7.20416939682711;353;0.98179126572909
14.15;5.52765105490107;353;0.982284727362448
13.45;5.52765105490107;358;0.982580804342462
13.17;5.35756948398104;2;0.98307426597582
13.2;4.85947345485808;1;0.98307426597582
13.35;4.27633664027511;354;0.983271650629164
13.02;3.76609192751502;344;0.98307426597582
12.5;3.52311825477211;336;0.982580804342462
11.85;3.52311825477211;331;0.98179126572909
11.26;3.60815904023213;327;0.981297804095732
11.07;3.76609192751502;326;0.980804342462374
11.36;4.1912958548151;326;0.98060695780903
12.07;4.68939188393805;332;0.980508265482359
12.59;5.02955502577812;346;0.980804342462374
12.82;4.9445142403181;351;0.981100419442388
14.09;6.79111415316417;353;0.981495188749075
15.24;7.11912861136709;352;0.981988650382433
16.15;7.11912861136709;350;0.982186035035776
16.94;7.20416939682711;348;0.981988650382433
17.39;7.28921018228713;346;0.981297804095732
17.79;7.62937332412719;344;0.98060695780903
17.75;7.95738778233011;343;0.980113496175672
17.34;7.95738778233011;342;0.979916111522329
16.72;7.70226542595006;341;0.979916111522329
15.82;7.37425096774714;341;0.980212188502344
14.91;6.28086944040407;341;0.979916111522329
14.41;6.03789576766117;341;0.980113496175672
14.18;5.6977326258211;343;0.980508265482359
13.8;5.02955502577812;347;0.98060695780903
13.25;4.77443266939807;352;0.98060695780903
12.51;4.44641821119515;354;0.980310880829016
12.33;4.10625506935508;356;0.979718726868986
11.91;3.76609192751502;0;0.978929188255613
11.37;3.52311825477211;5;0.978435726622255
11.09;3.43807746931209;7;0.97813964964224
10.83;3.60815904023213;4;0.978238341968912
10.72;3.52311825477211;4;0.978435726622255
10.82;2.76989986926911;6;0.978337034295583
10.71;2.17461437104899;11;0.978534418948927
12.94;3.52311825477211;0;0.979225265235628
14.1;4.02121428389506;352;0.979916111522329
15.2;4.1912958548151;344;0.979916111522329
16.29;4.10625506935508;336;0.979817419195658
17.23;4.02121428389506;328;0.978929188255613
18.03;4.36137742573513;315;0.977942264988897
18.47;4.68939188393805;302;0.977251418702196
18.46;5.52765105490107;295;0.97685664939551
17.79;6.28086944040407;296;0.977054034048853
16.47;6.53599179678412;299;0.977448803355539
15.16;5.19963659669815;296;0.977646188008882
14.4;3.52311825477211;290;0.978040957315569
13.78;2.25965515650901;283;0.978435726622255
12.82;1.59147755646602;248;0.978435726622255
12.32;1.93164069830609;217;0.978633111275598
12.65;2.17461437104899;216;0.978238341968912
12.84;2.84279197109198;223;0.977744880335554
12.89;3.60815904023213;224;0.977152726375524
12.9;3.93617349843505;225;0.976560572415495
13.17;4.1912958548151;228;0.976067110782137
13.55;4.60435109847803;237;0.975771033802122
13.95;5.27252869852102;250;0.975869726128794
13.9;5.19963659669815;258;0.976461880088823
14.29;4.9445142403181;272;0.976757957068838
15.52;7.03408782590708;294;0.977350111028867
16.86;7.78730621141008;312;0.977942264988897
17.86;7.45929175320716;318;0.978337034295583
18.59;7.03408782590708;319;0.97813964964224
19.06;7.62937332412719;319;0.977843572662226
19;8.12746935325015;320;0.977152726375524
18.72;8.12746935325015;322;0.976757957068838
18.31;7.95738778233011;322;0.976757957068838
17.67;8.04242856779013;323;0.97685664939551
16.68;7.62937332412719;324;0.976955341722181
15.66;5.78277341128112;322;0.97685664939551
14.95;5.02955502577812;319;0.977350111028867
14.38;4.77443266939807;318;0.977942264988897
14.02;4.85947345485808;321;0.978633111275598
13.73;4.85947345485808;323;0.978633111275598
13.5;4.51931031301802;325;0.978534418948927
13.33;4.10625506935508;327;0.978040957315569
13.04;3.76609192751502;327;0.977547495682211
13.12;3.76609192751502;327;0.97685664939551
13.19;4.02121428389506;330;0.976461880088823
13.44;4.10625506935508;334;0.97626449543548
12.94;3.52311825477211;331;0.976067110782137
12.98;3.681051142055;322;0.975968418455465
13.44;3.52311825477211;315;0.976461880088823
14.99;5.35756948398104;319;0.977054034048853
16.28;5.52765105490107;318;0.977547495682211
17.26;5.27252869852102;316;0.977547495682211
18.11;5.35756948398104;314;0.977251418702196
18.65;5.86781419674114;314;0.976659264742166
19.02;6.28086944040407;316;0.975869726128794
19.06;5.86781419674114;320;0.975277572168764
19.01;4.85947345485808;322;0.974389341228719
18.67;4.44641821119515;318;0.973994571922033
17.79;4.85947345485808;312;0.974093264248705
16.65;3.681051142055;309;0.973402417962003
15.85;2.0166814837661;312;0.973303725635332
15.2;0.668177600042987;303;0.973303725635332
14.43;0.838259170963019;157;0.97320503330866
13.34;2.34469594196903;160;0.972810264001974
12.68;3.09791432747203;176;0.972415494695287
12.41;3.85113271297503;186;0.971922033061929
12.7;4.77443266939807;189;0.971132494448557
13.08;6.03789576766117;191;0.970244263508512
13.3;6.94904704044706;202;0.969652109548483
13.53;6.94904704044706;215;0.969454724895139
13.78;6.36591022586409;226;0.969454724895139
13.61;6.94904704044706;232;0.969652109548483
13.44;6.11078786948404;226;0.970145571181841
14.02;6.94904704044706;217;0.970441648161855
15.03;7.62937332412719;218;0.970935109795213
16.23;8.46763249509021;229;0.971132494448557
16.74;9.8890284806362;234;0.970836417468542
17.7;10.5572060806792;236;0.970441648161855
18.12;10.5572060806792;240;0.969750801875154
18.33;10.3871245097592;244;0.969553417221811
17.1;7.86019831323295;249;0.969454724895139
16.84;7.36210228411;252;0.969553417221811
16.59;6.86400625498704;252;0.969652109548483
16.33;6.36591022586409;230;0.96886257093511
16.07;5.86781419674114;193;0.969454724895139
15.81;5.36971816761818;188;0.969652109548483
15.56;4.87162213849523;195;0.969849494201826
15.3;4.37352610937228;197;0.969948186528497
15.04;3.87543008024932;346;0.980014803849001
14.79;3.37733405112637;351;0.979916111522329
14.53;2.87923802200342;354;0.979521342215643
14.27;2.36899330924332;360;0.9793239575623
14.02;1.87089728012036;17;0.9793239575623
13.76;1.37280125099741;41;0.979521342215643
13.5;0.874705221874455;68;0.980113496175672
13.24;0.376609192751502;40;0.981001727115717
14.32;1.59147755646602;55;0.981593881075746
15.61;2.34469594196903;58;0.982383419689119
18.58;3.18295511293205;78;0.982580804342462
22.23;5.78277341128112;94;0.982679496669134
24.56;5.6977326258211;92;0.982186035035776
25.4;4.10625506935508;57;0.981593881075746
25.15;6.53599179678412;6;0.980903034789045
23.61;10.0591100515562;357;0.980804342462374
22.01;10.1320021533791;3;0.980705650135702
20.96;8.79564695329313;14;0.980903034789045
19.85;7.78730621141008;18;0.98119911176906
18.67;5.6977326258211;14;0.981889958055761
17.51;5.35756948398104;16;0.982383419689119
16.62;5.27252869852102;14;0.983370342955835
15.89;5.11459581123813;14;0.983863804589193
15.26;4.36137742573513;20;0.983962496915865
14.67;3.76609192751502;20;0.983765112262522
14.12;3.76609192751502;8;0.983863804589193
13.73;3.85113271297503;12;0.983469035282507
13.39;3.85113271297503;13;0.983172958302492
13.17;4.1912958548151;7;0.983469035282507
13.33;4.02121428389506;18;0.98366641993585
13.22;3.26799589839206;30;0.983962496915865
13.04;2.51477751288906;41;0.984159881569208
13.4;2.34469594196903;59;0.984554650875894
14.56;2.76989986926911;56;0.985048112509252
16.74;2.08957358558898;42;0.985837651122625
18.7;1.93164069830609;20;0.985837651122625
20.32;1.93164069830609;6;0.98554157414261
21.62;2.34469594196903;351;0.984554650875894
22.47;3.60815904023213;339;0.983567727609178
22.57;5.52765105490107;336;0.982876881322477
21.65;7.70226542595006;339;0.982876881322477
19.9;8.71060616783311;346;0.982876881322477
18.22;8.46763249509021;357;0.983370342955835
16.54;6.94904704044706;5;0.983863804589193
15.73;5.78277341128112;14;0.984159881569208
15.21;4.44641821119515;19;0.984752035529238
14.72;3.60815904023213;18;0.985048112509252
14.19;3.18295511293205;13;0.985146804835924
13.73;3.35303668385208;9;0.984949420182581
13.53;3.60815904023213;10;0.984554650875894
13.66;3.76609192751502;8;0.984159881569208
13.58;4.02121428389506;4;0.983863804589193
13.68;4.1912958548151;2;0.983765112262522
13.95;4.02121428389506;8;0.98366641993585
14;3.76609192751502;14;0.98366641993585
14.35;4.44641821119515;11;0.984357266222551
14.49;4.10625506935508;4;0.984455958549223
15.97;6.70607336770416;3;0.985245497162596
16.92;7.20416939682711;4;0.985640266469282
18.09;6.79111415316417;3;0.985442881815939
18.98;6.53599179678412;356;0.985048112509252
19.79;7.11912861136709;350;0.984357266222551
20.12;7.78730621141008;346;0.983567727609178
19.94;8.6255653823731;346;0.982975573649149
19.35;9.05076930967318;349;0.982778188995806
18.36;9.80398769517618;351;0.98307426597582
17.16;10.3871245097592;355;0.983567727609178
16.22;9.80398769517618;2;0.984061189242536
15.71;8.46763249509021;7;0.983765112262522
15.45;7.62937332412719;5;0.983863804589193
15.3;7.78730621141008;360;0.984554650875894
15.14;7.95738778233011;359;0.984455958549223
15.18;8.21251013871016;359;0.983962496915865
15.11;8.21251013871016;357;0.983172958302492
15.23;8.88068773875315;357;0.982482112015791
15.16;9.46382455333612;358;0.981889958055761
15.07;10.2170429388391;358;0.981495188749075
14.93;10.8123284370592;359;0.981495188749075
14.88;10.8973692225193;359;0.981396496422403
14.74;10.2170429388391;1;0.980804342462374
14.88;10.8973692225193;357;0.981100419442388
15.52;13.0719835935682;358;0.981692573402418
16.28;13.4850388372312;359;0.982087342709104
17.34;13.8252019790713;358;0.981988650382433
18.05;14.7485019354943;357;0.981692573402418
18.44;15.4166795355373;358;0.98119911176906
18.51;15.6718018919173;357;0.980310880829016
18.2;15.9147755646602;355;0.979718726868986
17.73;15.8297347792002;355;0.9793239575623
17.02;15.3316387500773;354;0.979422649888971
16.02;14.2382572227342;353;0.9793239575623
15.24;12.1486836371452;353;0.9793239575623
14.78;12.4038059935253;352;0.979718726868986
14.46;12.4888467789853;352;0.980014803849001
14.27;12.5617388808081;354;0.980212188502344
14.02;12.4888467789853;357;0.980113496175672
13.73;11.9786020662252;358;0.979620034542314
13.7;11.5655468225622;358;0.979126572908956
13.47;11.1403428952622;358;0.978830495928942
13.24;10.9702613243421;360;0.978633111275598
13.1;11.1403428952622;1;0.978435726622255
13.16;11.1403428952622;3;0.978633111275598
13.07;10.8973692225193;4;0.978830495928942
13.32;11.8935612807652;4;0.97873180360227
13.72;11.7356283934823;4;0.979225265235628
14.82;13.9102427645313;7;0.979718726868986
15.94;13.7401611936112;10;0.980113496175672
17.02;13.5700796226912;9;0.980212188502344
17.8;13.5700796226912;8;0.980113496175672
18.29;13.1570243790283;7;0.979027880582285
18.62;12.8168612371882;6;0.978238341968912
18.54;12.9019020226482;5;0.977646188008882
18.07;12.8168612371882;5;0.977448803355539
17.25;12.6467796662682;5;0.977547495682211
16.16;11.9786020662252;4;0.978040957315569
15.09;9.30589166605323;0;0.978238341968912
14.5;8.96572852421317;1;0.978830495928942
14.17;8.29755092417018;1;0.9793239575623
13.94;8.12746935325015;1;0.980014803849001
13.9;8.04242856779013;4;0.980113496175672
13.84;7.70226542595006;6;0.980014803849001
13.25;7.28921018228713;5;0.979620034542314
13.09;6.79111415316417;3;0.979027880582285
13.01;6.62103258224414;359;0.978337034295583
12.97;6.19582865494406;357;0.977942264988897
12.93;5.61269184036109;352;0.977350111028867
12.73;5.11459581123813;343;0.977251418702196
13.42;6.19582865494406;327;0.977448803355539
14.19;6.62103258224414;323;0.977744880335554
15.62;10.3871245097592;326;0.977942264988897
16.22;11.0553021098021;329;0.978435726622255
16.5;10.7272876515992;330;0.978435726622255
16.86;10.2170429388391;329;0.978435726622255
17.33;10.5572060806792;331;0.977350111028867
17.16;10.8973692225193;329;0.976461880088823
16.97;10.8973692225193;329;0.97567234147545
16.87;10.8973692225193;331;0.975376264495435
16.66;10.6422468661392;333;0.975277572168764
16.03;9.80398769517618;337;0.975771033802122
15.44;8.3825917096302;340;0.97626449543548
14.84;8.54052459691308;346;0.976560572415495
14.29;8.29755092417018;350;0.977152726375524
13.91;8.46763249509021;352;0.977448803355539
13.53;8.29755092417018;351;0.977547495682211
13.48;8.12746935325015;350;0.977448803355539
13.22;7.8723469968701;348;0.977054034048853
13.07;7.78730621141008;348;0.97685664939551
12.94;7.62937332412719;350;0.976560572415495
13.07;7.37425096774714;353;0.976363187762151
12.87;7.03408782590708;353;0.976363187762151
12.82;6.79111415316417;354;0.976659264742166
13.13;6.45095101132411;358;0.977547495682211
13.46;5.6977326258211;4;0.977942264988897
14.75;7.8723469968701;9;0.978534418948927
15.68;8.12746935325015;6;0.979225265235628
16.6;8.29755092417018;0;0.979620034542314
17.28;8.46763249509021;354;0.979620034542314
17.89;8.6255653823731;350;0.979027880582285
18.17;8.96572852421317;348;0.978633111275598
18.06;9.22085088059321;348;0.978435726622255
17.55;9.1358100951332;350;0.978534418948927
16.78;8.96572852421317;351;0.978830495928942
15.81;8.54052459691308;352;0.9793239575623
14.93;7.45929175320716;358;0.979620034542314
14.28;7.03408782590708;359;0.980113496175672
13.89;6.70607336770416;0;0.980903034789045
13.7;6.53599179678412;2;0.981297804095732
13.42;6.03789576766117;4;0.981593881075746
12.95;5.86781419674114;5;0.981495188749075
13.13;5.78277341128112;7;0.981100419442388
12.95;5.86781419674114;8;0.980804342462374
12.77;6.36591022586409;9;0.980014803849001
12.43;6.53599179678412;11;0.979718726868986
12.38;6.53599179678412;13;0.979521342215643
12.3;6.62103258224414;13;0.979521342215643
11.82;6.19582865494406;17;0.980113496175672
12.52;6.11078786948404;15;0.980409573155687
14.04;8.6255653823731;14;0.981100419442388
15.4;8.88068773875315;11;0.981593881075746
16.62;8.96572852421317;7;0.981988650382433
17.56;8.71060616783311;4;0.981692573402418
18.21;8.46763249509021;1;0.981100419442388
18.72;8.21251013871016;0;0.980409573155687
18.98;8.04242856779013;1;0.979521342215643
18.88;7.8723469968701;3;0.979225265235628
18.24;7.8723469968701;4;0.978929188255613
16.94;7.8723469968701;7;0.979027880582285
15.4;7.37425096774714;8;0.979422649888971
14.57;6.28086944040407;14;0.980014803849001
13.96;4.9445142403181;18;0.980212188502344
13.4;4.10625506935508;20;0.98060695780903
12.8;3.52311825477211;21;0.980409573155687
12.26;3.26799589839206;23;0.980409573155687
11.76;2.927832756552;23;0.979817419195658
11.14;2.42973672742904;29;0.9793239575623
11.23;2.0166814837661;29;0.97873180360227
11.51;1.59147755646602;30;0.978534418948927
11.76;0.923299956423036;50;0.97873180360227
11.31;0.838259170963019;92;0.978830495928942
12.51;1.00834074188305;71;0.979916111522329
12.94;0.923299956423036;76;0.98060695780903
14.17;2.08957358558898;34;0.981396496422403
15.74;2.42973672742904;26;0.981692573402418
17.43;2.25965515650901;15;0.981495188749075
19.44;3.26799589839206;357;0.98119911176906
21.07;4.85947345485808;349;0.98060695780903
21.77;6.28086944040407;346;0.980014803849001
21.52;7.28921018228713;346;0.979620034542314
20.7;7.70226542595006;350;0.979225265235628
19.6;7.62937332412719;357;0.9793239575623
18.2;7.28921018228713;3;0.979718726868986
16.82;6.45095101132411;7;0.980310880829016
15.81;5.35756948398104;16;0.980508265482359
15.07;4.85947345485808;20;0.981396496422403
14.44;4.44641821119515;23;0.981593881075746
13.91;4.1912958548151;24;0.982087342709104
13.56;4.27633664027511;24;0.981692573402418
13.09;3.93617349843505;28;0.981495188749075
12.52;3.76609192751502;27;0.980903034789045
11.94;3.60815904023213;26;0.980409573155687
11.82;3.681051142055;33;0.980113496175672
11.65;3.26799589839206;42;0.979916111522329
11.49;2.76989986926911;49;0.980212188502344
12.23;3.26799589839206;39;0.981001727115717
12.58;3.85113271297503;38;0.981396496422403
13.67;4.60435109847803;37;0.982186035035776
15.74;4.36137742573513;34;0.982482112015791
17.42;3.681051142055;27;0.982383419689119
19.38;3.09791432747203;10;0.982087342709104
20.92;3.52311825477211;348;0.98119911176906
21.86;4.77443266939807;343;0.98060695780903
21.81;6.28086944040407;345;0.979817419195658
20.91;7.37425096774714;350;0.979718726868986
19.55;7.70226542595006;356;0.979916111522329
17.92;7.54433253866718;4;0.980310880829016
16.28;6.36591022586409;9;0.98060695780903
15.23;6.11078786948404;10;0.981297804095732
14.52;5.02955502577812;13;0.982284727362448
13.98;4.36137742573513;17;0.982580804342462
13.46;3.43807746931209;23;0.982679496669134
12.75;2.51477751288906;41;0.982087342709104
11.95;1.59147755646602;44;0.981297804095732
11.54;2.25965515650901;359;0.98119911176906
11.76;3.01287354201201;0;0.981100419442388
11.72;2.25965515650901;25;0.980804342462374
11.54;1.67651834192604;64;0.980804342462374
11.13;1.84659991284607;109;0.980804342462374
11.34;1.59147755646602;102;0.98119911176906
12.25;1.67651834192604;53;0.981692573402418
13.54;2.42973672742904;22;0.982580804342462
15.28;3.43807746931209;10;0.98307426597582
17.12;4.51931031301802;3;0.983567727609178
18.61;5.11459581123813;359;0.983172958302492
19.84;5.78277341128112;352;0.982679496669134
20.2;6.62103258224414;348;0.982087342709104
20.3;5.86781419674114;350;0.981396496422403
20.28;6.11078786948404;349;0.980804342462374
19.15;8.04242856779013;349;0.981396496422403
17.56;6.79111415316417;358;0.981889958055761
16.35;5.95285498220115;2;0.981988650382433
15.4;5.44261026944105;4;0.982383419689119
14.89;5.19963659669815;7;0.98307426597582
14.54;4.44641821119515;12;0.983370342955835
14.07;4.02121428389506;17;0.983271650629164
13.63;3.681051142055;14;0.983172958302492
13.12;3.60815904023213;11;0.982778188995806
12.67;3.76609192751502;12;0.982186035035776
12.75;3.26799589839206;16;0.981396496422403
12.46;2.84279197109198;19;0.980903034789045
12.4;2.84279197109198;18;0.980804342462374
12.22;2.59981829834908;19;0.981001727115717
13.43;2.76989986926911;11;0.980903034789045
14.74;4.1912958548151;5;0.981495188749075
16.19;5.86781419674114;2;0.981988650382433
17.43;6.45095101132411;358;0.982580804342462
18.61;6.62103258224414;354;0.982580804342462
19.75;6.94904704044706;349;0.982087342709104
20.6;7.62937332412719;345;0.981396496422403
20.99;8.29755092417018;343;0.98060695780903
20.79;8.54052459691308;345;0.980113496175672
20.27;8.54052459691308;346;0.980113496175672
19.41;8.3825917096302;348;0.979916111522329
18.13;8.04242856779013;353;0.980113496175672
17;7.54433253866718;3;0.980113496175672
16.21;6.87615493862419;5;0.980508265482359
15.65;6.70607336770416;5;0.980903034789045
15.24;6.70607336770416;4;0.981396496422403
14.91;6.19582865494406;2;0.98119911176906
14.76;6.53599179678412;0;0.980903034789045
14.5;6.87615493862419;1;0.980409573155687
14.24;6.94904704044706;3;0.979620034542314
14.3;6.94904704044706;3;0.978929188255613
14.05;6.87615493862419;2;0.97813964964224
14.14;7.11912861136709;2;0.977843572662226
14.34;7.20416939682711;1;0.977843572662226
14.07;6.79111415316417;1;0.977942264988897
14.93;6.70607336770416;358;0.978337034295583
16.22;9.1358100951332;0;0.978830495928942
17.42;9.1358100951332;359;0.979027880582285
18.53;9.1358100951332;357;0.979126572908956
19.44;9.1358100951332;355;0.978435726622255
20.16;9.22085088059321;353;0.977942264988897
20.44;9.30589166605323;350;0.977152726375524
20.44;9.54886533879614;346;0.976757957068838
19.97;9.71894690971617;342;0.976757957068838
19.16;9.22085088059321;340;0.976659264742166
18.31;8.71060616783311;337;0.97685664939551
17.43;7.70226542595006;329;0.976757957068838
17.05;7.95738778233011;324;0.976955341722181
16.87;7.20416939682711;322;0.977251418702196
16.64;5.52765105490107;314;0.977448803355539
16.3;4.27633664027511;297;0.97685664939551
15.68;4.36137742573513;282;0.976067110782137
14.94;6.36591022586409;292;0.975573649148779
14.69;6.36591022586409;299;0.974685418208734
14.62;5.27252869852102;301;0.973895879595362
14.48;4.68939188393805;297;0.973106340981989
14.36;4.27633664027511;286;0.972711571675302
14.43;4.10625506935508;281;0.972316802368616
13.77;5.6977326258211;287;0.972514187021959
13.65;8.29755092417018;290;0.972514187021959
13.73;7.8723469968701;285;0.972514187021959
14.63;7.8723469968701;276;0.972514187021959
15.22;9.71894690971617;269;0.972514187021959
15.66;12.1486836371452;271;0.972415494695287
15.03;13.1570243790283;278;0.972514187021959
14.99;13.2420651644883;283;0.972218110041944
14.73;12.8168612371882;281;0.971625956081915
14.26;12.7318204517282;278;0.971428571428571
13.7;12.5617388808081;277;0.971231186775228
12.73;11.2253836807222;281;0.9713298791019
12.44;9.1358100951332;272;0.971428571428571
12.02;7.95738778233011;270;0.971527263755243
11.86;7.28921018228713;268;0.972020725388601
11.54;6.36591022586409;264;0.972020725388601
11.38;6.19582865494406;263;0.972119417715273
10.82;5.61269184036109;257;0.972020725388601
10.26;5.52765105490107;256;0.971428571428571
10.04;5.6977326258211;252;0.971428571428571
9.76;5.52765105490107;242;0.97073772514187
9.72;6.70607336770416;242;0.970639032815199
9.92;7.28921018228713;232;0.970639032815199
9.81;7.62937332412719;223;0.969948186528497
9.91;6.79111415316417;221;0.971033802121885
10.66;6.94904704044706;220;0.971527263755243
11.88;8.71060616783311;229;0.971823340735258
12.95;9.71894690971617;245;0.972612879348631
14.16;9.71894690971617;257;0.972908956328645
14.97;9.97406926609622;275;0.972810264001974
14.9;9.8890284806362;288;0.972514187021959
15.8;9.30589166605323;293;0.972514187021959
15.94;9.3787837678761;298;0.972316802368616
15.91;9.30589166605323;298;0.972415494695287
15.53;9.54886533879614;296;0.972711571675302
15.13;8.71060616783311;293;0.973402417962003
14.04;7.45929175320716;289;0.974290648902048
13.44;7.37425096774714;288;0.974882802862078
13.2;7.54433253866718;289;0.97567234147545
13.21;7.45929175320716;290;0.97626449543548
13.38;7.03408782590708;282;0.976659264742166
13.28;7.62937332412719;284;0.976461880088823
12.76;8.21251013871016;292;0.97626449543548
13.08;7.62937332412719;289;0.975771033802122
13.28;7.8723469968701;293;0.97567234147545
13.01;8.96572852421317;302;0.975573649148779
13.09;8.46763249509021;309;0.975869726128794
13.33;7.45929175320716;312;0.976363187762151
13.33;6.19582865494406;316;0.977054034048853
13.87;5.52765105490107;317;0.977547495682211
14.71;6.79111415316417;322;0.978040957315569
15.83;7.70226542595006;326;0.978633111275598
16.63;8.46763249509021;331;0.979126572908956
17.22;8.88068773875315;330;0.978830495928942
17.6;9.46382455333612;330;0.978435726622255
17.71;10.2170429388391;331;0.978040957315569
17.56;10.4721652952192;334;0.977646188008882
17.34;10.3871245097592;335;0.977744880335554
16.87;9.97406926609622;338;0.977646188008882
16.22;9.1358100951332;340;0.97813964964224
15.34;9.05076930967318;337;0.978435726622255
14.86;9.3787837678761;340;0.978830495928942
14.67;9.3787837678761;343;0.979521342215643
14.47;9.05076930967318;343;0.979916111522329
14.39;9.05076930967318;345;0.980113496175672
14.47;8.12746935325015;346;0.979817419195658
14.35;7.11912861136709;348;0.9793239575623
14.19;6.87615493862419;348;0.979027880582285
14.15;7.03408782590708;347;0.978633111275598
13.98;7.11912861136709;347;0.978337034295583
13.92;7.28921018228713;349;0.978337034295583
13.86;7.11912861136709;351;0.978534418948927
14.05;7.28921018228713;2;0.979126572908956
14.35;7.78730621141008;4;0.979422649888971
15.2;9.22085088059321;5;0.979916111522329
16.43;9.71894690971617;3;0.980310880829016
16.94;9.80398769517618;1;0.980310880829016
17.22;9.63390612425615;358;0.980310880829016
17.77;10.2170429388391;357;0.979718726868986
17.76;10.5572060806792;356;0.978929188255613
17.3;10.5572060806792;355;0.978238341968912
17.12;10.3871245097592;353;0.977942264988897
16.56;10.0591100515562;350;0.977744880335554
15.76;9.54886533879614;349;0.97813964964224
15.13;8.21251013871016;352;0.978337034295583
14.52;6.70607336770416;351;0.978830495928942
14.38;6.45095101132411;351;0.979126572908956
14.42;6.53599179678412;351;0.979620034542314
14.29;6.53599179678412;350;0.979521342215643
14.09;6.79111415316417;348;0.978929188255613
14.23;6.94904704044706;349;0.978435726622255
14.09;6.94904704044706;352;0.977547495682211
14.05;6.87615493862419;355;0.976955341722181
14.15;6.70607336770416;360;0.976659264742166
14.15;6.19582865494406;2;0.976659264742166
14.09;5.44261026944105;1;0.97685664939551
14.04;5.44261026944105;1;0.977350111028867
14.4;5.6977326258211;357;0.97813964964224
15.55;6.94904704044706;1;0.978337034295583
16.42;6.53599179678412;2;0.978929188255613
17.27;6.36591022586409;2;0.979027880582285
18.15;6.19582865494406;1;0.97873180360227
18.66;6.19582865494406;358;0.978238341968912
18.88;6.36591022586409;353;0.977744880335554
18.86;6.53599179678412;350;0.977054034048853
18.43;6.70607336770416;349;0.976659264742166
17.65;6.87615493862419;351;0.97685664939551
16.69;6.62103258224414;355;0.977054034048853
15.61;5.11459581123813;357;0.977350111028867
14.65;4.36137742573513;359;0.97813964964224
14.08;3.93617349843505;5;0.978337034295583
13.65;3.60815904023213;14;0.978830495928942
13.44;3.35303668385208;21;0.978633111275598
13.1;2.927832756552;28;0.978238341968912
13.04;2.68485908380909;34;0.977646188008882
12.79;2.42973672742904;39;0.976955341722181
12.89;2.59981829834908;42;0.976363187762151
12.78;2.08957358558898;50;0.975968418455465
12.62;1.84659991284607;60;0.976067110782137
12.32;1.09338152734307;63;0.976461880088823
12.54;0.668177600042987;31;0.976955341722181
12.97;0.923299956423036;60;0.977448803355539
14.04;1.42139598554599;53;0.977843572662226
15.5;2.0166814837661;28;0.978337034295583
17.1;2.42973672742904;11;0.978337034295583
18.58;2.51477751288906;354;0.978337034295583
19.59;2.927832756552;343;0.977448803355539
20;3.93617349843505;339;0.976659264742166
19.77;5.44261026944105;338;0.975968418455465
18.98;6.70607336770416;342;0.97567234147545
18.16;7.20416939682711;349;0.975573649148779
17.08;6.87615493862419;359;0.975968418455465
16;5.27252869852102;6;0.975968418455465
15.21;4.77443266939807;7;0.976461880088823
14.77;4.10625506935508;6;0.976955341722181
14.48;3.60815904023213;5;0.977547495682211
14.15;3.26799589839206;356;0.977350111028867
13.72;3.60815904023213;344;0.977547495682211
13.68;3.85113271297503;342;0.977251418702196
13.74;3.76609192751502;345;0.97685664939551
13.85;3.93617349843505;349;0.976560572415495
13.67;3.85113271297503;354;0.97626449543548
13.66;4.10625506935508;1;0.976461880088823
13.51;3.681051142055;4;0.97685664939551
13.77;3.76609192751502;8;0.977448803355539
14.34;5.27252869852102;2;0.977942264988897
15.53;6.62103258224414;3;0.97873180360227
16.77;6.94904704044706;4;0.979126572908956
17.85;6.62103258224414;5;0.979225265235628
18.48;6.45095101132411;1;0.979027880582285
18.97;6.45095101132411;356;0.978830495928942
19.16;6.70607336770416;350;0.978337034295583
19.12;6.94904704044706;347;0.977942264988897
18.76;7.45929175320716;349;0.977744880335554
18.1;7.62937332412719;353;0.977843572662226
17.19;7.28921018228713;357;0.978337034295583
16.3;6.03789576766117;359;0.978534418948927
15.45;5.44261026944105;4;0.979126572908956
14.77;5.27252869852102;8;0.979718726868986
14.47;5.35756948398104;11;0.980409573155687
14.03;5.27252869852102;13;0.980409573155687
13.67;5.11459581123813;14;0.980508265482359
13.26;4.85947345485808;16;0.980310880829016
12.85;4.60435109847803;19;0.980014803849001
12.49;4.36137742573513;19;0.979422649888971
12.09;4.1912958548151;21;0.979225265235628
11.8;4.27633664027511;22;0.979027880582285
11.64;4.27633664027511;21;0.979126572908956
12.07;4.60435109847803;17;0.979718726868986
13.36;4.77443266939807;18;0.979916111522329
15.21;7.62937332412719;16;0.98060695780903
16.28;7.54433253866718;16;0.980804342462374
17.25;7.54433253866718;14;0.980903034789045
18.03;7.62937332412719;11;0.980903034789045
18.55;7.78730621141008;6;0.980705650135702
18.88;8.12746935325015;2;0.980113496175672
18.81;8.46763249509021;0;0.979521342215643
18.42;8.71060616783311;1;0.979422649888971
17.73;8.71060616783311;3;0.9793239575623
16.86;8.3825917096302;6;0.979718726868986
15.79;7.11912861136709;8;0.979916111522329
15.03;6.11078786948404;10;0.980212188502344
14.58;5.86781419674114;11;0.980804342462374
14.29;5.78277341128112;10;0.981297804095732
14;5.6977326258211;10;0.981297804095732
13.79;5.6977326258211;12;0.980903034789045
13.59;5.61269184036109;13;0.980310880829016
13.57;5.52765105490107;13;0.979817419195658
13.36;5.35756948398104;12;0.979126572908956
13.06;4.9445142403181;12;0.978534418948927
12.66;4.60435109847803;10;0.978534418948927
12.52;4.44641821119515;8;0.978435726622255
13.08;4.68939188393805;11;0.979027880582285
14.35;4.85947345485808;10;0.9793239575623
15.97;7.37425096774714;8;0.979718726868986
17.25;7.54433253866718;5;0.979916111522329
18.39;7.54433253866718;0;0.980212188502344
19.33;7.62937332412719;355;0.980113496175672
19.86;7.8723469968701;351;0.979817419195658
20.1;8.29755092417018;350;0.978929188255613
19.86;8.88068773875315;351;0.978337034295583
19.23;9.1358100951332;353;0.978238341968912
18.45;9.05076930967318;355;0.97813964964224
17.54;8.46763249509021;359;0.978534418948927
16.75;6.53599179678412;1;0.978435726622255
16;6.03789576766117;357;0.979027880582285
15.36;5.19963659669815;2;0.9793239575623
15.03;5.02955502577812;359;0.979718726868986
14.66;5.19963659669815;350;0.979718726868986
14.57;4.77443266939807;349;0.9793239575623
13.8;4.51931031301802;345;0.979027880582285
13.58;4.27633664027511;344;0.978238341968912
13.12;4.02121428389506;343;0.977744880335554
12.67;3.76609192751502;344;0.977448803355539
12.41;3.52311825477211;342;0.977152726375524
12.13;3.43807746931209;340;0.977251418702196
12.28;3.09791432747203;336;0.977350111028867
13.36;2.51477751288906;333;0.977646188008882
15.97;5.78277341128112;336;0.978040957315569
17.21;6.62103258224414;333;0.978337034295583
18.36;6.87615493862419;330;0.978435726622255
19.03;7.11912861136709;324;0.978040957315569
19.43;7.62937332412719;319;0.977547495682211
18.6;8.6255653823731;317;0.976955341722181
17.66;8.71060616783311;319;0.976363187762151
17.27;8.46763249509021;325;0.976165803108808
17.09;8.54052459691308;330;0.975968418455465
16.42;8.46763249509021;333;0.976165803108808
15.74;7.8723469968701;341;0.976461880088823
15.01;6.28086944040407;339;0.976659264742166
14.48;5.78277341128112;336;0.977054034048853
14.11;6.03789576766117;334;0.977251418702196
13.84;5.95285498220115;333;0.977251418702196
13.48;5.35756948398104;330;0.976659264742166
12.89;4.9445142403181;324;0.976165803108808
12.45;4.85947345485808;318;0.975573649148779
12.42;5.02955502577812;315;0.974882802862078
12.25;5.11459581123813;313;0.974389341228719
12.13;5.11459581123813;309;0.974290648902048
12.19;5.11459581123813;305;0.974290648902048
12.08;4.9445142403181;307;0.974191956575376
13.16;5.02955502577812;304;0.974488033555391
14.54;7.70226542595006;307;0.974981495188749
15.5;9.05076930967318;309;0.975178879842092
16.35;9.8890284806362;309;0.975573649148779
17.09;10.0591100515562;306;0.975376264495435
17.65;9.80398769517618;301;0.974784110535406
17.92;9.8890284806362;299;0.974191956575376
17.74;10.0591100515562;300;0.973698494942018
17.63;9.80398769517618;300;0.973501110288675
16.88;9.22085088059321;299;0.973698494942018
16.45;8.6255653823731;294;0.974093264248705
15.83;7.95738778233011;287;0.974093264248705
15.44;7.03408782590708;285;0.974389341228719
15.12;6.36591022586409;284;0.974586725882063
14.87;6.19582865494406;284;0.974882802862078
14.64;6.03789576766117;284;0.974882802862078
14.49;5.61269184036109;285;0.974981495188749
14.39;5.27252869852102;289;0.974488033555391
14.21;5.02955502577812;295;0.973994571922033
13.77;4.77443266939807;299;0.973402417962003
13.5;4.51931031301802;304;0.97320503330866
13.13;4.1912958548151;306;0.973402417962003
12.89;3.85113271297503;312;0.973402417962003
12.9;3.60815904023213;325;0.973994571922033
13.98;3.93617349843505;329;0.974488033555391
15.61;5.78277341128112;335;0.975080187515421
16.63;5.6977326258211;333;0.975474956822107
17.67;5.52765105490107;331;0.97567234147545
18.56;5.6977326258211;330;0.975771033802122
19.39;6.11078786948404;328;0.975178879842092
19.87;6.62103258224414;328;0.974784110535406
19.86;6.87615493862419;328;0.974093264248705
19.67;7.03408782590708;329;0.97379718726869
19.11;7.03408782590708;329;0.97379718726869
18;6.62103258224414;330;0.973994571922033
16.59;5.6977326258211;340;0.974488033555391
15.81;4.60435109847803;341;0.975080187515421
15.21;3.60815904023213;339;0.975277572168764
14.56;2.927832756552;335;0.975771033802122
13.86;2.42973672742904;327;0.975771033802122
13.09;2.17461437104899;320;0.975573649148779
12.65;1.93164069830609;320;0.975080187515421
12.59;1.67651834192604;327;0.974488033555391
12.57;1.50643677100601;327;0.97379718726869
13.08;1.09338152734307;325;0.973303725635332
13.04;0.340163141840066;298;0.973402417962003
12.77;0.838259170963019;213;0.973599802615347
13.17;0.255122356380049;238;0.974093264248705
13.83;0.255122356380049;112;0.974191956575376
15.39;1.84659991284607;14;0.974882802862078
16.7;2.25965515650901;342;0.975573649148779
17.95;2.84279197109198;321;0.975968418455465
19.26;3.35303668385208;313;0.97567234147545
20.23;4.02121428389506;316;0.975178879842092
20.72;4.51931031301802;324;0.974389341228719
20.94;4.77443266939807;329;0.973599802615347
20.78;4.60435109847803;335;0.973007648655317
20.27;4.44641821119515;343;0.972908956328645
19.32;5.02955502577812;352;0.973106340981989
18.11;5.6977326258211;359;0.973106340981989
16.79;5.52765105490107;11;0.974093264248705
15.88;4.85947345485808;34;0.974488033555391
15.04;4.60435109847803;61;0.974586725882063
14.28;3.93617349843505;77;0.974488033555391
13.48;3.35303668385208;86;0.974093264248705
12.65;3.18295511293205;97;0.97379718726869
11.89;3.60815904023213;109;0.973106340981989
11.41;4.27633664027511;114;0.972218110041944
11.2;4.60435109847803;121;0.971625956081915
11.13;4.85947345485808;129;0.971823340735258
11.43;5.61269184036109;131;0.972020725388601
13.31;6.87615493862419;132;0.972415494695287
16.28;7.8723469968701;132;0.972711571675302
20.24;9.3787837678761;133;0.973106340981989
23.72;10.4721652952192;137;0.973106340981989
26.49;10.6422468661392;141;0.973303725635332
28.84;10.0591100515562;151;0.972514187021959
30.74;9.71894690971617;170;0.972218110041944
32.38;10.0591100515562;184;0.9713298791019
32.94;9.3787837678761;205;0.970441648161855
30.76;8.3825917096302;250;0.970342955835184
26.04;9.71894690971617;289;0.970836417468542
21.88;8.21251013871016;295;0.972119417715273
19.63;6.28086944040407;294;0.971922033061929
18.34;4.10625506935508;279;0.973007648655317
17.79;3.681051142055;262;0.974191956575376
17.22;2.927832756552;241;0.975277572168764
16.42;2.59981829834908;212;0.975573649148779
15.64;2.68485908380909;181;0.975376264495435
15;3.18295511293205;155;0.974981495188749
14.22;3.01287354201201;149;0.974488033555391
13.51;3.01287354201201;144;0.973895879595362
12.78;2.84279197109198;149;0.973501110288675
12.3;2.84279197109198;161;0.973698494942018
12.14;3.01287354201201;171;0.973994571922033
12.75;3.60815904023213;190;0.974882802862078
14.78;3.85113271297503;202;0.975277572168764
17.52;5.11459581123813;212;0.97567234147545
19.62;5.27252869852102;220;0.976067110782137
21.46;5.19963659669815;225;0.976067110782137
23;5.61269184036109;237;0.975573649148779
24.07;6.36591022586409;253;0.974882802862078
24.44;7.28921018228713;268;0.974191956575376
24.23;7.54433253866718;276;0.973698494942018
23.85;6.87615493862419;280;0.973599802615347
23.02;5.95285498220115;296;0.973106340981989
21.76;5.52765105490107;315;0.973402417962003
20.25;4.51931031301802;348;0.973402417962003
19.09;3.18295511293205;6;0.973994571922033
18.48;1.84659991284607;23;0.974290648902048
17.88;0.753218385503003;70;0.974685418208734
16.96;1.42139598554599;168;0.974586725882063
16.17;2.59981829834908;173;0.974290648902048
15.72;3.09791432747203;187;0.97379718726869
15.52;3.93617349843505;199;0.973303725635332
15.41;4.60435109847803;211;0.972612879348631
15.48;5.44261026944105;216;0.972612879348631
15.41;6.03789576766117;216;0.972514187021959
15.59;6.28086944040407;221;0.972810264001974
15.73;5.86781419674114;246;0.973501110288675
16.67;6.53599179678412;255;0.973698494942018
18.16;7.03408782590708;265;0.974191956575376
19.58;7.54433253866718;275;0.974488033555391
20.1;8.21251013871016;291;0.974586725882063
20.31;8.46763249509021;304;0.974488033555391
20.21;8.6255653823731;315;0.974488033555391
20.24;9.1358100951332;326;0.974191956575376
19.95;9.3787837678761;335;0.973994571922033
19.4;9.3787837678761;342;0.97379718726869
18.66;9.1358100951332;345;0.973895879595362
17.7;8.3825917096302;346;0.974389341228719
16.9;8.04242856779013;354;0.974290648902048
16.3;6.94904704044706;352;0.975178879842092
15.95;5.6977326258211;347;0.975474956822107
15.45;4.77443266939807;340;0.976165803108808
15.22;4.77443266939807;334;0.976363187762151
14.89;4.9445142403181;332;0.975968418455465
14.67;5.11459581123813;332;0.97567234147545
14.69;5.27252869852102;332;0.975080187515421
14.3;5.52765105490107;330;0.974784110535406
14.28;6.28086944040407;330;0.974784110535406
14.24;6.70607336770416;333;0.974882802862078
14.14;6.87615493862419;340;0.975080187515421
14.39;7.54433253866718;347;0.975474956822107
15.16;8.6255653823731;352;0.975869726128794
16.2;9.63390612425615;355;0.976461880088823
17.61;10.5572060806792;357;0.976955341722181
18.75;10.8123284370592;357;0.977251418702196
19.45;10.6422468661392;356;0.977152726375524
19.86;10.6422468661392;357;0.976757957068838
20.03;10.6422468661392;357;0.976165803108808
20.04;10.9702613243421;356;0.97567234147545
19.49;10.9702613243421;358;0.975376264495435
18.75;10.6422468661392;359;0.975277572168764
17.6;10.0591100515562;359;0.975573649148779
16.39;9.1358100951332;356;0.975968418455465
15.72;8.71060616783311;355;0.976560572415495
15.39;8.6255653823731;355;0.977152726375524
15.08;8.29755092417018;355;0.977942264988897
14.95;8.12746935325015;355;0.977942264988897
14.71;7.8723469968701;355;0.977843572662226
14.67;7.62937332412719;355;0.977350111028867
14.37;7.45929175320716;354;0.977054034048853
14.02;7.45929175320716;354;0.976560572415495
13.84;7.54433253866718;356;0.97626449543548
13.88;7.70226542595006;356;0.976067110782137
13.71;7.62937332412719;356;0.976363187762151
14.26;7.8723469968701;358;0.97685664939551
15.24;9.63390612425615;359;0.977054034048853
16.44;10.7272876515992;2;0.977646188008882
17.63;11.1403428952622;4;0.977942264988897
18.64;11.3954652516422;4;0.978238341968912
19.27;11.8085204953051;3;0.978040957315569
19.72;12.0636428516852;4;0.977646188008882
19.91;12.1486836371452;3;0.977350111028867
19.73;11.9786020662252;1;0.976659264742166
18.31;12.5738875644453;1;0.976461880088823
18.05;11.7477770771194;1;0.97626449543548
17.79;10.9216665897935;3;0.976363187762151
17.53;10.0955561024677;4;0.977054034048853
17.27;9.26944561514179;3;0.977448803355539
17.01;8.44333512781592;4;0.978040957315569
16.75;7.61722464049005;5;0.978435726622255
16.5;6.79111415316417;3;0.978238341968912
16.24;5.9650036658383;334;0.983271650629164
15.98;5.13889317851242;325;0.982975573649149
15.72;4.31278269118655;314;0.982383419689119
15.46;3.48667220386068;307;0.981889958055761
15.2;2.6605617165348;310;0.981692573402418
14.94;1.83445122920893;310;0.981495188749075
14.69;1.00834074188305;310;0.981692573402418
14.43;0.182230254557178;335;0.982482112015791
15.77;2.0166814837661;353;0.982679496669134
18.88;3.681051142055;7;0.98307426597582
20.91;4.02121428389506;10;0.983271650629164
23.05;4.27633664027511;7;0.983172958302492
25.09;4.44641821119515;2;0.982580804342462
26.71;4.68939188393805;355;0.982087342709104
27.48;5.6977326258211;349;0.981297804095732
27.11;7.03408782590708;350;0.980409573155687
25.96;7.78730621141008;357;0.980212188502344
24.56;7.95738778233011;3;0.980014803849001
22.78;7.45929175320716;8;0.980113496175672
20.5;6.45095101132411;9;0.980409573155687
19.29;4.9445142403181;13;0.980804342462374
18.61;3.76609192751502;12;0.981297804095732
17.98;3.18295511293205;7;0.981396496422403
17.26;2.59981829834908;0;0.981297804095732
16.39;2.25965515650901;353;0.980903034789045
15.61;2.25965515650901;344;0.980409573155687
14.87;2.17461437104899;343;0.979817419195658
14.55;1.84659991284607;345;0.979422649888971
14.34;1.84659991284607;345;0.978830495928942
14.28;1.50643677100601;351;0.97873180360227
14.4;1.25131441462596;357;0.978633111275598
14.83;1.09338152734307;4;0.979126572908956
15.65;1.25131441462596;4;0.979521342215643
17.36;2.0166814837661;355;0.979817419195658
19.8;2.51477751288906;350;0.979916111522329
22.11;3.35303668385208;341;0.979916111522329
24.05;4.51931031301802;336;0.9793239575623
25.29;5.6977326258211;335;0.978830495928942
25.64;6.70607336770416;337;0.978040957315569
25.3;7.20416939682711;341;0.977448803355539
24.55;7.45929175320716;345;0.977152726375524
23.41;7.37425096774714;348;0.977152726375524
21.8;7.20416939682711;348;0.977448803355539
19.59;6.62103258224414;348;0.977942264988897
18.47;5.78277341128112;348;0.978337034295583
17.86;5.44261026944105;347;0.979027880582285
17.41;5.35756948398104;345;0.9793239575623
17.08;5.19963659669815;341;0.979225265235628
17.13;5.78277341128112;342;0.978929188255613
17.02;6.03789576766117;343;0.978337034295583
16.97;5.86781419674114;340;0.977547495682211
16.8;5.52765105490107;335;0.977152726375524
16.86;6.03789576766117;334;0.976659264742166
16.91;5.78277341128112;331;0.976659264742166
16.83;5.52765105490107;327;0.976659264742166
17.19;6.28086944040407;333;0.977152726375524
17.51;6.70607336770416;335;0.977251418702196
17.99;6.53599179678412;335;0.977448803355539
18.9;6.70607336770416;334;0.977448803355539
19.75;7.20416939682711;332;0.977350111028867
20.69;7.95738778233011;332;0.97685664939551
21.32;8.6255653823731;334;0.976363187762151
21.48;8.88068773875315;336;0.97567234147545
21.58;9.63390612425615;340;0.975178879842092
21.11;10.4721652952192;346;0.974882802862078
20.38;10.3871245097592;353;0.974586725882063
19.53;9.30589166605323;356;0.974685418208734
18.32;8.21251013871016;353;0.974784110535406
17.64;7.20416939682711;346;0.975277572168764
17.19;7.11912861136709;344;0.97567234147545
16.79;7.11912861136709;341;0.975968418455465
16.4;7.20416939682711;340;0.975869726128794
16.07;7.20416939682711;343;0.975573649148779
15.77;7.03408782590708;345;0.975080187515421
15.63;7.11912861136709;344;0.974488033555391
15.28;7.37425096774714;343;0.974191956575376
15.06;7.8723469968701;345;0.973895879595362
15.16;8.3825917096302;349;0.973895879595362
15.21;8.46763249509021;350;0.973994571922033
15.19;9.46382455333612;352;0.974488033555391
15.99;10.9702613243421;355;0.974981495188749
17.22;11.1403428952622;356;0.975178879842092
18.64;11.8085204953051;356;0.975277572168764
19.3;12.2337244226052;354;0.975080187515421
19.49;12.7318204517282;351;0.974488033555391
19.34;12.4888467789853;347;0.974290648902048
18.75;12.2337244226052;345;0.973895879595362
18.62;11.9786020662252;344;0.973303725635332
18.22;11.8935612807652;344;0.973007648655317
17.8;11.8935612807652;344;0.972810264001974
17.09;11.7356283934823;343;0.972908956328645
16.31;10.8973692225193;344;0.972908956328645
15.87;9.97406926609622;342;0.973402417962003
15.47;8.88068773875315;338;0.97379718726869
15.14;8.46763249509021;332;0.973895879595362
14.91;8.04242856779013;325;0.973501110288675
14.78;8.04242856779013;319;0.972908956328645
14.22;8.04242856779013;314;0.972020725388601
13.91;8.29755092417018;314;0.971132494448557
13.81;8.71060616783311;319;0.970639032815199
13.67;8.88068773875315;323;0.969849494201826
13.16;8.21251013871016;325;0.969652109548483
13.06;7.45929175320716;327;0.969948186528497
13.59;6.87615493862419;332;0.970244263508512
14.4;8.3825917096302;334;0.970639032815199
15.49;8.88068773875315;332;0.970836417468542
16.35;9.3787837678761;326;0.970935109795213
16.96;9.80398769517618;317;0.97073772514187
17.21;10.7272876515992;312;0.970836417468542
17.06;11.1403428952622;306;0.970244263508512
16.73;11.7356283934823;301;0.969652109548483
16.9;12.2337244226052;306;0.968961263261781
17.14;11.7356283934823;316;0.968566493955095
17.6;11.7356283934823;325;0.968763878608438
17.37;10.8973692225193;328;0.969257340241796
16.28;8.71060616783311;334;0.970441648161855
15.91;7.11912861136709;327;0.971132494448557
15.6;6.45095101132411;321;0.971724648408586
15.49;6.53599179678412;320;0.972119417715273
15.32;6.45095101132411;321;0.972218110041944
15.17;6.11078786948404;321;0.971922033061929
15.22;5.86781419674114;320;0.971527263755243
15.33;5.95285498220115;322;0.971231186775228
15.27;5.86781419674114;323;0.971033802121885
15.21;5.52765105490107;323;0.970935109795213
15.15;5.27252869852102;323;0.971033802121885
14.99;5.02955502577812;324;0.971527263755243
15.19;5.78277341128112;339;0.972020725388601
16.26;6.70607336770416;345;0.972612879348631
17.4;6.70607336770416;343;0.972810264001974
18.59;6.70607336770416;336;0.973303725635332
19.56;6.94904704044706;333;0.973501110288675
20.2;6.79111415316417;331;0.973599802615347
20.73;6.45095101132411;327;0.973402417962003
21.13;6.45095101132411;321;0.97320503330866
21.17;6.70607336770416;316;0.972711571675302
20.9;7.11912861136709;314;0.972514187021959
20.19;7.11912861136709;315;0.972612879348631
19.06;6.87615493862419;318;0.972908956328645
17.81;5.78277341128112;324;0.97320503330866
16.92;4.9445142403181;331;0.973895879595362
16.31;4.10625506935508;338;0.974685418208734
15.95;3.09791432747203;337;0.975080187515421
15.64;2.25965515650901;336;0.975080187515421
15.09;1.42139598554599;326;0.974784110535406
15.02;1.00834074188305;293;0.974488033555391
14.77;1.17842231280309;280;0.97379718726869
14.55;1.25131441462596;288;0.973599802615347
14.63;0.923299956423036;304;0.973106340981989
14.9;0.498096029122954;314;0.973106340981989
14.72;0.255122356380049;240;0.973402417962003
14.63;0.58313681458297;24;0.974093264248705
14.99;0.340163141840066;205;0.974784110535406
15.68;1.17842231280309;218;0.975376264495435
16.99;1.33635520008597;215;0.975376264495435
18.59;1.33635520008597;237;0.975474956822107
20.19;1.42139598554599;259;0.975178879842092
21.68;1.59147755646602;279;0.974586725882063
22.87;2.0166814837661;295;0.97379718726869
23.57;3.09791432747203;302;0.973106340981989
23.43;4.68939188393805;306;0.972810264001974
22.04;6.19582865494406;314;0.972711571675302
19.82;6.70607336770416;326;0.973106340981989
18.06;6.03789576766117;333;0.973994571922033
17.13;4.77443266939807;348;0.974685418208734
16.77;3.60815904023213;358;0.975376264495435
16.43;2.76989986926911;9;0.97567234147545
16.12;2.59981829834908;44;0.975771033802122
15.92;2.42973672742904;56;0.975573649148779
15.65;2.0166814837661;50;0.975277572168764
15.13;1.25131441462596;42;0.974784110535406
15.32;0.0850407854600165;314;0.974586725882063
14.52;1.09338152734307;245;0.974488033555391
13.95;1.76155912738606;249;0.974488033555391
13.88;1.33635520008597;240;0.975080187515421
13.76;1.93164069830609;238;0.975968418455465
15.55;2.25965515650901;267;0.976560572415495
16.96;1.50643677100601;301;0.976955341722181
18.59;1.00834074188305;330;0.977054034048853
19.99;0.668177600042987;347;0.977054034048853
21.63;0.498096029122954;14;0.976560572415495
23.58;0.923299956423036;321;0.976067110782137
24.88;3.26799589839206;301;0.975277572168764
24.69;6.45095101132411;305;0.974981495188749
22.48;7.8723469968701;313;0.975080187515421
20.95;6.87615493862419;325;0.975474956822107
19.9;6.53599179678412;338;0.975869726128794
18.86;6.03789576766117;355;0.97626449543548
18.01;5.27252869852102;14;0.97685664939551
17.38;4.68939188393805;31;0.977448803355539
16.89;3.43807746931209;32;0.977646188008882
16.45;2.59981829834908;25;0.977448803355539
15.98;2.59981829834908;24;0.977350111028867
14.95;2.08957358558898;34;0.976955341722181
14.63;2.08957358558898;48;0.976363187762151
14.22;2.0166814837661;62;0.975968418455465
13.94;1.76155912738606;73;0.97567234147545
13.81;1.33635520008597;72;0.975968418455465
13.76;1.25131441462596;47;0.976363187762151
14.2;2.08957358558898;1;0.97685664939551
16.46;2.25965515650901;15;0.977547495682211
19.75;2.51477751288906;38;0.978040957315569
22.9;3.52311825477211;67;0.978337034295583
26.07;5.11459581123813;91;0.978534418948927
28.43;6.28086944040407;99;0.978435726622255
30.39;7.28921018228713;104;0.977744880335554
31.62;8.04242856779013;109;0.976757957068838
31.97;8.04242856779013;111;0.976165803108808
32.08;7.70226542595006;107;0.975869726128794
31.63;7.54433253866718;97;0.976067110782137
30.46;6.79111415316417;73;0.97626449543548
27.87;4.51931031301802;58;0.97685664939551
26.3;4.68939188393805;41;0.977843572662226
24.89;5.27252869852102;44;0.978534418948927
24.14;5.27252869852102;55;0.979225265235628
23.26;4.9445142403181;67;0.9793239575623
22.57;4.60435109847803;78;0.9793239575623
21.51;4.44641821119515;86;0.978830495928942
20.7;4.51931031301802;90;0.978435726622255
20.01;4.60435109847803;94;0.978238341968912
19.48;4.77443266939807;98;0.978238341968912
18.92;4.9445142403181;104;0.97873180360227
18.39;4.85947345485808;108;0.979225265235628
18.4;5.11459581123813;124;0.980409573155687
21.5;5.02955502577812;123;0.98119911176906
25.89;6.45095101132411;113;0.981692573402418
28.56;7.45929175320716;110;0.982482112015791
30.33;7.45929175320716;109;0.982679496669134
31.49;7.11912861136709;105;0.982383419689119
32.37;7.20416939682711;101;0.98179126572909
32.88;6.94904704044706;96;0.980903034789045
33;6.11078786948404;83;0.980014803849001
32.44;6.03789576766117;53;0.979620034542314
30.45;7.8723469968701;28;0.979422649888971
27.42;9.54886533879614;23;0.979916111522329
23.44;7.78730621141008;25;0.980409573155687
22.08;7.11912861136709;34;0.981100419442388
21.59;6.28086944040407;41;0.981593881075746
21.52;5.02955502577812;49;0.981988650382433
21.24;4.02121428389506;58;0.982087342709104
20.29;3.35303668385208;68;0.981495188749075
18.96;2.84279197109198;76;0.981692573402418
17.8;2.76989986926911;87;0.980903034789045
16.68;3.09791432747203;90;0.98060695780903
15.94;3.60815904023213;93;0.980113496175672
15.51;4.10625506935508;103;0.980310880829016
15.46;4.51931031301802;111;0.980409573155687
15.2;3.93617349843505;122;0.980903034789045
18.57;3.26799589839206;124;0.981495188749075
25.58;3.76609192751502;116;0.981988650382433
29.57;5.35756948398104;110;0.982482112015791
31.29;5.6977326258211;116;0.982284727362448
32.55;5.61269184036109;113;0.981889958055761
33.52;6.36591022586409;112;0.981100419442388
34.13;6.70607336770416;113;0.980113496175672
34.29;6.11078786948404;110;0.979126572908956
34.08;5.19963659669815;97;0.978534418948927
32.93;4.85947345485808;61;0.978534418948927
30.42;6.45095101132411;32;0.978633111275598
25.16;7.20416939682711;11;0.979718726868986
23.03;6.36591022586409;26;0.980310880829016
22.4;5.61269184036109;34;0.98060695780903
21.99;4.68939188393805;38;0.980903034789045
21.49;3.76609192751502;44;0.98060695780903
20.56;3.18295511293205;46;0.980409573155687
19.24;2.68485908380909;42;0.979718726868986
18.28;2.59981829834908;41;0.979027880582285
17.52;2.42973672742904;50;0.978435726622255
16.93;2.42973672742904;65;0.97813964964224
16.44;2.42973672742904;80;0.978238341968912
15.82;2.59981829834908;96;0.978435726622255
15.59;2.17461437104899;121;0.978929188255613
19.66;1.17842231280309;104;0.9793239575623
23.48;1.09338152734307;63;0.979718726868986
26.8;1.09338152734307;57;0.979916111522329
29.4;0.668177600042987;35;0.979620034542314
31.14;1.50643677100601;319;0.979422649888971
32.01;3.93617349843505;327;0.979027880582285
31.91;6.45095101132411;336;0.978337034295583
30.77;8.46763249509021;342;0.977646188008882
28.79;9.54886533879614;351;0.977448803355539
26.3;9.71894690971617;4;0.977547495682211
23.9;9.05076930967318;15;0.977942264988897
21.46;8.3825917096302;21;0.977744880335554
19.96;7.37425096774714;24;0.978238341968912
19.04;6.79111415316417;24;0.978633111275598
18.49;6.79111415316417;27;0.9793239575623
18.12;6.11078786948404;28;0.979027880582285
17.7;5.6977326258211;26;0.979027880582285
17.55;5.35756948398104;24;0.978830495928942
16.95;5.11459581123813;23;0.97813964964224
16.4;4.9445142403181;21;0.977744880335554
15.95;4.9445142403181;21;0.977448803355539
15.58;4.85947345485808;22;0.977744880335554
15.26;4.36137742573513;21;0.977942264988897
15.37;5.6977326258211;27;0.979027880582285
16.89;6.53599179678412;24;0.9793239575623
18.93;6.87615493862419;22;0.979817419195658
20.95;6.94904704044706;15;0.980014803849001
22.68;7.11912861136709;6;0.979817419195658
23.79;7.8723469968701;357;0.979521342215643
24.11;8.54052459691308;354;0.978929188255613
24.22;8.88068773875315;354;0.97873180360227
23.91;9.1358100951332;355;0.978040957315569
23.24;9.1358100951332;357;0.977942264988897
22.13;9.1358100951332;359;0.977942264988897
20.54;9.22085088059321;1;0.978534418948927
18.76;8.79564695329313;8;0.978633111275598
17.66;7.8723469968701;12;0.9793239575623
17.01;7.11912861136709;13;0.979620034542314
16.67;6.53599179678412;13;0.980212188502344
16.38;6.11078786948404;12;0.979916111522329
16.22;5.86781419674114;12;0.979521342215643
16.07;5.52765105490107;10;0.979126572908956
16.06;6.36591022586409;9;0.978337034295583
16;6.36591022586409;6;0.978040957315569
15.81;5.61269184036109;5;0.977646188008882
15.85;5.52765105490107;6;0.977744880335554
15.84;4.77443266939807;4;0.977942264988897
15.78;5.02955502577812;9;0.978633111275598
16.23;4.51931031301802;5;0.9793239575623
17.31;4.27633664027511;358;0.979521342215643
18.73;4.1912958548151;351;0.979817419195658
20.34;4.36137742573513;344;0.979620034542314
21.85;4.85947345485808;338;0.9793239575623
23.15;5.52765105490107;334;0.978830495928942
23.79;6.36591022586409;335;0.978435726622255
23.58;6.87615493862419;338;0.977843572662226
23;6.94904704044706;343;0.977646188008882
22.02;6.87615493862419;347;0.977547495682211
20.69;6.62103258224414;350;0.977744880335554
18.96;6.03789576766117;356;0.97813964964224
17.81;5.19963659669815;1;0.978534418948927
17.23;3.93617349843505;6;0.9793239575623
16.67;2.42973672742904;3;0.979422649888971
15.83;1.59147755646602;347;0.979422649888971
15.06;1.25131441462596;330;0.9793239575623
14.8;1.17842231280309;326;0.978534418948927
14.82;0.838259170963019;336;0.977744880335554
14.71;0.58313681458297;354;0.977251418702196
14.51;0.170081570920033;70;0.97685664939551
13.92;0.923299956423036;147;0.97685664939551
12.35;1.59147755646602;158;0.976955341722181
13.76;1.25131441462596;157;0.977448803355539
15.41;1.25131441462596;172;0.977744880335554
17.51;1.17842231280309;198;0.977843572662226
20.33;1.25131441462596;225;0.977942264988897
23.36;1.59147755646602;255;0.977942264988897
25.94;2.51477751288906;274;0.977350111028867
27.75;3.681051142055;286;0.97685664939551
28.34;4.9445142403181;296;0.976461880088823
27.79;5.6977326258211;305;0.975869726128794
26.53;5.86781419674114;312;0.975771033802122
25.04;5.52765105490107;320;0.975573649148779
23.39;4.85947345485808;330;0.97567234147545
21.58;4.27633664027511;349;0.975178879842092
20.24;3.09791432747203;3;0.975771033802122
19.49;2.08957358558898;15;0.976165803108808
18.81;1.59147755646602;19;0.976461880088823
17.68;1.33635520008597;23;0.976165803108808
16.76;1.42139598554599;27;0.975573649148779
15.77;1.67651834192604;44;0.974784110535406
15.06;1.93164069830609;59;0.973698494942018
14.67;2.0166814837661;71;0.972908956328645
14.58;1.93164069830609;86;0.972415494695287
15.88;1.25131441462596;115;0.972316802368616
14.85;1.67651834192604;214;0.972514187021959
13.86;3.35303668385208;231;0.972810264001974
17.16;3.681051142055;243;0.973303725635332
19.88;4.36137742573513;251;0.973501110288675
22.3;4.68939188393805;263;0.97379718726869
24.23;5.11459581123813;277;0.973895879595362
25.45;5.44261026944105;289;0.973501110288675
26.05;6.03789576766117;296;0.973106340981989
26.07;6.45095101132411;301;0.972711571675302
25.76;6.53599179678412;304;0.971922033061929
24.98;6.11078786948404;307;0.971625956081915
24.12;5.35756948398104;311;0.971625956081915
22.92;4.9445142403181;317;0.971428571428571
21.35;3.76609192751502;314;0.971428571428571
20.31;3.01287354201201;310;0.971625956081915
19.57;2.51477751288906;294;0.971922033061929
18.89;2.51477751288906;274;0.972218110041944
18.18;2.68485908380909;263;0.971823340735258
17.43;2.59981829834908;259;0.971428571428571
16.72;2.34469594196903;255;0.970836417468542
15.98;2.17461437104899;245;0.970046878855169
15.77;2.25965515650901;240;0.969454724895139
15.8;2.59981829834908;244;0.969158647915125
15.62;2.76989986926911;246;0.969158647915125
15.8;3.18295511293205;244;0.969454724895139
16.11;3.09791432747203;238;0.970244263508512
16.82;4.36137742573513;241;0.970441648161855
18.47;4.85947345485808;246;0.970836417468542
20.46;5.52765105490107;256;0.9713298791019
22.14;6.45095101132411;266;0.971132494448557
23.44;7.11912861136709;273;0.97073772514187
24.3;7.54433253866718;278;0.970244263508512
24.6;7.78730621141008;281;0.969948186528497
24.37;7.8723469968701;284;0.969257340241796
23.75;7.78730621141008;287;0.969356032568468
22.76;7.37425096774714;288;0.969553417221811
21.42;6.62103258224414;290;0.969849494201826
19.87;5.19963659669815;299;0.969158647915125
18.83;4.1912958548151;296;0.969553417221811
18.22;3.681051142055;287;0.969750801875154
17.9;3.52311825477211;274;0.970046878855169
17.57;3.60815904023213;260;0.970046878855169
17.39;4.60435109847803;252;0.969454724895139
17.13;5.02955502577812;250;0.969158647915125
17;5.61269184036109;251;0.968763878608438
17.03;6.28086944040407;252;0.968566493955095
16.93;6.28086944040407;254;0.96827041697508
17.04;6.28086944040407;257;0.968467801628423
16.84;5.44261026944105;261;0.968763878608438
17.03;4.85947345485808;260;0.96886257093511
17.84;5.6977326258211;263;0.969257340241796
19.15;6.19582865494406;264;0.969652109548483
20.51;6.62103258224414;264;0.969849494201826
21.67;7.20416939682711;264;0.969948186528497
22.55;7.54433253866718;266;0.969750801875154
23.22;7.95738778233011;269;0.969454724895139
23.53;8.21251013871016;272;0.969158647915125
23.32;8.3825917096302;273;0.968763878608438
22.95;8.21251013871016;275;0.968763878608438
22.08;7.8723469968701;279;0.96886257093511
20.89;7.20416939682711;284;0.969356032568468
19.39;5.95285498220115;288;0.969652109548483
18.54;5.11459581123813;285;0.970540340488527
18.04;4.77443266939807;281;0.971231186775228
17.79;4.51931031301802;279;0.971922033061929
17.55;4.10625506935508;278;0.971823340735258
17.29;3.76609192751502;277;0.971724648408586
17.25;3.93617349843505;277;0.971428571428571
17.03;3.85113271297503;279;0.970935109795213
16.77;3.681051142055;279;0.970935109795213
16.39;3.76609192751502;278;0.970639032815199
16.27;4.10625506935508;280;0.971033802121885
16.21;4.51931031301802;288;0.971428571428571
17;5.95285498220115;299;0.972316802368616
17.79;6.94904704044706;307;0.973106340981989
18.86;7.11912861136709;309;0.973599802615347
20.17;7.28921018228713;310;0.974093264248705
21.18;7.62937332412719;311;0.974290648902048
21.6;7.8723469968701;312;0.973994571922033
22.29;8.21251013871016;311;0.973698494942018
22.46;8.46763249509021;312;0.973501110288675
22.44;8.71060616783311;312;0.97320503330866
22.11;8.79564695329313;312;0.97320503330866
21.38;8.71060616783311;314;0.973599802615347
20.33;8.54052459691308;320;0.973994571922033
19.6;8.29755092417018;329;0.974685418208734
18.74;8.12746935325015;336;0.975178879842092
18.31;7.70226542595006;341;0.975968418455465
17.97;7.11912861136709;340;0.976363187762151
17.53;6.45095101132411;337;0.97626449543548
17.11;5.78277341128112;334;0.976067110782137
16.84;5.35756948398104;332;0.975277572168764
16.69;5.11459581123813;329;0.974685418208734
16.56;5.19963659669815;326;0.974191956575376
16.33;5.02955502577812;327;0.973994571922033
16.31;4.85947345485808;328;0.973994571922033
15.96;4.68939188393805;330;0.974093264248705
16.57;5.61269184036109;335;0.974586725882063
17.31;7.37425096774714;340;0.975178879842092
18.05;7.62937332412719;341;0.975277572168764
18.98;7.95738778233011;341;0.97567234147545
20.18;8.3825917096302;341;0.975573649148779
21.08;8.71060616783311;341;0.975474956822107
21.61;8.88068773875315;340;0.974784110535406
22;9.05076930967318;340;0.974488033555391
21.71;9.05076930967318;338;0.973599802615347
21.31;8.88068773875315;336;0.973402417962003
20.55;8.46763249509021;335;0.973106340981989
19.53;7.95738778233011;335;0.973106340981989
18.58;7.20416939682711;338;0.97320503330866
17.71;7.03408782590708;336;0.973698494942018
17.28;7.20416939682711;335;0.974488033555391
16.95;7.37425096774714;335;0.974981495188749
16.57;7.11912861136709;334;0.975080187515421
16.26;6.87615493862419;334;0.974882802862078
15.94;6.53599179678412;337;0.974290648902048
15.8;6.19582865494406;340;0.973994571922033
15.5;5.78277341128112;343;0.973303725635332
15.04;5.27252869852102;346;0.973007648655317
15;5.19963659669815;347;0.972908956328645
14.83;4.9445142403181;346;0.97320503330866
15.45;5.78277341128112;340;0.97379718726869
16.56;7.20416939682711;343;0.974389341228719
17.61;6.94904704044706;344;0.974685418208734
18.85;7.28921018228713;340;0.975080187515421
19.99;8.04242856779013;337;0.975277572168764
20.64;8.29755092417018;338;0.975080187515421
21.17;8.21251013871016;340;0.974685418208734
21.48;8.46763249509021;339;0.974093264248705
21.33;8.79564695329313;338;0.973599802615347
20.97;8.88068773875315;339;0.97320503330866
20.34;8.54052459691308;342;0.97320503330866
19.44;7.8723469968701;346;0.973501110288675
18.41;6.70607336770416;350;0.973599802615347
17.48;5.61269184036109;352;0.973994571922033
16.93;5.02955502577812;351;0.974882802862078
16.46;4.36137742573513;350;0.97567234147545
16.1;3.93617349843505;349;0.975869726128794
15.79;3.76609192751502;346;0.975771033802122
15.9;3.681051142055;342;0.975573649148779
16.13;3.52311825477211;336;0.975474956822107
16.21;3.60815904023213;331;0.975178879842092
16.15;3.85113271297503;334;0.974882802862078
15.92;4.02121428389506;340;0.974784110535406
15.73;4.44641821119515;347;0.974882802862078
16.08;4.51931031301802;353;0.975277572168764
17.7;7.54433253866718;358;0.975573649148779
19.12;8.54052459691308;1;0.97567234147545
20.43;9.05076930967318;3;0.975771033802122
21.52;9.3787837678761;3;0.97567234147545
22.44;9.63390612425615;2;0.975474956822107
23.08;9.71894690971617;360;0.975080187515421
23.37;9.97406926609622;357;0.974586725882063
23.35;10.3020837242991;354;0.974191956575376
22.83;10.3871245097592;352;0.973994571922033
21.95;10.0591100515562;351;0.973895879595362
20.77;9.54886533879614;351;0.974191956575376
19.46;8.29755092417018;352;0.974586725882063
18.63;7.95738778233011;356;0.974882802862078
18.16;7.70226542595006;359;0.975376264495435
17.95;7.37425096774714;359;0.975771033802122
17.71;7.03408782590708;357;0.97567234147545
17.55;6.87615493862419;354;0.975573649148779
17.38;6.03789576766117;347;0.975178879842092
17.17;5.86781419674114;340;0.974685418208734
16.92;5.6977326258211;334;0.974389341228719
16.85;6.03789576766117;332;0.974290648902048
16.83;6.36591022586409;334;0.973994571922033
16.53;6.36591022586409;336;0.974093264248705
17.33;6.94904704044706;343;0.974191956575376
18.33;8.29755092417018;349;0.974290648902048
19.09;7.8723469968701;349;0.974882802862078
19.88;7.62937332412719;348;0.975080187515421
20.88;7.62937332412719;346;0.975474956822107
21.75;7.70226542595006;342;0.974981495188749
22.54;8.04242856779013;338;0.974784110535406
22.76;8.3825917096302;335;0.974488033555391
22.36;8.96572852421317;333;0.974290648902048
21.64;9.1358100951332;337;0.974488033555391
21.04;8.79564695329313;344;0.974586725882063
20.25;8.3825917096302;349;0.975080187515421
19.23;7.03408782590708;357;0.975080187515421
18.54;5.95285498220115;359;0.975573649148779
18.22;5.11459581123813;358;0.976067110782137
17.69;3.85113271297503;349;0.976461880088823
17.26;2.84279197109198;334;0.976560572415495
16.7;2.59981829834908;317;0.97626449543548
16.31;2.51477751288906;303;0.975771033802122
15.98;2.34469594196903;292;0.975080187515421
16.08;2.08957358558898;284;0.974685418208734
16.14;1.84659991284607;270;0.974290648902048
15.91;1.84659991284607;250;0.974389341228719
15.85;1.84659991284607;230;0.974685418208734
16.43;1.59147755646602;247;0.975178879842092
17.29;1.42139598554599;227;0.975474956822107
18.7;1.67651834192604;202;0.97567234147545
20.84;2.0166814837661;196;0.97567234147545
23.53;2.08957358558898;204;0.975771033802122
26.38;2.0166814837661;225;0.975376264495435
28.66;2.34469594196903;262;0.974981495188749
29.87;4.02121428389506;289;0.974389341228719
29.36;6.11078786948404;303;0.973895879595362
27.27;7.37425096774714;313;0.973698494942018
24.79;6.79111415316417;322;0.973994571922033
23.23;5.61269184036109;332;0.974685418208734
21.73;4.44641821119515;346;0.975277572168764
20.64;2.927832756552;354;0.975771033802122
20.27;1.33635520008597;352;0.976560572415495
20.03;0.340163141840066;310;0.976757957068838
19.77;0.58313681458297;207;0.976757957068838
19.55;0.668177600042987;211;0.976560572415495
18.98;0.58313681458297;239;0.975968418455465
18.44;0.413055243662937;268;0.975573649148779
17.86;0.668177600042987;271;0.974981495188749
17.36;0.923299956423036;273;0.974882802862078
16.95;1.09338152734307;271;0.974882802862078
16.22;1.33635520008597;257;0.975080187515421
15.71;2.17461437104899;241;0.975771033802122
18.07;2.51477751288906;242;0.976165803108808
20.04;2.59981829834908;248;0.97626449543548
22.44;2.34469594196903;258;0.976659264742166
24.91;2.17461437104899;269;0.976363187762151
27.34;2.51477751288906;280;0.976165803108808
29.12;3.35303668385208;289;0.97567234147545
29.92;4.77443266939807;297;0.975178879842092
29.47;6.03789576766117;302;0.974488033555391
27.58;6.94904704044706;305;0.974290648902048
25.65;6.36591022586409;303;0.974389341228719
24.14;5.44261026944105;307;0.974981495188749
22.5;4.36137742573513;321;0.975178879842092
21.27;3.01287354201201;355;0.975869726128794
20.78;2.34469594196903;21;0.976560572415495
20.39;1.76155912738606;47;0.97685664939551
19.59;1.25131441462596;91;0.976955341722181
18.91;1.67651834192604;143;0.976757957068838
18.15;2.34469594196903;167;0.97626449543548
17.53;2.68485908380909;174;0.975573649148779
16.88;2.76989986926911;175;0.975080187515421
16.33;2.68485908380909;170;0.974488033555391
15.9;2.76989986926911;158;0.974290648902048
15.58;3.01287354201201;141;0.974290648902048
16.46;1.76155912738606;93;0.974685418208734
19.22;0.923299956423036;65;0.974882802862078
23.04;1.25131441462596;30;0.974882802862078
26.5;2.08957358558898;27;0.974882802862078
29.6;2.76989986926911;16;0.974685418208734
31.6;3.60815904023213;352;0.974389341228719
31.97;5.61269184036109;330;0.974290648902048
30.61;7.95738778233011;326;0.97379718726869
28.62;8.46763249509021;332;0.973501110288675
27.06;7.11912861136709;339;0.973698494942018
26.07;7.03408782590708;353;0.973994571922033
24.44;7.45929175320716;8;0.974290648902048
22.83;6.62103258224414;24;0.973895879595362
21.71;5.35756948398104;35;0.973994571922033
21.25;4.27633664027511;37;0.974290648902048
20.82;3.26799589839206;23;0.974389341228719
20.1;3.09791432747203;351;0.974488033555391
19.13;3.35303668385208;334;0.974685418208734
18.4;3.01287354201201;328;0.974685418208734
17.41;1.67651834192604;331;0.974488033555391
17.94;0.413055243662937;77;0.974093264248705
16.37;1.93164069830609;112;0.973698494942018
15.97;2.08957358558898;116;0.973599802615347
16.93;1.33635520008597;117;0.973599802615347
16.78;1.42139598554599;355;0.974191956575376
19.39;2.0166814837661;9;0.974685418208734
22.13;2.51477751288906;22;0.974784110535406
24.82;2.42973672742904;23;0.974882802862078
27.51;2.0166814837661;14;0.974784110535406
29.93;2.17461437104899;340;0.974389341228719
31.37;4.10625506935508;318;0.973994571922033
31.03;6.53599179678412;315;0.973599802615347
29.05;8.12746935325015;315;0.973599802615347
27.15;7.28921018228713;317;0.97379718726869
26.13;5.95285498220115;328;0.974093264248705
25.01;5.27252869852102;352;0.974389341228719
22.87;4.60435109847803;351;0.974586725882063
21.54;3.681051142055;348;0.975277572168764
20.57;3.35303668385208;336;0.97567234147545
19.88;3.26799589839206;326;0.976461880088823
19.24;2.51477751288906;329;0.976659264742166
18.75;1.59147755646602;333;0.97685664939551
18.11;1.17842231280309;315;0.976659264742166
17.89;0.923299956423036;289;0.976067110782137
17.73;0.753218385503003;260;0.975771033802122
17.37;1.00834074188305;261;0.975474956822107
17.14;1.09338152734307;282;0.97567234147545
16.69;1.42139598554599;307;0.976165803108808
16.95;2.25965515650901;326;0.977350111028867
18.19;2.51477751288906;334;0.977942264988897
19.41;2.51477751288906;337;0.978534418948927
20.98;2.59981829834908;343;0.979027880582285
22.86;2.51477751288906;352;0.978929188255613
25.06;2.51477751288906;352;0.978633111275598
26.95;3.09791432747203;344;0.97813964964224
28.05;4.44641821119515;337;0.977843572662226
27.56;6.45095101132411;335;0.977744880335554
25.75;7.54433253866718;340;0.977744880335554
24.16;7.45929175320716;348;0.978040957315569
22.62;6.79111415316417;1;0.978337034295583
20.68;6.45095101132411;4;0.979422649888971
19.35;5.86781419674114;14;0.979817419195658
18.75;4.9445142403181;24;0.980212188502344
18.55;4.27633664027511;26;0.980508265482359
18.31;3.76609192751502;22;0.980508265482359
17.88;3.85113271297503;7;0.980212188502344
17.44;4.51931031301802;0;0.979916111522329
17.04;4.51931031301802;11;0.979027880582285
16.84;4.44641821119515;19;0.978929188255613
16.92;4.60435109847803;22;0.978830495928942
16.87;4.1912958548151;26;0.978633111275598
16.89;3.60815904023213;27;0.978929188255613
17.22;4.02121428389506;19;0.9793239575623
18.7;5.11459581123813;13;0.979718726868986
20.38;5.95285498220115;10;0.979916111522329
22.29;6.45095101132411;14;0.980113496175672
24.27;6.53599179678412;16;0.979916111522329
26.06;6.53599179678412;14;0.979126572908956
27.44;6.70607336770416;7;0.978435726622255
27.99;7.11912861136709;358;0.977942264988897
27.74;7.62937332412719;355;0.977448803355539
27.03;7.70226542595006;356;0.977152726375524
25.93;7.54433253866718;358;0.976955341722181
24.38;7.20416939682711;356;0.977152726375524
22.63;6.03789576766117;4;0.977448803355539
21.22;4.51931031301802;9;0.977547495682211
20.44;3.681051142055;359;0.978435726622255
19.71;3.93617349843505;351;0.97873180360227
19.1;3.43807746931209;358;0.978830495928942
18.61;2.927832756552;8;0.978435726622255
17.92;2.34469594196903;4;0.977646188008882
17.47;1.50643677100601;12;0.976757957068838
17.83;0.668177600042987;61;0.976067110782137
17.62;0.413055243662937;318;0.975573649148779
16.56;1.50643677100601;298;0.97567234147545
16.83;1.42139598554599;294;0.975968418455465
16.4;0.58313681458297;278;0.976757957068838
17.99;0.923299956423036;327;0.977054034048853
19.99;2.17461437104899;344;0.977547495682211
22.48;3.60815904023213;351;0.977547495682211
24.68;5.19963659669815;354;0.977744880335554
26.24;6.45095101132411;354;0.977054034048853
27.23;7.54433253866718;355;0.97685664939551
27.6;8.21251013871016;356;0.976363187762151
27.49;8.71060616783311;360;0.975968418455465
24.64;8.115320669613;2;0.975474956822107
23.82;7.72656279322435;2;0.975376264495435
22.99;7.33780491683571;359;0.975573649148779
22.17;6.94904704044706;360;0.975869726128794
21.35;6.56028916405841;359;0.976363187762151
20.52;6.18367997130691;357;0.977054034048853
19.7;5.79492209491826;354;0.977646188008882
18.88;5.40616421852962;351;0.977942264988897
18.05;5.01740634214097;12;0.972020725388601
17.23;4.62864846575232;10;0.971527263755243
16.41;4.23989058936368;9;0.970935109795213
15.59;3.85113271297503;9;0.970540340488527
14.76;3.47452352022353;8;0.970441648161855
13.94;3.08576564383488;8;0.970639032815199
13.12;2.69700776744624;8;0.970836417468542
12.29;2.30824989105759;6;0.971132494448557
15.85;5.02955502577812;4;0.971823340735258
16.66;4.9445142403181;359;0.972316802368616
17.79;5.02955502577812;352;0.972612879348631
18.94;5.19963659669815;343;0.972908956328645
19.88;5.44261026944105;335;0.972908956328645
20.6;5.86781419674114;330;0.972612879348631
20.94;6.28086944040407;328;0.972119417715273
20.98;6.62103258224414;329;0.971724648408586
20.6;6.79111415316417;332;0.971527263755243
19.94;6.79111415316417;336;0.971625956081915
18.94;6.53599179678412;340;0.971625956081915
17.9;5.86781419674114;342;0.9713298791019
17.02;5.19963659669815;342;0.971823340735258
16.51;4.36137742573513;340;0.972612879348631
16.04;3.26799589839206;338;0.97320503330866
15.51;2.59981829834908;337;0.973402417962003
15.1;2.08957358558898;339;0.97320503330866
14.57;1.93164069830609;341;0.972514187021959
14.13;1.76155912738606;339;0.971823340735258
13.83;1.59147755646602;328;0.971527263755243
13.44;1.59147755646602;314;0.971132494448557
13.26;1.59147755646602;298;0.971724648408586
12.94;1.84659991284607;286;0.972020725388601
14.23;2.84279197109198;298;0.972612879348631
15.8;4.60435109847803;298;0.973303725635332
16.99;5.11459581123813;293;0.97379718726869
18.43;5.78277341128112;286;0.974093264248705
19.71;6.19582865494406;281;0.974290648902048
21.37;7.20416939682711;279;0.974290648902048
22.06;8.21251013871016;281;0.974290648902048
22.1;8.6255653823731;284;0.973895879595362
21.75;8.12746935325015;284;0.973994571922033
21.28;7.45929175320716;283;0.974093264248705
20.74;6.79111415316417;283;0.974093264248705
19.64;6.03789576766117;290;0.974290648902048
18.78;5.02955502577812;302;0.974191956575376
17.87;4.51931031301802;309;0.975080187515421
17.08;4.68939188393805;313;0.975573649148779
16.38;4.44641821119515;315;0.976560572415495
15.92;3.26799589839206;316;0.976659264742166
15.65;2.0166814837661;308;0.976461880088823
15.21;1.59147755646602;278;0.976165803108808
14.88;1.93164069830609;260;0.97567234147545
14.82;2.17461437104899;253;0.97567234147545
14.46;2.0166814837661;245;0.975376264495435
14.05;1.93164069830609;250;0.97567234147545
13.61;2.0166814837661;264;0.976165803108808
14.68;3.26799589839206;286;0.976659264742166
16.02;4.51931031301802;309;0.977054034048853
17.42;5.02955502577812;318;0.977547495682211
18.7;5.6977326258211;324;0.977547495682211
19.93;6.03789576766117;326;0.977744880335554
20.65;5.95285498220115;328;0.977547495682211
21.25;6.11078786948404;328;0.977350111028867
21.45;6.45095101132411;327;0.977054034048853
21.32;6.87615493862419;325;0.976560572415495
20.91;7.11912861136709;326;0.976560572415495
20.04;7.11912861136709;330;0.976461880088823
19.15;6.79111415316417;334;0.976757957068838
17.89;6.19582865494406;335;0.976659264742166
17.02;5.61269184036109;342;0.97685664939551
16.48;4.77443266939807;346;0.977547495682211
16.09;4.36137742573513;343;0.978040957315569
15.67;4.36137742573513;338;0.978337034295583
15.33;4.68939188393805;337;0.97813964964224
15.31;5.19963659669815;338;0.977744880335554
15.05;5.61269184036109;340;0.977350111028867
15.02;6.19582865494406;342;0.977251418702196
14.97;6.62103258224414;345;0.977251418702196
14.78;6.62103258224414;347;0.977547495682211
14.82;6.62103258224414;350;0.977942264988897
15.35;7.95738778233011;352;0.978238341968912
15.97;9.05076930967318;354;0.978534418948927
16.79;9.46382455333612;355;0.978830495928942
17.84;10.1320021533791;354;0.979027880582285
19.05;10.8973692225193;355;0.978830495928942
19.93;11.6505876080223;356;0.978830495928942
20.36;12.0636428516852;357;0.97873180360227
20.48;12.2337244226052;357;0.97813964964224
20.41;12.2337244226052;357;0.977744880335554
20.02;12.0636428516852;356;0.977744880335554
19.46;12.1486836371452;355;0.977843572662226
18.69;11.9786020662252;355;0.977843572662226
17.58;10.6422468661392;356;0.978040957315569
16.85;9.22085088059321;353;0.978337034295583
16.55;8.96572852421317;352;0.978830495928942
16.33;8.29755092417018;349;0.979225265235628
16.15;8.12746935325015;346;0.979225265235628
16.1;8.3825917096302;344;0.97873180360227
16.28;8.3825917096302;344;0.978435726622255
16.12;8.46763249509021;347;0.977646188008882
16.13;8.6255653823731;349;0.977251418702196
16;8.54052459691308;350;0.977054034048853
16.2;8.71060616783311;350;0.977054034048853
16.03;8.21251013871016;350;0.977251418702196
16.61;9.05076930967318;350;0.977547495682211
17.52;10.2170429388391;354;0.977843572662226
18.62;10.2170429388391;355;0.977942264988897
19.69;10.2170429388391;355;0.978040957315569
20.74;10.3871245097592;353;0.977942264988897
21.67;10.7272876515992;352;0.977843572662226
22.09;11.1403428952622;352;0.977547495682211
22.17;11.3954652516422;355;0.977251418702196
22.04;11.3954652516422;358;0.976659264742166
21.64;11.3104244661822;359;0.976461880088823
20.94;11.2253836807222;359;0.976363187762151
19.84;10.8123284370592;359;0.976363187762151
18.45;9.97406926609622;359;0.976659264742166
17.64;9.05076930967318;358;0.977152726375524
17.28;8.21251013871016;358;0.977547495682211
17.15;8.12746935325015;358;0.978337034295583
16.94;7.54433253866718;355;0.97813964964224
16.77;7.70226542595006;353;0.977942264988897
16.66;7.70226542595006;354;0.977547495682211
16.4;7.28921018228713;354;0.976955341722181
16.41;7.45929175320716;356;0.976461880088823
16.26;7.20416939682711;359;0.976165803108808
16.2;6.79111415316417;0;0.97626449543548
16.16;6.19582865494406;2;0.976363187762151
16.66;6.79111415316417;4;0.97685664939551
17.32;6.79111415316417;1;0.977152726375524
18.25;6.87615493862419;358;0.977350111028867
19.82;6.94904704044706;356;0.977547495682211
21.1;7.11912861136709;353;0.977448803355539
21.92;7.54433253866718;350;0.977547495682211
22.51;8.12746935325015;349;0.976955341722181
22.67;8.79564695329313;350;0.97626449543548
22.42;9.3787837678761;354;0.97567234147545
21.99;9.80398769517618;358;0.975474956822107
21.16;9.97406926609622;360;0.975376264495435
19.99;9.8890284806362;1;0.975277572168764
18.61;8.04242856779013;0;0.97567234147545
17.57;7.54433253866718;1;0.975869726128794
17.18;6.94904704044706;1;0.976363187762151
16.8;6.11078786948404;359;0.976955341722181
16.66;6.03789576766117;358;0.976757957068838
16.59;6.28086944040407;355;0.976461880088823
16.64;6.87615493862419;356;0.975869726128794
16.87;7.78730621141008;1;0.975178879842092
16.85;6.79111415316417;1;0.974882802862078
16.98;6.45095101132411;360;0.974488033555391
17.01;6.36591022586409;358;0.974784110535406
17;5.86781419674114;358;0.974981495188749
17.08;6.94904704044706;359;0.975376264495435
17.85;7.20416939682711;358;0.975771033802122
18.62;7.11912861136709;357;0.97626449543548
19.99;7.28921018228713;355;0.976659264742166
21.08;7.28921018228713;354;0.97685664939551
22.09;7.28921018228713;354;0.976955341722181
22.81;7.37425096774714;354;0.97626449543548
23.27;7.62937332412719;354;0.97567234147545
23.13;7.8723469968701;356;0.975080187515421
22.69;7.95738778233011;358;0.974685418208734
21.91;8.12746935325015;360;0.974586725882063
20.66;8.21251013871016;2;0.974784110535406
19.03;6.94904704044706;360;0.974981495188749
17.87;6.03789576766117;359;0.975474956822107
17.31;5.86781419674114;359;0.97626449543548
17.02;5.61269184036109;359;0.976955341722181
16.74;5.02955502577812;359;0.97685664939551
16.61;4.51931031301802;2;0.976560572415495
16.6;4.44641821119515;6;0.975968418455465
16.61;3.93617349843505;9;0.975376264495435
16.56;3.43807746931209;11;0.974784110535406
16.42;2.76989986926911;5;0.974488033555391
16.43;2.25965515650901;2;0.974488033555391
16.28;1.67651834192604;351;0.974882802862078
16.51;1.42139598554599;343;0.975277572168764
17.04;1.00834074188305;336;0.975474956822107
18.16;0.668177600042987;322;0.975869726128794
20.11;0.58313681458297;281;0.975968418455465
22.4;0.838259170963019;266;0.97567234147545
25.02;1.00834074188305;252;0.975376264495435
27.38;2.34469594196903;274;0.974685418208734
28.67;4.27633664027511;290;0.973895879595362
28.15;6.11078786948404;305;0.973402417962003
26.24;7.20416939682711;319;0.973106340981989
24.24;6.94904704044706;333;0.97320503330866
22.66;6.11078786948404;348;0.973402417962003
20.55;4.68939188393805;349;0.973402417962003
19.4;3.52311825477211;1;0.973994571922033
18.86;2.34469594196903;16;0.974586725882063
18.46;1.42139598554599;23;0.975080187515421
17.92;0.838259170963019;18;0.974981495188749
17.49;0.753218385503003;350;0.974784110535406
16.69;0.923299956423036;337;0.974290648902048
16.33;0.838259170963019;328;0.973599802615347
15.94;0.498096029122954;311;0.97320503330866
15.69;0.0850407854600165;230;0.972810264001974
15.34;0.923299956423036;133;0.972810264001974
13.68;1.67651834192604;155;0.973303725635332
16.26;0.923299956423036;178;0.97379718726869
18.7;1.33635520008597;241;0.974389341228719
21.54;1.84659991284607;262;0.974586725882063
24.11;2.17461437104899;277;0.974685418208734
26.26;2.25965515650901;283;0.974586725882063
28.09;2.68485908380909;291;0.974389341228719
29.31;4.02121428389506;299;0.973698494942018
29.51;5.52765105490107;304;0.973007648655317
28.43;6.79111415316417;314;0.972415494695287
26.34;7.11912861136709;323;0.972316802368616
24.64;6.70607336770416;333;0.972415494695287
23.07;6.03789576766117;350;0.972612879348631
21.71;6.11078786948404;9;0.970639032815199
20.37;4.51931031301802;5;0.971231186775228
19.47;3.681051142055;356;0.971527263755243
18.84;3.01287354201201;343;0.971922033061929
18.21;2.42973672742904;315;0.972020725388601
17.49;2.25965515650901;282;0.971823340735258
16.9;2.0166814837661;252;0.971625956081915
16.2;2.17461437104899;230;0.971132494448557
15.72;2.25965515650901;228;0.970836417468542
15.34;2.42973672742904;229;0.970639032815199
15.32;2.59981829834908;231;0.970836417468542
15.44;2.59981829834908;229;0.971231186775228
16.31;3.01287354201201;260;0.972514187021959
17.57;3.60815904023213;267;0.972908956328645
19.08;4.10625506935508;272;0.973303725635332
20.7;4.85947345485808;274;0.973599802615347
21.88;5.44261026944105;276;0.973402417962003
23.21;6.03789576766117;279;0.973106340981989
24.1;6.53599179678412;282;0.972810264001974
24.48;6.87615493862419;286;0.972218110041944
24.31;7.11912861136709;291;0.971724648408586
23.62;7.20416939682711;295;0.971428571428571
22.46;7.03408782590708;298;0.971527263755243
21.09;6.53599179678412;301;0.971724648408586
19.25;6.28086944040407;289;0.971922033061929
18.24;5.52765105490107;290;0.972415494695287
17.73;4.77443266939807;289;0.97320503330866
17.53;4.36137742573513;289;0.973599802615347
17.3;4.10625506935508;286;0.973599802615347
17.11;4.1912958548151;282;0.973106340981989
16.91;4.36137742573513;281;0.972514187021959
16.85;4.44641821119515;283;0.971922033061929
16.78;4.44641821119515;288;0.971527263755243
16.81;4.68939188393805;296;0.971527263755243
16.7;4.44641821119515;303;0.972020725388601
16.73;4.10625506935508;308;0.972415494695287
17.07;4.9445142403181;322;0.972810264001974
17.7;5.02955502577812;325;0.973402417962003
18.53;5.19963659669815;326;0.973698494942018
19.91;5.86781419674114;324;0.973895879595362
21.38;6.70607336770416;325;0.973895879595362
22.26;7.62937332412719;326;0.974093264248705
22.7;8.29755092417018;329;0.973895879595362
22.72;8.71060616783311;332;0.973698494942018
22.52;8.96572852421317;335;0.973501110288675
21.96;8.96572852421317;338;0.973501110288675
21.21;8.88068773875315;341;0.973402417962003
20.2;8.79564695329313;344;0.973599802615347
18.69;8.54052459691308;351;0.973895879595362
17.97;8.21251013871016;353;0.974389341228719
17.64;7.78730621141008;354;0.975080187515421
17.6;7.95738778233011;355;0.975376264495435
17.32;7.45929175320716;352;0.975573649148779
16.91;6.53599179678412;347;0.975277572168764
16.67;6.62103258224414;344;0.974784110535406
16.3;6.19582865494406;341;0.974093264248705
16.13;6.36591022586409;338;0.973599802615347
16.03;6.70607336770416;336;0.973402417962003
15.92;6.53599179678412;335;0.97379718726869
15.83;6.70607336770416;336;0.973994571922033
16.54;8.21251013871016;340;0.974488033555391
17.33;8.6255653823731;342;0.975080187515421
18.28;8.79564695329313;343;0.975277572168764
19.19;8.88068773875315;342;0.975573649148779
20.1;8.96572852421317;341;0.97567234147545
20.97;9.30589166605323;340;0.975968418455465
21.69;9.71894690971617;339;0.97567234147545
21.98;10.2170429388391;340;0.975474956822107
21.83;10.4721652952192;340;0.975376264495435
21.34;10.4721652952192;342;0.975573649148779
20.71;10.2170429388391;345;0.975474956822107
19.75;9.71894690971617;348;0.97567234147545
18.7;9.3787837678761;355;0.976165803108808
18.09;8.96572852421317;358;0.976560572415495
17.86;8.79564695329313;359;0.97685664939551
17.69;8.21251013871016;355;0.977646188008882
17.56;7.78730621141008;348;0.977646188008882
17.43;7.54433253866718;341;0.977448803355539
17.38;8.04242856779013;338;0.976757957068838
17.15;7.8723469968701;335;0.975968418455465
17;8.46763249509021;336;0.975573649148779
16.96;8.04242856779013;335;0.975474956822107
17;8.79564695329313;338;0.975573649148779
17.21;7.78730621141008;338;0.976067110782137
17.63;8.96572852421317;343;0.976363187762151
18.23;8.79564695329313;345;0.976461880088823
18.92;8.3825917096302;346;0.977054034048853
19.58;8.04242856779013;346;0.977152726375524
20.25;7.70226542595006;345;0.977350111028867
21.15;7.70226542595006;341;0.977350111028867
21.71;7.95738778233011;336;0.97685664939551
22;8.12746935325015;334;0.97685664939551
22.02;8.3825917096302;335;0.976461880088823
21.49;8.54052459691308;337;0.976560572415495
20.8;8.54052459691308;341;0.976659264742166
20.07;8.21251013871016;344;0.976659264742166
19.2;6.53599179678412;342;0.976363187762151
18.57;6.11078786948404;336;0.97685664939551
18.16;6.19582865494406;336;0.977646188008882
17.98;5.78277341128112;339;0.978337034295583
17.85;5.11459581123813;344;0.978435726622255
17.61;4.9445142403181;350;0.978040957315569
17.42;4.68939188393805;349;0.977251418702196
17.4;4.85947345485808;344;0.976757957068838
17.39;5.19963659669815;345;0.976461880088823
17.58;5.11459581123813;347;0.976165803108808
17.64;4.85947345485808;349;0.97626449543548
17.68;4.77443266939807;349;0.976461880088823
17.38;4.02121428389506;352;0.976955341722181
17.75;4.02121428389506;351;0.977054034048853
18.5;3.93617349843505;352;0.977744880335554
19.65;3.85113271297503;351;0.977547495682211
20.83;4.1912958548151;346;0.977744880335554
22.38;5.02955502577812;340;0.977646188008882
23.22;6.28086944040407;336;0.977350111028867
23.28;7.20416939682711;339;0.97685664939551
23.31;7.78730621141008;345;0.976363187762151
22.81;8.04242856779013;353;0.976067110782137
21.91;7.95738778233011;356;0.975968418455465
20.94;7.28921018228713;0;0.975968418455465
19.55;6.94904704044706;9;0.97567234147545
18.49;6.19582865494406;10;0.97567234147545
17.97;5.61269184036109;7;0.976363187762151
17.53;4.68939188393805;360;0.976955341722181
17.18;4.36137742573513;353;0.977054034048853
16.87;3.93617349843505;347;0.976757957068838
16.69;3.681051142055;344;0.975968418455465
16.61;3.26799589839206;339;0.975277572168764
16.51;2.84279197109198;336;0.974586725882063
16.5;2.68485908380909;340;0.974290648902048
16.44;2.25965515650901;349;0.973994571922033
16.34;1.84659991284607;347;0.973994571922033
17.15;2.08957358558898;343;0.974093264248705
17.97;2.17461437104899;343;0.974191956575376
19.14;2.08957358558898;335;0.974488033555391
20.79;2.34469594196903;324;0.974981495188749
22.91;2.84279197109198;312;0.975178879842092
24.14;3.43807746931209;304;0.975080187515421
25.14;4.1912958548151;306;0.974784110535406
25.77;5.27252869852102;308;0.974488033555391
25.6;6.28086944040407;312;0.973994571922033
24.49;7.03408782590708;321;0.973895879595362
23.15;7.20416939682711;332;0.974093264248705
21.87;6.94904704044706;342;0.974191956575376
20.32;6.11078786948404;353;0.974685418208734
19.31;5.19963659669815;10;0.974981495188749
18.88;4.02121428389506;22;0.97567234147545
18.77;2.76989986926911;14;0.976067110782137
18.49;2.76989986926911;356;0.97626449543548
18.09;3.35303668385208;345;0.975968418455465
17.63;3.60815904023213;346;0.975277572168764
17.44;3.85113271297503;352;0.975080187515421
17.34;3.681051142055;353;0.974586725882063
17.25;3.18295511293205;350;0.974586725882063
17.15;2.68485908380909;346;0.974488033555391
17.14;2.17461437104899;338;0.974882802862078
17.21;1.76155912738606;330;0.975277572168764
17.71;1.50643677100601;314;0.97567234147545
18.64;1.67651834192604;298;0.976165803108808
20.14;2.08957358558898;291;0.97626449543548
22.28;2.68485908380909;287;0.976165803108808
24.05;2.84279197109198;293;0.975869726128794
25.83;3.09791432747203;297;0.975080187515421
27.29;3.93617349843505;298;0.974488033555391
27.74;5.35756948398104;301;0.973895879595362
26.67;6.53599179678412;308;0.973599802615347
24.83;6.28086944040407;317;0.973895879595362
23.08;5.52765105490107;320;0.974389341228719
21.44;4.36137742573513;330;0.974093264248705
20.34;3.43807746931209;338;0.975277572168764
19.75;2.927832756552;328;0.976461880088823
19.32;2.25965515650901;304;0.977054034048853
19.04;2.08957358558898;292;0.977843572662226
18.72;1.76155912738606;301;0.977942264988897
18.46;2.0166814837661;289;0.977448803355539
18.07;2.34469594196903;295;0.97685664939551
17.77;2.25965515650901;316;0.976560572415495
17.62;2.17461437104899;340;0.976560572415495
17.57;2.17461437104899;350;0.976659264742166
17.53;2.08957358558898;354;0.97685664939551
17.82;1.50643677100601;2;0.977152726375524
18.54;1.17842231280309;7;0.977547495682211
19.84;0.838259170963019;344;0.977942264988897
22.01;1.76155912738606;313;0.978238341968912
24.35;3.35303668385208;307;0.978337034295583
25.99;4.1912958548151;310;0.977942264988897
26.97;4.77443266939807;317;0.977547495682211
27.36;5.61269184036109;319;0.977251418702196
26.65;6.70607336770416;322;0.976659264742166
25.4;7.28921018228713;330;0.976757957068838
23.75;7.28921018228713;342;0.977350111028867
22.22;6.45095101132411;351;0.977744880335554
21.08;5.02955502577812;348;0.977744880335554
20.07;4.68939188393805;350;0.978337034295583
19.36;4.51931031301802;358;0.979225265235628
18.92;4.02121428389506;358;0.979916111522329
18.57;3.76609192751502;358;0.980113496175672
18.32;3.93617349843505;2;0.979916111522329
18.1;4.10625506935508;4;0.9793239575623
18.02;4.27633664027511;3;0.978929188255613
17.89;3.76609192751502;5;0.978435726622255
17.84;3.18295511293205;13;0.978238341968912
17.84;2.68485908380909;17;0.978337034295583
17.82;2.08957358558898;10;0.978633111275598
18.05;3.35303668385208;356;0.979521342215643
18.87;3.52311825477211;356;0.979817419195658
20.08;3.76609192751502;360;0.979916111522329
21.84;4.44641821119515;358;0.980113496175672
23.64;5.19963659669815;356;0.980113496175672
25.09;5.78277341128112;357;0.980014803849001
26.07;6.62103258224414;358;0.979521342215643
26.47;7.70226542595006;357;0.979027880582285
25.77;9.1358100951332;358;0.97873180360227
24.76;9.97406926609622;3;0.97873180360227
23.57;10.2170429388391;7;0.97873180360227
22.19;9.8890284806362;10;0.978929188255613
20.61;8.6255653823731;11;0.978830495928942
19.54;7.28921018228713;9;0.979126572908956
18.98;6.45095101132411;8;0.979422649888971
18.7;5.11459581123813;4;0.979817419195658
18.37;4.1912958548151;356;0.979718726868986
17.97;3.52311825477211;345;0.979521342215643
17.57;3.26799589839206;338;0.978929188255613
17.29;3.09791432747203;341;0.978337034295583
17.25;2.84279197109198;348;0.978040957315569
17.21;2.76989986926911;353;0.977744880335554
17.29;3.18295511293205;358;0.977942264988897
17.4;3.60815904023213;9;0.97813964964224
17.66;4.1912958548151;23;0.978534418948927
18.61;4.1912958548151;29;0.978830495928942
20.38;3.681051142055;21;0.979225265235628
22.64;4.02121428389506;7;0.979126572908956
24.87;5.11459581123813;360;0.978929188255613
26.46;6.19582865494406;358;0.978633111275598
27.36;7.03408782590708;358;0.977942264988897
27.63;7.70226542595006;358;0.977646188008882
27.21;8.46763249509021;359;0.977054034048853
26.11;8.96572852421317;1;0.976659264742166
24.67;8.79564695329313;5;0.976363187762151
23.05;8.21251013871016;7;0.976363187762151
21.19;7.54433253866718;10;0.97626449543548
19.9;6.11078786948404;9;0.976659264742166
19.15;5.35756948398104;5;0.977152726375524
18.52;5.19963659669815;2;0.977448803355539
18.09;5.11459581123813;2;0.977646188008882
17.61;4.9445142403181;4;0.977054034048853
17.13;4.36137742573513;5;0.976461880088823
16.76;3.76609192751502;6;0.975771033802122
16.48;3.26799589839206;4;0.974882802862078
16.2;3.01287354201201;355;0.974488033555391
16.2;2.927832756552;349;0.974586725882063
16.28;2.59981829834908;347;0.974882802862078
16.6;3.09791432747203;1;0.975178879842092
17.97;3.85113271297503;10;0.975376264495435
19.67;3.93617349843505;10;0.975771033802122
21.74;3.60815904023213;6;0.975573649148779
23.98;3.60815904023213;354;0.975277572168764
26.04;3.681051142055;343;0.974981495188749
27.46;4.1912958548151;334;0.974290648902048
28.12;5.19963659669815;329;0.973599802615347
27.82;6.36591022586409;332;0.973007648655317
26.53;7.54433253866718;338;0.972810264001974
24.96;7.62937332412719;348;0.972810264001974
23.65;6.11078786948404;359;0.973007648655317
22.25;5.19963659669815;349;0.972810264001974
20.71;4.44641821119515;353;0.973303725635332
19.75;4.10625506935508;350;0.973994571922033
18.97;3.681051142055;351;0.974389341228719
18.36;3.09791432747203;352;0.974488033555391
17.82;2.59981829834908;352;0.973994571922033
17.21;2.42973672742904;348;0.973303725635332
16.58;2.08957358558898;346;0.972218110041944
16.03;1.93164069830609;340;0.971724648408586
15.72;2.17461437104899;332;0.971527263755243
15.54;2.51477751288906;328;0.971527263755243
15.82;2.59981829834908;329;0.972020725388601
16.63;2.51477751288906;324;0.972514187021959
17.7;3.26799589839206;315;0.973303725635332
19.09;3.93617349843505;320;0.973895879595362
20.72;4.44641821119515;339;0.974389341228719
22.5;4.9445142403181;353;0.974488033555391
24.05;5.86781419674114;353;0.974389341228719
25.22;7.20416939682711;350;0.973698494942018
25.29;8.46763249509021;352;0.973402417962003
24.65;9.46382455333612;356;0.97320503330866
23.72;9.8890284806362;1;0.97320503330866
22.76;9.63390612425615;6;0.973501110288675
21.65;8.6255653823731;11;0.973402417962003
20.09;6.87615493862419;9;0.972514187021959
18.89;6.19582865494406;1;0.972908956328645
18.14;6.45095101132411;352;0.973895879595362
17.66;6.62103258224414;353;0.974882802862078
17.49;6.70607336770416;360;0.975277572168764
17.25;7.11912861136709;5;0.974981495188749
17.08;7.11912861136709;6;0.974488033555391
17.02;6.87615493862419;6;0.973994571922033
16.79;7.11912861136709;2;0.973501110288675
16.68;7.8723469968701;359;0.973698494942018
16.84;9.05076930967318;360;0.973895879595362
17.01;9.8890284806362;2;0.974586725882063
17.36;10.0591100515562;2;0.975178879842092
17.99;9.3787837678761;8;0.975573649148779
18.8;8.71060616783311;4;0.975771033802122
20.03;8.88068773875315;358;0.976165803108808
21;9.30589166605323;354;0.97626449543548
21.94;10.1320021533791;352;0.976461880088823
22.43;10.4721652952192;354;0.976363187762151
23.01;10.0591100515562;356;0.976067110782137
23.1;10.1320021533791;353;0.97567234147545
22.49;10.8123284370592;352;0.975869726128794
21.6;10.8973692225193;355;0.975869726128794
20.59;10.3871245097592;359;0.976067110782137
19.03;9.3787837678761;1;0.976560572415495
18.1;8.54052459691308;1;0.977054034048853
17.74;8.71060616783311;3;0.977942264988897
17.57;8.79564695329313;3;0.97813964964224
17.43;8.21251013871016;1;0.978534418948927
17.29;8.3825917096302;358;0.978238341968912
16.99;7.54433253866718;352;0.97813964964224
16.83;8.21251013871016;349;0.977843572662226
16.71;8.3825917096302;349;0.977744880335554
16.54;8.21251013871016;350;0.977744880335554
16.55;8.46763249509021;352;0.978040957315569
16.47;8.6255653823731;354;0.978337034295583
17;10.4721652952192;357;0.978534418948927
17.5;11.0553021098021;359;0.978929188255613
18.25;11.5655468225622;360;0.9793239575623
19.1;11.8085204953051;359;0.979422649888971
19.99;11.9786020662252;359;0.979521342215643
20.79;12.3187652080652;358;0.979422649888971
21.37;12.4888467789853;358;0.979126572908956
21.77;12.5617388808081;359;0.978633111275598
21.89;12.4038059935253;359;0.978238341968912
21.63;12.0636428516852;358;0.978040957315569
20.8;11.6505876080223;357;0.977843572662226
19.74;11.0553021098021;356;0.977942264988897
18.3;11.0553021098021;356;0.978435726622255
17.47;10.5572060806792;357;0.97873180360227
17.24;10.7272876515992;357;0.979225265235628
17.08;9.71894690971617;355;0.979817419195658
16.87;9.46382455333612;352;0.979817419195658
16.55;9.46382455333612;349;0.9793239575623
16.4;9.46382455333612;349;0.979027880582285
16.28;9.63390612425615;349;0.978435726622255
15.88;9.30589166605323;349;0.97813964964224
15.84;9.3787837678761;351;0.978040957315569
15.77;9.3787837678761;351;0.977942264988897
15.71;9.22085088059321;350;0.97813964964224
16.33;9.3787837678761;348;0.97813964964224
17.42;11.0553021098021;348;0.978435726622255
18.58;11.7356283934823;347;0.978929188255613
19.59;12.4888467789853;346;0.979126572908956
20.49;13.1570243790283;348;0.979225265235628
21.17;13.8252019790713;351;0.9793239575623
21.69;13.9102427645313;353;0.97873180360227
21.96;13.7401611936112;354;0.978040957315569
21.99;13.6551204081512;352;0.977448803355539
21.71;13.3999980517712;348;0.977152726375524
21.13;13.2420651644883;345;0.976955341722181
20.29;12.7318204517282;343;0.97685664939551
18.71;11.5655468225622;344;0.97685664939551
17.74;9.1358100951332;341;0.976757957068838
17.38;9.8890284806362;347;0.977054034048853
17.13;10.1320021533791;349;0.977547495682211
16.92;10.0591100515562;350;0.977350111028867
16.58;9.8890284806362;352;0.97685664939551
16.25;9.54886533879614;353;0.975968418455465
15.95;9.3787837678761;353;0.975178879842092
15.98;9.46382455333612;351;0.974685418208734
16.39;9.63390612425615;350;0.974389341228719
16.57;9.05076930967318;348;0.974191956575376
16.64;8.21251013871016;347;0.974488033555391
17.16;7.54433253866718;341;0.974389341228719
18.38;8.29755092417018;348;0.974586725882063
19.87;7.62937332412719;350;0.974981495188749
21.32;7.20416939682711;349;0.974882802862078
22.98;7.37425096774714;348;0.974882802862078
24.21;7.8723469968701;347;0.974981495188749
24.96;8.46763249509021;350;0.974488033555391
25.34;8.88068773875315;352;0.974191956575376
25.23;9.05076930967318;355;0.973698494942018
24.77;8.96572852421317;357;0.973303725635332
23.95;8.54052459691308;358;0.973402417962003
22.76;7.78730621141008;358;0.973599802615347
20.97;6.70607336770416;350;0.973007648655317
19.69;5.35756948398104;345;0.973303725635332
19;4.77443266939807;345;0.974290648902048
18.5;4.1912958548151;346;0.974586725882063
17.98;3.52311825477211;342;0.974586725882063
17.4;3.18295511293205;336;0.974191956575376
16.77;3.01287354201201;334;0.973698494942018
16.09;2.59981829834908;339;0.973402417962003
15.42;1.93164069830609;348;0.972908956328645
15.9;1.33635520008597;7;0.972810264001974
15.93;0.668177600042987;29;0.972810264001974
15.87;0.0850407854600165;337;0.973106340981989
16.78;0.668177600042987;297;0.973599802615347
18.51;1.76155912738606;312;0.974191956575376
20.76;2.34469594196903;303;0.974290648902048
23.16;2.59981829834908;299;0.974685418208734
25.39;2.42973672742904;300;0.974784110535406
27.37;2.76989986926911;300;0.974685418208734
28.67;4.02121428389506;300;0.974191956575376
29.42;5.6977326258211;306;0.973501110288675
28.79;7.54433253866718;319;0.973303725635332
27.01;8.88068773875315;336;0.97320503330866
25.29;8.6255653823731;353;0.973303725635332
23.78;8.04242856779013;5;0.973599802615347
21.75;7.54433253866718;9;0.973303725635332
19.95;6.87615493862419;7;0.973895879595362
18.74;6.36591022586409;7;0.974586725882063
18.06;5.52765105490107;7;0.975376264495435
17.54;4.1912958548151;4;0.975573649148779
17.02;3.26799589839206;357;0.975277572168764
16.75;3.09791432747203;352;0.974784110535406
16.39;3.09791432747203;352;0.974586725882063
16.35;2.927832756552;353;0.974488033555391
16.39;3.09791432747203;353;0.974488033555391
16.35;2.84279197109198;350;0.974784110535406
16.5;2.59981829834908;344;0.975277572168764
16.8;2.84279197109198;341;0.976165803108808
17.62;2.927832756552;337;0.976659264742166
18.67;3.01287354201201;328;0.977152726375524
20.35;3.01287354201201;318;0.977547495682211
21.93;4.10625506935508;312;0.977646188008882
23.42;4.85947345485808;314;0.977547495682211
24.42;5.35756948398104;315;0.976955341722181
25.02;5.78277341128112;315;0.976461880088823
25.05;6.19582865494406;318;0.976363187762151
24.54;6.36591022586409;319;0.975968418455465
23.63;6.28086944040407;321;0.976067110782137
22.42;5.95285498220115;323;0.97626449543548
20.61;5.95285498220115;330;0.97626449543548
19.47;5.44261026944105;333;0.976757957068838
18.83;5.19963659669815;333;0.977843572662226
18.55;4.9445142403181;334;0.978238341968912
18.39;4.44641821119515;330;0.978830495928942
18.14;3.681051142055;320;0.978534418948927
17.85;3.18295511293205;309;0.978040957315569
17.59;2.76989986926911;297;0.977744880335554
17.16;2.34469594196903;289;0.977350111028867
17.03;2.0166814837661;281;0.977054034048853
16.82;1.76155912738606;275;0.977251418702196
16.62;1.50643677100601;268;0.977547495682211
17.59;2.17461437104899;285;0.978337034295583
18.25;2.42973672742904;277;0.97873180360227
19.14;2.76989986926911;278;0.9793239575623
20.24;3.01287354201201;281;0.979521342215643
21.53;3.60815904023213;284;0.979817419195658
23.08;4.27633664027511;285;0.979916111522329
24.34;5.02955502577812;286;0.979521342215643
24.94;5.78277341128112;285;0.979225265235628
25.07;6.11078786948404;287;0.978830495928942
24.74;6.19582865494406;289;0.97873180360227
23.9;6.11078786948404;296;0.978633111275598
22.69;5.6977326258211;302;0.97873180360227
21.18;5.11459581123813;304;0.978830495928942
19.97;4.27633664027511;310;0.979521342215643
19.21;3.35303668385208;315;0.980310880829016
18.64;2.34469594196903;321;0.980804342462374
18.09;1.50643677100601;323;0.980903034789045
17.53;0.753218385503003;316;0.980508265482359
17.34;0.255122356380049;252;0.979916111522329
17.08;0.413055243662937;192;0.979225265235628
16.97;0.498096029122954;186;0.978929188255613
16.75;0.58313681458297;192;0.978337034295583
16.59;0.668177600042987;191;0.978337034295583
16.29;0.753218385503003;199;0.978435726622255
16.65;0.668177600042987;344;0.978830495928942
17.77;1.33635520008597;325;0.979225265235628
18.92;1.84659991284607;317;0.979620034542314
20.23;2.59981829834908;311;0.980014803849001
22.05;3.52311825477211;310;0.979817419195658
23.39;4.51931031301802;312;0.979620034542314
24.39;5.52765105490107;315;0.979027880582285
24.92;6.11078786948404;316;0.978633111275598
24.92;6.62103258224414;318;0.978238341968912
24.4;6.87615493862419;322;0.977843572662226
23.41;6.94904704044706;328;0.977646188008882
22.19;6.79111415316417;336;0.977646188008882
20.61;5.95285498220115;338;0.977350111028867
19.51;5.19963659669815;343;0.977942264988897
18.87;4.36137742573513;348;0.978534418948927
18.45;3.52311825477211;352;0.978929188255613
18.13;2.76989986926911;355;0.979126572908956
17.98;2.68485908380909;354;0.97873180360227
17.77;2.59981829834908;354;0.97813964964224
17.62;2.59981829834908;353;0.977448803355539
17.48;2.76989986926911;350;0.977054034048853
17.36;3.01287354201201;346;0.976757957068838
17.33;3.18295511293205;345;0.976659264742166
17.37;3.18295511293205;344;0.977054034048853
17.62;3.76609192751502;350;0.977251418702196
18.16;4.02121428389506;346;0.977448803355539
19.12;4.27633664027511;341;0.977646188008882
20.4;4.60435109847803;338;0.977547495682211
21.97;5.19963659669815;330;0.977843572662226
23.5;5.78277341128112;323;0.977744880335554
24.33;6.36591022586409;319;0.977350111028867
24.61;6.87615493862419;318;0.977054034048853
24.58;7.28921018228713;316;0.976757957068838
24.13;7.45929175320716;317;0.976461880088823
23.39;7.28921018228713;319;0.976363187762151
22.4;6.70607336770416;320;0.97626449543548
21.25;5.95285498220115;318;0.976363187762151
20.05;5.02955502577812;313;0.976461880088823
19.39;4.36137742573513;307;0.97685664939551
18.95;4.1912958548151;304;0.977448803355539
18.55;3.93617349843505;301;0.977448803355539
18.22;3.85113271297503;298;0.976955341722181
17.71;3.85113271297503;297;0.976461880088823
17.38;3.26799589839206;296;0.975771033802122
17.25;3.60815904023213;298;0.975376264495435
17.13;3.43807746931209;296;0.974981495188749
16.84;3.18295511293205;293;0.974981495188749
16.81;3.18295511293205;292;0.975178879842092
17.65;5.19963659669815;305;0.975376264495435
19.07;6.03789576766117;308;0.975968418455465
20.12;6.36591022586409;309;0.976165803108808
20.9;6.45095101132411;312;0.976461880088823
21.76;6.79111415316417;315;0.976461880088823
22.41;7.03408782590708;317;0.976560572415495
23.15;7.20416939682711;319;0.976363187762151
23.49;7.37425096774714;320;0.975869726128794
23.72;7.54433253866718;320;0.975573649148779
22.21;7.24061544773854;322;0.975277572168764
21.69;6.9854930913585;324;0.975178879842092
21.18;6.7182220513413;328;0.975080187515421
20.66;6.46309969496125;334;0.974784110535406
20.14;6.2079773385812;336;0.975178879842092
19.62;5.95285498220115;336;0.975968418455465
19.1;5.6977326258211;336;0.976560572415495
18.58;5.44261026944105;333;0.976659264742166
18.06;5.17533922942386;24;0.976757957068838
17.54;4.92021687304381;17;0.976659264742166
17.02;4.66509451666376;11;0.976165803108808
16.5;4.40997216028371;11;0.976165803108808
15.98;4.15484980390366;11;0.975771033802122
15.46;3.89972744752361;11;0.975869726128794
14.94;3.64460509114356;10;0.975869726128794
14.42;3.37733405112637;19;0.975968418455465
17.12;5.11459581123813;20;0.976363187762151
18.52;5.61269184036109;17;0.976067110782137
20.29;6.11078786948404;11;0.976165803108808
21.94;6.53599179678412;5;0.975771033802122
23.01;7.03408782590708;359;0.975869726128794
23.81;7.54433253866718;355;0.975573649148779
24.14;7.95738778233011;355;0.975178879842092
24.03;8.3825917096302;357;0.974981495188749
23.48;8.46763249509021;360;0.974882802862078
22.6;8.3825917096302;2;0.974685418208734
21.39;8.04242856779013;4;0.974784110535406
19.52;7.62937332412719;3;0.974784110535406
18.26;6.87615493862419;8;0.975178879842092
17.61;6.28086944040407;15;0.975474956822107
17.1;5.27252869852102;20;0.97567234147545
16.65;4.10625506935508;18;0.975869726128794
16.21;3.43807746931209;11;0.97567234147545
15.91;3.35303668385208;4;0.97567234147545
15.67;3.52311825477211;2;0.975376264495435
15.37;3.60815904023213;3;0.975376264495435
15.44;3.76609192751502;5;0.975178879842092
15.67;3.76609192751502;9;0.975178879842092
15.93;4.36137742573513;12;0.975573649148779
16.03;4.85947345485808;13;0.975771033802122
17.3;6.53599179678412;14;0.976757957068838
18.53;6.94904704044706;13;0.976363187762151
19.96;7.37425096774714;11;0.976955341722181
21.29;7.70226542595006;7;0.976659264742166
22.43;8.04242856779013;3;0.976757957068838
23.2;8.29755092417018;2;0.976560572415495
23.53;8.46763249509021;1;0.976165803108808
23.49;8.46763249509021;0;0.976165803108808
23.09;8.54052459691308;0;0.975869726128794
22.29;8.54052459691308;1;0.976067110782137
21.15;8.3825917096302;2;0.976363187762151
19.58;7.78730621141008;2;0.976560572415495
18.3;6.79111415316417;5;0.977054034048853
17.63;5.95285498220115;7;0.977843572662226
17.11;5.02955502577812;9;0.97813964964224
16.75;4.36137742573513;10;0.978534418948927
16.24;3.85113271297503;8;0.978238341968912
16.1;3.76609192751502;7;0.97813964964224
15.74;3.681051142055;8;0.977744880335554
15.76;3.76609192751502;10;0.977646188008882
15.83;3.85113271297503;11;0.977646188008882
15.89;3.85113271297503;12;0.977843572662226
16.1;3.93617349843505;13;0.97813964964224
16.44;5.02955502577812;20;0.978435726622255
17.29;5.35756948398104;16;0.978633111275598
18.45;5.19963659669815;9;0.9793239575623
20.03;5.35756948398104;359;0.9793239575623
21.52;4.85947345485808;343;0.979916111522329
22.85;5.35756948398104;334;0.980212188502344
23.64;6.53599179678412;333;0.979916111522329
23.79;6.36591022586409;335;0.980212188502344
24.14;6.79111415316417;345;0.979916111522329
23.82;7.54433253866718;354;0.979817419195658
22.6;8.04242856779013;360;0.979620034542314
21.25;8.21251013871016;6;0.979916111522329
19.53;8.29755092417018;7;0.98060695780903
18.41;8.29755092417018;10;0.980903034789045
17.87;8.54052459691308;10;0.981593881075746
17.51;8.71060616783311;10;0.981889958055761
17.23;8.46763249509021;10;0.982284727362448
16.99;8.3825917096302;10;0.98179126572909
16.84;7.95738778233011;9;0.981495188749075
16.69;7.03408782590708;8;0.981396496422403
16.63;7.70226542595006;7;0.980903034789045
16.59;7.70226542595006;5;0.980903034789045
16.23;7.11912861136709;2;0.980804342462374
16.31;7.28921018228713;2;0.981297804095732
17.18;9.63390612425615;3;0.981692573402418
17.91;9.8890284806362;3;0.981988650382433
18.65;9.80398769517618;3;0.982186035035776
19.63;9.54886533879614;1;0.982383419689119
20.51;9.46382455333612;359;0.982580804342462
21.13;9.30589166605323;358;0.982482112015791
21.83;9.30589166605323;356;0.981988650382433
21.97;9.54886533879614;355;0.98179126572909
22.04;9.80398769517618;355;0.981495188749075
21.7;9.97406926609622;355;0.981396496422403
21.01;10.1320021533791;355;0.98119911176906
20.11;10.2170429388391;357;0.981396496422403
18.65;10.0591100515562;1;0.981495188749075
17.72;9.80398769517618;3;0.982186035035776
17.29;9.1358100951332;4;0.982975573649149
16.95;8.3825917096302;4;0.983172958302492
16.71;7.54433253866718;3;0.983469035282507
16.37;7.11912861136709;359;0.982876881322477
16.04;6.87615493862419;357;0.982383419689119
16.01;7.28921018228713;357;0.98179126572909
15.85;7.28921018228713;358;0.981593881075746
15.99;7.70226542595006;359;0.981297804095732
16.05;7.95738778233011;0;0.98119911176906
16.09;7.95738778233011;2;0.981297804095732
16.94;9.8890284806362;6;0.98179126572909
17.64;10.3020837242991;7;0.982087342709104
18.4;9.97406926609622;6;0.982186035035776
19.69;9.71894690971617;3;0.982087342709104
20.86;9.80398769517618;360;0.98179126572909
21.9;10.0591100515562;356;0.981495188749075
22.49;10.3871245097592;355;0.981001727115717
22.72;10.5572060806792;355;0.980508265482359
22.62;10.6422468661392;355;0.980310880829016
22.18;10.3871245097592;357;0.980113496175672
21.47;10.0591100515562;358;0.980310880829016
20.51;9.71894690971617;360;0.980310880829016
19.39;9.3787837678761;2;0.980804342462374
18.37;8.21251013871016;2;0.981001727115717
17.89;7.8723469968701;4;0.981297804095732
17.63;7.95738778233011;6;0.981297804095732
17.41;7.03408782590708;4;0.981100419442388
17.3;6.11078786948404;1;0.98060695780903
17.11;5.6977326258211;354;0.979916111522329
16.99;5.52765105490107;349;0.979027880582285
16.89;5.6977326258211;347;0.978435726622255
16.91;5.02955502577812;337;0.97813964964224
16.99;5.35756948398104;335;0.97813964964224
17.14;5.35756948398104;341;0.97813964964224
17.37;5.61269184036109;344;0.978435726622255
17.8;5.44261026944105;344;0.978929188255613
18.85;5.35756948398104;344;0.979027880582285
20.07;5.27252869852102;341;0.979126572908956
21.45;5.52765105490107;337;0.979225265235628
22.85;5.86781419674114;333;0.978929188255613
23.98;6.53599179678412;330;0.978435726622255
24.37;7.28921018228713;330;0.977646188008882
24.11;7.54433253866718;334;0.977350111028867
23.28;7.03408782590708;338;0.977152726375524
22.51;6.62103258224414;342;0.977251418702196
21.54;6.36591022586409;343;0.977152726375524
19.86;6.36591022586409;350;0.977350111028867
18.94;5.61269184036109;359;0.977646188008882
18.51;4.77443266939807;8;0.977942264988897
18.24;3.76609192751502;11;0.97813964964224
18.06;3.09791432747203;2;0.977942264988897
17.97;2.927832756552;355;0.977547495682211
17.82;2.76989986926911;350;0.97685664939551
17.71;2.51477751288906;342;0.976461880088823
17.66;2.59981829834908;339;0.976165803108808
17.62;2.51477751288906;332;0.975968418455465
17.63;2.42973672742904;314;0.976363187762151
17.73;2.34469594196903;303;0.976659264742166
18.01;1.59147755646602;312;0.976955341722181
18.72;1.59147755646602;301;0.977448803355539
19.86;1.50643677100601;286;0.977448803355539
21.82;1.93164069830609;290;0.977843572662226
24.14;3.18295511293205;292;0.977843572662226
26.09;4.44641821119515;295;0.977843572662226
27.04;5.11459581123813;302;0.977547495682211
27.78;4.51931031301802;317;0.977152726375524
28.67;4.36137742573513;339;0.976560572415495
28.57;6.03789576766117;332;0.976461880088823
25.96;7.95738778233011;323;0.977054034048853
23.45;7.20416939682711;331;0.977350111028867
21.95;4.77443266939807;359;0.977448803355539
20.83;4.44641821119515;25;0.977448803355539
20.01;4.60435109847803;19;0.97813964964224
19.44;3.76609192751502;33;0.978337034295583
19.09;2.927832756552;13;0.978435726622255
18.46;3.26799589839206;354;0.978337034295583
17.8;3.26799589839206;6;0.977942264988897
17.33;2.84279197109198;24;0.977547495682211
17.16;2.76989986926911;41;0.977152726375524
17.04;2.42973672742904;28;0.977152726375524
16.9;3.43807746931209;331;0.977942264988897
16.73;2.42973672742904;347;0.978040957315569
17.82;2.42973672742904;356;0.977547495682211
19.39;3.52311825477211;344;0.978040957315569
20.73;4.10625506935508;353;0.97873180360227
22.7;4.36137742573513;13;0.97873180360227
25.35;4.77443266939807;19;0.978435726622255
27.87;5.19963659669815;18;0.978040957315569
30.07;5.52765105490107;11;0.977350111028867
30.98;6.62103258224414;358;0.977054034048853
29.94;7.8723469968701;349;0.976955341722181
28.4;8.29755092417018;354;0.97685664939551
26.86;8.29755092417018;6;0.97685664939551
25.32;8.04242856779013;14;0.976955341722181
24.34;6.36591022586409;20;0.976955341722181
23.2;4.85947345485808;20;0.977152726375524
22.47;4.77443266939807;20;0.977547495682211
21.89;4.68939188393805;20;0.977942264988897
21.22;4.60435109847803;19;0.978040957315569
20.59;4.51931031301802;19;0.977448803355539
20.06;4.51931031301802;23;0.977054034048853
19.6;4.44641821119515;27;0.97626449543548
19.23;4.1912958548151;25;0.975869726128794
18.8;3.681051142055;23;0.975771033802122
18.37;3.18295511293205;17;0.975869726128794
17.82;2.84279197109198;17;0.976067110782137
18.65;2.59981829834908;45;0.976165803108808
21.76;3.26799589839206;35;0.976659264742166
24.37;4.10625506935508;11;0.97685664939551
26.15;5.78277341128112;356;0.977646188008882
27.12;6.70607336770416;355;0.977646188008882
28.19;7.20416939682711;355;0.977744880335554
28.57;8.04242856779013;355;0.977547495682211
28.47;9.22085088059321;360;0.977547495682211
27.85;10.3871245097592;6;0.977547495682211
26.95;10.8973692225193;14;0.977744880335554
26.31;10.9702613243421;22;0.977942264988897
25.63;10.3871245097592;28;0.977646188008882
24.24;8.46763249509021;13;0.976955341722181
22.3;7.03408782590708;10;0.977744880335554
21.43;6.19582865494406;17;0.978238341968912
21.29;5.61269184036109;30;0.978435726622255
21.34;4.9445142403181;40;0.978238341968912
21.52;4.27633664027511;44;0.977251418702196
21.53;3.681051142055;52;0.976461880088823
21.68;3.35303668385208;59;0.975376264495435
21.6;3.18295511293205;63;0.974586725882063
21.62;3.43807746931209;88;0.974093264248705
21.65;3.85113271297503;117;0.974093264248705
21.44;3.681051142055;129;0.974191956575376
22.05;2.0166814837661;158;0.974882802862078
24.82;1.33635520008597;308;0.975771033802122
27.46;2.42973672742904;354;0.976165803108808
29.94;3.01287354201201;24;0.976461880088823
32.63;3.35303668385208;33;0.976461880088823
35.26;3.52311825477211;32;0.975573649148779
36.27;4.44641821119515;6;0.975277572168764
34.5;6.94904704044706;352;0.975080187515421
33.28;7.78730621141008;356;0.974685418208734
32.34;7.54433253866718;358;0.974389341228719
31.04;7.03408782590708;358;0.974488033555391
28.48;6.11078786948404;3;0.974685418208734
26.38;4.68939188393805;358;0.975376264495435
24.21;4.1912958548151;347;0.975968418455465
22.96;2.76989986926911;13;0.976461880088823
22.68;1.84659991284607;46;0.976461880088823
22.54;1.09338152734307;350;0.976461880088823
21.5;2.68485908380909;303;0.976461880088823
20.8;2.0166814837661;292;0.976165803108808
20.19;1.33635520008597;292;0.975573649148779
19.7;1.09338152734307;320;0.975376264495435
19.35;1.00834074188305;345;0.974882802862078
19;1.00834074188305;360;0.974685418208734
18.67;0.923299956423036;359;0.974784110535406
19.17;1.42139598554599;353;0.97567234147545
20.87;2.51477751288906;8;0.975771033802122
22.4;3.18295511293205;16;0.976165803108808
24.32;3.681051142055;19;0.976165803108808
26.27;4.10625506935508;17;0.97626449543548
28.2;4.44641821119515;11;0.976165803108808
29.4;4.60435109847803;6;0.975869726128794
30.15;5.44261026944105;2;0.975573649148779
29.5;6.62103258224414;359;0.975178879842092
27.95;7.54433253866718;358;0.974882802862078
26.13;8.04242856779013;2;0.974882802862078
24.34;7.8723469968701;7;0.975080187515421
23.06;6.94904704044706;16;0.975080187515421
21.67;5.95285498220115;18;0.975771033802122
20.77;5.19963659669815;15;0.976461880088823
20.02;4.85947345485808;12;0.97685664939551
19.31;4.60435109847803;14;0.977251418702196
18.71;4.36137742573513;15;0.977251418702196
18.18;4.36137742573513;15;0.976659264742166
17.67;4.27633664027511;15;0.976461880088823
17.27;4.27633664027511;14;0.97626449543548
16.86;4.27633664027511;15;0.976165803108808
16.66;4.02121428389506;17;0.976560572415495
16.42;3.76609192751502;17;0.976955341722181
16.94;3.60815904023213;15;0.977843572662226
18.77;4.85947345485808;16;0.978534418948927
20.6;5.44261026944105;13;0.978534418948927
22.31;6.45095101132411;8;0.97873180360227
23.57;7.37425096774714;5;0.97873180360227
24.47;8.04242856779013;3;0.978830495928942
25.04;8.71060616783311;1;0.978633111275598
25.11;9.30589166605323;1;0.978435726622255
24.82;9.46382455333612;2;0.97813964964224
24.29;9.3787837678761;4;0.977942264988897
23.25;9.3787837678761;5;0.977942264988897
21.81;9.1358100951332;6;0.977942264988897
19.98;7.70226542595006;5;0.978435726622255
18.67;6.70607336770416;7;0.978929188255613
18.05;6.45095101132411;9;0.979620034542314
17.68;6.11078786948404;11;0.979916111522329
17.51;6.11078786948404;11;0.980409573155687
17.58;6.45095101132411;11;0.980310880829016
17.72;6.70607336770416;11;0.979718726868986
17.66;6.36591022586409;10;0.979422649888971
17.65;6.45095101132411;9;0.979126572908956
17.7;6.62103258224414;8;0.979027880582285
17.68;6.79111415316417;7;0.979126572908956
17.7;7.28921018228713;6;0.979521342215643
17.85;8.3825917096302;6;0.980409573155687
18.37;8.29755092417018;7;0.980804342462374
19.13;7.95738778233011;6;0.98119911176906
20.21;7.78730621141008;2;0.981495188749075
21.55;7.78730621141008;1;0.981593881075746
22.76;7.78730621141008;360;0.981297804095732
23.65;8.04242856779013;356;0.980903034789045
24.14;8.46763249509021;355;0.98060695780903
24.18;8.71060616783311;356;0.980409573155687
23.79;8.88068773875315;358;0.979916111522329
23;8.96572852421317;358;0.979718726868986
21.86;9.05076930967318;358;0.979718726868986
20.45;9.22085088059321;2;0.980310880829016
19.51;8.96572852421317;5;0.980804342462374
19.32;9.22085088059321;10;0.981001727115717
19.07;8.6255653823731;12;0.981495188749075
18.93;8.12746935325015;12;0.981495188749075
18.77;7.62937332412719;12;0.981100419442388
18.58;7.45929175320716;11;0.980508265482359
18.49;6.70607336770416;6;0.980113496175672
18.46;7.03408782590708;2;0.979817419195658
18.45;7.20416939682711;356;0.979718726868986
18.44;8.04242856779013;353;0.979916111522329
18.29;7.70226542595006;354;0.980409573155687
18.53;8.71060616783311;0;0.981001727115717
19.18;8.96572852421317;3;0.981593881075746
19.69;8.71060616783311;4;0.981495188749075
20.5;8.71060616783311;4;0.98179126572909
21.15;8.79564695329313;6;0.981692573402418
22.38;9.05076930967318;6;0.981495188749075
23.4;9.3787837678761;4;0.980903034789045
23.91;9.3787837678761;3;0.980409573155687
24.14;9.1358100951332;3;0.979718726868986
23.86;9.05076930967318;1;0.979422649888971
23.12;8.88068773875315;2;0.978929188255613
22.03;8.3825917096302;6;0.978830495928942
20.2;8.21251013871016;3;0.979126572908956
18.91;7.95738778233011;3;0.979916111522329
18.3;7.37425096774714;8;0.980212188502344
18.11;6.87615493862419;11;0.980508265482359
17.81;5.6977326258211;9;0.98060695780903
17.73;5.61269184036109;8;0.980113496175672
17.39;5.19963659669815;7;0.979521342215643
17.28;5.02955502577812;8;0.978929188255613
17.24;5.02955502577812;4;0.978534418948927
17.31;5.44261026944105;359;0.97873180360227
17.4;5.44261026944105;2;0.978830495928942
17.36;5.02955502577812;16;0.978633111275598
17.38;5.35756948398104;16;0.978830495928942
18.27;5.61269184036109;8;0.979225265235628
19.48;5.86781419674114;3;0.9793239575623
20.92;6.28086944040407;5;0.9793239575623
22.16;6.70607336770416;10;0.978929188255613
23.41;7.20416939682711;3;0.978633111275598
24.1;7.78730621141008;356;0.978435726622255
24.39;7.78730621141008;356;0.978238341968912
24.51;7.62937332412719;359;0.977942264988897
24.16;7.70226542595006;357;0.977646188008882
23.15;7.95738778233011;353;0.977646188008882
21.9;7.62937332412719;354;0.977843572662226
20.39;7.20416939682711;357;0.97813964964224
19.51;6.36591022586409;357;0.978633111275598
19.05;5.6977326258211;358;0.979422649888971
18.74;5.35756948398104;3;0.979620034542314
18.49;5.19963659669815;7;0.979817419195658
18.15;4.9445142403181;8;0.979225265235628
17.84;4.68939188393805;8;0.978830495928942
17.43;4.68939188393805;6;0.97813964964224
17.21;4.44641821119515;5;0.977744880335554
17.03;4.36137742573513;2;0.977547495682211
16.92;4.51931031301802;1;0.977547495682211
16.91;4.51931031301802;1;0.977843572662226
17.73;6.45095101132411;359;0.978238341968912
18.78;6.70607336770416;0;0.978633111275598
19.75;7.11912861136709;3;0.978337034295583
20.99;6.45095101132411;0;0.97873180360227
22.47;7.03408782590708;356;0.97873180360227
23.54;7.8723469968701;352;0.978435726622255
24.2;8.29755092417018;348;0.978238341968912
24.6;8.6255653823731;345;0.977744880335554
24.56;8.88068773875315;344;0.977350111028867
24.18;8.96572852421317;345;0.977152726375524
23.45;8.79564695329313;346;0.977054034048853
22.38;8.3825917096302;347;0.977251418702196
21.04;8.46763249509021;350;0.977547495682211
19.98;8.04242856779013;352;0.978238341968912
19.32;7.45929175320716;354;0.978633111275598
19.06;7.20416939682711;356;0.9793239575623
18.79;6.45095101132411;356;0.979620034542314
18.44;5.6977326258211;354;0.979027880582285
17.84;5.27252869852102;350;0.978534418948927
17.69;5.19963659669815;352;0.977843572662226
17.49;4.9445142403181;353;0.977350111028867
17.44;5.11459581123813;351;0.977054034048853
17.27;5.02955502577812;349;0.977251418702196
17.24;4.9445142403181;349;0.977350111028867
18.39;6.79111415316417;346;0.977942264988897
19.59;7.8723469968701;349;0.978435726622255
20.88;8.6255653823731;350;0.97873180360227
21.5;9.05076930967318;350;0.97873180360227
22.32;9.1358100951332;352;0.978830495928942
23.32;9.1358100951332;352;0.978534418948927
23.89;9.30589166605323;350;0.978435726622255
24.12;9.3787837678761;350;0.977744880335554
24.22;9.54886533879614;350;0.977547495682211
23.82;9.71894690971617;350;0.977350111028867
23.05;9.71894690971617;350;0.977350111028867
22.03;9.63390612425615;351;0.977448803355539
20.93;10.0591100515562;354;0.977843572662226
20.05;9.30589166605323;355;0.978534418948927
19.48;9.05076930967318;354;0.978534418948927
19.12;8.54052459691308;352;0.979225265235628
18.81;7.78730621141008;350;0.979422649888971
18.43;6.79111415316417;347;0.979027880582285
18.12;6.28086944040407;344;0.978435726622255
17.88;5.86781419674114;341;0.977744880335554
17.78;5.61269184036109;340;0.977251418702196
17.53;4.9445142403181;339;0.976955341722181
17.51;5.11459581123813;338;0.977054034048853
17.75;5.78277341128112;338;0.977350111028867
18.37;8.96572852421317;349;0.977942264988897
19.18;10.5572060806792;354;0.978040957315569
20.37;11.4805060371022;356;0.97813964964224
21.02;12.2337244226052;356;0.978238341968912
21.51;11.7356283934823;356;0.978337034295583
22.13;11.7356283934823;355;0.978435726622255
22.26;11.8935612807652;354;0.978238341968912
22.23;11.8085204953051;353;0.97813964964224
22.18;11.7356283934823;354;0.977942264988897
21.77;11.4805060371022;355;0.978040957315569
21.12;11.3104244661822;356;0.977744880335554
20.24;11.1403428952622;357;0.977744880335554
19.58;11.0553021098021;359;0.977843572662226
18.62;10.0591100515562;357;0.978238341968912
18.1;9.46382455333612;355;0.978830495928942
17.78;8.88068773875315;353;0.9793239575623
17.4;8.71060616783311;351;0.979225265235628
16.98;8.6255653823731;350;0.978830495928942
16.84;8.96572852421317;351;0.978337034295583
16.64;8.96572852421317;351;0.978040957315569
16.59;8.96572852421317;351;0.977547495682211
16.56;8.96572852421317;351;0.977350111028867
16.59;9.1358100951332;352;0.977646188008882
16.7;9.22085088059321;353;0.978040957315569
17.42;10.2170429388391;354;0.978534418948927
18.31;12.1486836371452;356;0.978830495928942
19.2;12.4038059935253;357;0.978929188255613
20.29;12.8168612371882;356;0.979225265235628
21.09;12.9019020226482;355;0.979225265235628
21.84;12.7318204517282;354;0.9793239575623
22.3;12.8168612371882;352;0.979126572908956
22.5;12.5617388808081;352;0.97873180360227
22.33;12.4038059935253;350;0.978435726622255
22.05;12.5617388808081;350;0.978238341968912
21.38;12.3187652080652;350;0.978337034295583
20.52;11.9786020662252;350;0.978633111275598
19.37;11.3954652516422;352;0.979225265235628
18.44;10.3871245097592;354;0.979521342215643
17.99;9.3787837678761;356;0.979916111522329
17.6;8.54052459691308;356;0.980113496175672
17.34;8.21251013871016;354;0.979817419195658
17.1;8.3825917096302;352;0.979620034542314
17.17;9.1358100951332;353;0.979126572908956
17.04;9.46382455333612;352;0.978534418948927
16.99;9.46382455333612;351;0.978238341968912
16.87;9.80398769517618;353;0.978040957315569
16.98;9.71894690971617;354;0.977942264988897
17.1;9.3787837678761;354;0.97813964964224
17.15;10.0591100515562;352;0.978534418948927
18.14;10.9702613243421;353;0.978929188255613
18.87;10.8123284370592;354;0.979027880582285
19.52;10.7272876515992;353;0.979027880582285
20.52;10.7272876515992;353;0.979027880582285
21.38;10.7272876515992;352;0.979027880582285
21.99;10.8973692225193;352;0.97873180360227
22.46;10.9702613243421;352;0.978337034295583
22.43;10.8973692225193;352;0.977942264988897
22.09;10.7272876515992;352;0.977646188008882
21.55;10.4721652952192;353;0.977448803355539
20.75;9.97406926609622;354;0.977547495682211
19.7;9.8890284806362;356;0.977942264988897
18.94;8.79564695329313;355;0.978238341968912
18.59;7.54433253866718;352;0.978534418948927
18.37;7.28921018228713;348;0.978633111275598
18.17;6.94904704044706;344;0.978633111275598
18.25;7.95738778233011;344;0.978435726622255
17.95;6.94904704044706;340;0.978040957315569
17.83;6.87615493862419;341;0.977251418702196
17.67;7.11912861136709;342;0.976757957068838
17.67;7.20416939682711;342;0.976560572415495
17.71;7.20416939682711;344;0.976363187762151
17.64;6.62103258224414;344;0.97685664939551
18.24;7.20416939682711;346;0.977547495682211
19.53;9.22085088059321;352;0.977843572662226
20.57;9.1358100951332;353;0.978337034295583
21.48;8.88068773875315;352;0.978534418948927
22.33;8.88068773875315;351;0.97873180360227
23.32;9.05076930967318;350;0.978830495928942
24.05;9.3787837678761;350;0.978534418948927
24.37;9.71894690971617;350;0.978238341968912
24.44;10.0591100515562;350;0.978040957315569
23.93;10.1320021533791;352;0.977942264988897
23.09;9.8890284806362;354;0.977843572662226
22.1;9.63390612425615;357;0.977744880335554
20.89;9.46382455333612;358;0.97813964964224
19.98;9.3787837678761;0;0.978929188255613
19.43;9.1358100951332;3;0.979225265235628
18.92;8.29755092417018;3;0.979422649888971
18.65;7.70226542595006;2;0.979422649888971
18.18;6.45095101132411;358;0.979027880582285
17.61;5.86781419674114;354;0.978633111275598
17.1;5.27252869852102;347;0.978337034295583
16.96;5.61269184036109;344;0.978238341968912
16.79;5.95285498220115;341;0.977942264988897
17.05;6.62103258224414;342;0.978040957315569
17.19;6.79111415316417;343;0.978337034295583
17.79;8.46763249509021;349;0.978633111275598
18.63;9.22085088059321;349;0.979027880582285
19.41;9.54886533879614;348;0.979422649888971
20.52;10.0591100515562;349;0.9793239575623
21.52;10.4721652952192;350;0.979422649888971
22.55;10.8973692225193;351;0.979521342215643
23.21;11.2253836807222;352;0.979126572908956
23.57;11.5655468225622;353;0.979027880582285
23.55;11.6505876080223;354;0.97873180360227
23.19;11.4805060371022;355;0.978633111275598
22.47;11.2253836807222;356;0.978435726622255
21.5;10.8123284370592;356;0.978238341968912
20.4;10.0591100515562;355;0.978238341968912
19.32;8.88068773875315;354;0.978830495928942
18.73;7.95738778233011;354;0.979027880582285
18.43;7.62937332412719;353;0.979225265235628
18.14;7.8723469968701;351;0.9793239575623
18;7.62937332412719;347;0.978830495928942
17.68;7.95738778233011;346;0.97813964964224
17.38;7.62937332412719;345;0.977350111028867
17.26;7.78730621141008;345;0.977054034048853
17.17;7.95738778233011;346;0.976659264742166
17.3;8.46763249509021;347;0.976757957068838
17.28;8.46763249509021;347;0.97685664939551
17.9;10.5572060806792;352;0.977152726375524
18.66;11.1403428952622;353;0.977251418702196
19.39;11.0553021098021;353;0.977547495682211
20.46;11.0553021098021;351;0.977646188008882
21.59;11.1403428952622;350;0.977744880335554
22.36;11.2253836807222;349;0.977744880335554
23.07;11.3954652516422;348;0.977448803355539
23.34;11.5655468225622;348;0.977054034048853
23.36;11.6505876080223;348;0.976659264742166
22.96;11.6505876080223;350;0.976659264742166
22.24;11.3104244661822;351;0.976461880088823
21.21;10.7272876515992;352;0.976461880088823
20.09;9.80398769517618;354;0.976461880088823
19.18;8.96572852421317;355;0.976955341722181
18.69;7.8723469968701;353;0.977350111028867
18.5;7.62937332412719;354;0.977744880335554
18.26;6.79111415316417;349;0.977843572662226
18.03;5.95285498220115;341;0.977448803355539
18.05;6.36591022586409;337;0.977152726375524
17.72;6.45095101132411;332;0.976659264742166
17.71;6.45095101132411;331;0.976363187762151
17.8;7.28921018228713;334;0.975968418455465
17.86;7.03408782590708;336;0.976067110782137
17.85;6.70607336770416;337;0.97626449543548
18.26;8.29755092417018;342;0.976659264742166
18.99;8.46763249509021;345;0.977251418702196
19.44;8.3825917096302;348;0.977350111028867
20.18;8.3825917096302;349;0.977251418702196
20.92;8.12746935325015;349;0.977547495682211
21.95;7.8723469968701;347;0.977646188008882
22.9;7.8723469968701;344;0.977448803355539
23.46;7.95738778233011;343;0.977152726375524
23.62;8.21251013871016;343;0.97685664939551
23.3;8.3825917096302;344;0.976659264742166
22.64;8.29755092417018;346;0.97685664939551
21.62;7.95738778233011;347;0.977054034048853
20.46;7.45929175320716;347;0.977646188008882
19.63;7.03408782590708;349;0.978337034295583
19.1;6.36591022586409;351;0.979027880582285
18.81;5.86781419674114;353;0.979422649888971
18.42;5.11459581123813;353;0.979620034542314
17.92;4.36137742573513;350;0.9793239575623
17.73;4.1912958548151;350;0.978830495928942
17.59;4.36137742573513;352;0.978238341968912
17.64;4.60435109847803;355;0.977843572662226
17.66;4.44641821119515;358;0.977448803355539
17.71;4.36137742573513;1;0.977547495682211
17.77;4.68939188393805;5;0.977547495682211
18.28;5.35756948398104;11;0.978435726622255
18.96;4.9445142403181;5;0.978929188255613
19.82;4.85947345485808;355;0.979422649888971
20.98;5.27252869852102;350;0.979521342215643
22.34;5.78277341128112;348;0.979718726868986
23.66;6.45095101132411;346;0.979620034542314
24.54;7.11912861136709;347;0.979225265235628
25.03;7.70226542595006;349;0.978633111275598
25.14;8.21251013871016;352;0.978238341968912
24.6;8.46763249509021;355;0.977942264988897
23.68;8.6255653823731;360;0.977744880335554
22.38;8.54052459691308;4;0.977448803355539
20.65;8.3825917096302;5;0.977942264988897
19.43;7.78730621141008;9;0.978337034295583
18.9;7.45929175320716;13;0.979027880582285
18.64;6.79111415316417;15;0.979620034542314
18.29;5.61269184036109;16;0.979718726868986
18.12;5.27252869852102;16;0.9793239575623
17.71;4.44641821119515;16;0.978929188255613
17.63;4.02121428389506;14;0.978238341968912
17.65;4.1912958548151;11;0.977843572662226
17.46;3.76609192751502;4;0.977646188008882
17.53;4.36137742573513;6;0.977744880335554
17.45;4.1912958548151;6;0.978040957315569
17.32;4.85947345485808;15;0.97873180360227
17.96;4.68939188393805;15;0.979225265235628
19.06;4.9445142403181;14;0.979027880582285
20.75;5.52765105490107;10;0.979027880582285
22.65;6.19582865494406;8;0.97873180360227
24.43;7.03408782590708;4;0.978534418948927
25.45;7.8723469968701;2;0.97813964964224
25.79;8.46763249509021;1;0.977646188008882
25.59;8.96572852421317;1;0.977152726375524
24.97;9.1358100951332;3;0.976659264742166
23.94;9.30589166605323;5;0.976461880088823
22.44;9.22085088059321;7;0.976461880088823
20.23;8.79564695329313;6;0.97685664939551
19.08;8.21251013871016;11;0.977251418702196
18.7;7.62937332412719;15;0.977942264988897
18.55;7.11912861136709;15;0.978435726622255
18.57;6.62103258224414;14;0.978830495928942
18.42;5.78277341128112;11;0.978435726622255
18.42;5.95285498220115;8;0.977942264988897
18.25;5.52765105490107;6;0.977448803355539
18.21;5.6977326258211;4;0.977152726375524
18.17;5.44261026944105;360;0.976955341722181
18.05;5.11459581123813;355;0.977251418702196
18.05;5.11459581123813;353;0.977646188008882
18.39;6.45095101132411;358;0.978238341968912
18.97;6.94904704044706;0;0.978435726622255
19.9;7.11912861136709;4;0.978534418948927
21;7.45929175320716;5;0.978534418948927
22.58;8.04242856779013;5;0.978534418948927
23.87;8.88068773875315;4;0.978435726622255
24.81;9.63390612425615;3;0.978040957315569
25.24;10.2170429388391;4;0.977646188008882
25.1;10.5572060806792;4;0.977251418702196
24.54;10.5572060806792;3;0.977350111028867
23.6;10.3871245097592;3;0.977448803355539
22.29;9.97406926609622;3;0.977744880335554
20.52;9.46382455333612;1;0.978337034295583
19.19;7.95738778233011;4;0.978830495928942
18.47;7.11912861136709;8;0.979225265235628
18.07;6.70607336770416;10;0.979422649888971
17.75;6.28086944040407;12;0.979225265235628
17.53;5.95285498220115;11;0.978830495928942
17.13;5.6977326258211;7;0.978435726622255
17.14;6.53599179678412;3;0.978040957315569
17.3;7.11912861136709;360;0.977942264988897
17.3;6.94904704044706;357;0.977744880335554
17.44;7.20416939682711;355;0.977843572662226
17.49;7.37425096774714;354;0.978238341968912
17.66;8.04242856779013;356;0.978830495928942
18.28;8.29755092417018;355;0.979521342215643
19.11;8.71060616783311;354;0.979521342215643
20.46;9.22085088059321;354;0.979521342215643
21.65;9.71894690971617;353;0.979620034542314
22.78;10.3871245097592;353;0.979521342215643
23.49;10.9702613243421;353;0.979422649888971
23.83;11.3954652516422;355;0.979027880582285
23.72;11.5655468225622;357;0.978633111275598
23.37;11.4805060371022;358;0.978435726622255
22.64;11.0553021098021;359;0.97813964964224
21.54;10.5572060806792;359;0.97813964964224
20.04;9.97406926609622;3;0.978238341968912
18.9;8.6255653823731;3;0.978435726622255
18.34;7.70226542595006;2;0.978633111275598
18.07;7.45929175320716;358;0.97873180360227
17.96;7.28921018228713;355;0.978929188255613
17.84;7.11912861136709;350;0.97873180360227
17.79;7.03408782590708;347;0.97813964964224
17.56;6.70607336770416;341;0.977646188008882
17.43;6.62103258224414;339;0.977251418702196
17.28;6.70607336770416;338;0.97685664939551
17.23;6.87615493862419;339;0.976955341722181
17.3;7.20416939682711;342;0.977152726375524
17.6;8.54052459691308;352;0.977350111028867
18.58;9.97406926609622;356;0.978040957315569
19.72;10.5572060806792;358;0.978040957315569
20.84;10.9702613243421;357;0.97813964964224
22.07;11.4805060371022;356;0.977942264988897
22.93;11.8085204953051;356;0.977942264988897
23.46;12.0636428516852;356;0.977744880335554
23.72;12.2337244226052;356;0.977547495682211
23.57;12.4038059935253;357;0.977350111028867
23.03;12.4038059935253;358;0.976955341722181
22.23;12.0636428516852;359;0.976560572415495
21.22;11.3954652516422;0;0.976560572415495
19.87;10.4721652952192;3;0.976757957068838
18.81;9.1358100951332;4;0.977054034048853
18.26;7.70226542595006;3;0.977547495682211
17.97;7.11912861136709;0;0.977448803355539
17.81;7.28921018228713;358;0.978040957315569
17.82;7.28921018228713;355;0.977744880335554
17.8;7.70226542595006;354;0.977547495682211
17.74;7.28921018228713;350;0.977054034048853
17.67;6.87615493862419;346;0.97685664939551
17.6;7.20416939682711;346;0.976659264742166
17.56;7.62937332412719;348;0.976659264742166
17.53;7.37425096774714;350;0.97685664939551
18.01;8.71060616783311;357;0.977448803355539
18.34;8.88068773875315;359;0.977547495682211
18.84;8.88068773875315;0;0.977744880335554
19.61;8.96572852421317;360;0.977843572662226
20.78;9.22085088059321;359;0.977744880335554
21.67;9.46382455333612;357;0.977547495682211
22.61;9.63390612425615;357;0.977448803355539
23.01;9.71894690971617;357;0.977054034048853
22.96;9.63390612425615;357;0.977054034048853
20.88;8.67416011692168;358;0.977251418702196
20.64;8.43118644417878;359;0.977251418702196
20.41;8.18821277143587;359;0.977350111028867
20.18;7.93309041505582;359;0.977744880335554
19.94;7.69011674231292;3;0.97813964964224
19.71;7.44714306957001;7;0.978830495928942
19.48;7.19202071318996;9;0.979126572908956
19.24;6.94904704044706;10;0.979225265235628
19.01;6.69392468406701;331;0.97873180360227
18.77;6.45095101132411;328;0.978040957315569
18.54;6.2079773385812;324;0.977350111028867
18.31;5.95285498220115;325;0.977152726375524
18.07;5.70988130945825;330;0.977054034048853
17.84;5.46690763671534;334;0.976955341722181
17.61;5.2117852803353;338;0.97685664939551
17.37;4.96881160759239;341;0.97685664939551
20.01;8.29755092417018;348;0.977054034048853
20.81;8.04242856779013;348;0.977054034048853
21.89;8.12746935325015;346;0.977152726375524
22.98;8.21251013871016;344;0.977152726375524
23.96;8.46763249509021;341;0.977054034048853
24.52;8.88068773875315;340;0.976955341722181
24.47;9.1358100951332;340;0.976461880088823
24.15;9.22085088059321;340;0.976461880088823
23.5;9.1358100951332;341;0.976461880088823
22.55;8.88068773875315;343;0.976363187762151
21.6;8.6255653823731;346;0.976461880088823
20.37;8.54052459691308;351;0.975968418455465
19.78;8.3825917096302;355;0.97626449543548
19.58;8.3825917096302;357;0.976461880088823
19.52;8.29755092417018;357;0.97685664939551
19.39;8.12746935325015;354;0.977054034048853
19.3;7.62937332412719;348;0.976659264742166
19.2;8.04242856779013;345;0.975968418455465
18.97;7.8723469968701;342;0.975277572168764
18.79;7.8723469968701;339;0.974882802862078
18.6;7.45929175320716;336;0.974882802862078
18.39;7.70226542595006;335;0.974882802862078
18.4;7.54433253866718;335;0.975178879842092
18.83;8.71060616783311;340;0.975277572168764
19.26;8.71060616783311;343;0.975771033802122
19.76;8.88068773875315;343;0.976067110782137
20.64;9.30589166605323;342;0.976461880088823
21.54;9.63390612425615;343;0.976165803108808
22.01;9.80398769517618;344;0.976363187762151
22.49;9.80398769517618;345;0.975968418455465
22.77;9.71894690971617;346;0.97567234147545
23.24;9.71894690971617;346;0.975376264495435
23.01;9.8890284806362;345;0.975376264495435
22.47;9.80398769517618;345;0.975277572168764
21.71;9.54886533879614;346;0.975376264495435
20.54;9.8890284806362;350;0.974981495188749
20.03;9.63390612425615;350;0.975277572168764
19.64;9.22085088059321;350;0.975376264495435
19.32;9.1358100951332;349;0.975869726128794
19.09;8.88068773875315;347;0.975771033802122
18.95;8.46763249509021;343;0.975573649148779
18.84;8.29755092417018;336;0.974685418208734
18.72;7.45929175320716;329;0.974191956575376
18.68;8.12746935325015;329;0.973994571922033
18.62;8.21251013871016;331;0.973994571922033
18.63;8.71060616783311;334;0.973994571922033
18.6;7.62937332412719;333;0.974290648902048
19.05;9.71894690971617;341;0.974389341228719
19.86;9.97406926609622;341;0.974389341228719
20.58;10.4721652952192;340;0.974784110535406
21.28;10.8973692225193;341;0.975080187515421
22.04;10.8123284370592;343;0.975376264495435
22.55;10.7272876515992;343;0.975277572168764
23.22;10.7272876515992;343;0.975178879842092
23.32;10.8973692225193;342;0.975080187515421
23.1;10.8123284370592;342;0.974981495188749
22.92;10.6422468661392;342;0.974882802862078
22.6;10.1320021533791;342;0.974784110535406
21.88;9.63390612425615;340;0.974685418208734
21.17;9.30589166605323;337;0.974685418208734
20.39;8.3825917096302;336;0.975277572168764
19.75;9.05076930967318;338;0.975771033802122
19.5;8.46763249509021;337;0.976067110782137
19.25;8.46763249509021;335;0.97626449543548
19.18;8.21251013871016;334;0.975771033802122
19.09;7.8723469968701;332;0.975178879842092
18.93;8.12746935325015;330;0.974685418208734
18.91;8.29755092417018;332;0.974586725882063
18.75;8.6255653823731;334;0.974586725882063
18.92;8.46763249509021;334;0.975080187515421
18.93;7.78730621141008;331;0.975376264495435
18.82;8.12746935325015;330;0.975771033802122
19.34;8.79564695329313;334;0.97626449543548
20.13;8.71060616783311;337;0.976757957068838
20.42;8.29755092417018;340;0.97685664939551
21.41;7.45929175320716;341;0.977251418702196
22.1;7.03408782590708;339;0.977152726375524
22.55;6.94904704044706;338;0.977054034048853
22.81;6.70607336770416;336;0.97685664939551
23.05;6.03789576766117;334;0.976659264742166
23.32;5.86781419674114;329;0.976560572415495
23.14;6.11078786948404;326;0.976560572415495
22.46;5.86781419674114;326;0.976560572415495
21.23;5.27252869852102;335;0.976461880088823
20.35;4.85947345485808;335;0.976955341722181
19.83;4.36137742573513;336;0.977744880335554
19.6;4.02121428389506;339;0.978238341968912
19.37;3.76609192751502;339;0.978337034295583
19.22;3.681051142055;338;0.978337034295583
19.25;3.85113271297503;339;0.977744880335554
19.14;3.85113271297503;340;0.977152726375524
19.01;3.76609192751502;341;0.976955341722181
18.91;3.681051142055;343;0.977054034048853
18.89;3.43807746931209;347;0.977152726375524
18.87;2.84279197109198;351;0.977646188008882
19.15;2.25965515650901;7;0.978435726622255
19.49;1.76155912738606;15;0.978830495928942
20.04;1.33635520008597;8;0.979027880582285
21.01;1.33635520008597;332;0.979225265235628
22.46;2.17461437104899;310;0.979225265235628
23.95;3.18295511293205;305;0.978929188255613
25.1;4.27633664027511;305;0.97873180360227
25.64;4.9445142403181;306;0.978337034295583
25.84;5.27252869852102;307;0.978040957315569
25.62;5.52765105490107;308;0.978040957315569
24.94;5.61269184036109;312;0.977942264988897
23.87;5.52765105490107;317;0.977942264988897
22.59;5.19963659669815;329;0.978040957315569
21.3;4.02121428389506;338;0.978337034295583
20.58;3.26799589839206;347;0.978633111275598
20.19;2.68485908380909;357;0.978929188255613
19.86;2.51477751288906;358;0.979126572908956
19.58;2.25965515650901;0;0.97873180360227
19.37;1.76155912738606;5;0.978238341968912
19.28;1.33635520008597;358;0.977744880335554
19.05;1.00834074188305;339;0.977251418702196
18.9;0.923299956423036;317;0.97685664939551
18.75;0.838259170963019;292;0.976757957068838
18.6;1.00834074188305;283;0.97685664939551
18.54;1.76155912738606;328;0.977350111028867
18.95;1.84659991284607;328;0.977744880335554
19.65;2.17461437104899;325;0.978040957315569
20.68;2.51477751288906;323;0.97813964964224
22.22;3.18295511293205;321;0.977646188008882
23.99;4.36137742573513;321;0.977350111028867
25.26;5.35756948398104;322;0.976757957068838
25.99;5.6977326258211;325;0.976363187762151
26.26;5.6977326258211;333;0.975869726128794
26.09;5.52765105490107;339;0.97567234147545
25.48;5.27252869852102;345;0.975474956822107
24.57;5.02955502577812;350;0.97567234147545
22.95;4.60435109847803;350;0.975869726128794
21.61;4.68939188393805;349;0.975869726128794
20.59;4.27633664027511;357;0.97626449543548
19.89;3.681051142055;10;0.976560572415495
19.34;3.01287354201201;18;0.976659264742166
18.82;2.51477751288906;20;0.976067110782137
18.2;2.0166814837661;22;0.975573649148779
17.59;1.84659991284607;17;0.974784110535406
17.21;2.0166814837661;7;0.974290648902048
17.21;2.34469594196903;9;0.974093264248705
17.47;2.76989986926911;15;0.974093264248705
17.56;3.01287354201201;20;0.974290648902048
17.87;3.52311825477211;29;0.974981495188749
18.82;3.60815904023213;23;0.975277572168764
20.41;3.93617349843505;14;0.975474956822107
22.21;4.68939188393805;5;0.975277572168764
23.99;5.52765105490107;4;0.975178879842092
25.44;6.11078786948404;7;0.974784110535406
26.58;6.62103258224414;1;0.974389341228719
27.02;7.37425096774714;359;0.973994571922033
26.79;7.95738778233011;1;0.97379718726869
25.91;8.46763249509021;3;0.973895879595362
24.63;8.3825917096302;6;0.973994571922033
23.31;7.8723469968701;9;0.974093264248705
21.09;7.62937332412719;12;0.974685418208734
19.71;7.20416939682711;14;0.974882802862078
19.02;6.53599179678412;18;0.975474956822107
18.63;5.6977326258211;22;0.975573649148779
18.34;4.85947345485808;22;0.975573649148779
18.08;4.44641821119515;21;0.975080187515421
17.73;4.36137742573513;19;0.974685418208734
17.41;4.27633664027511;15;0.974093264248705
17.3;4.1912958548151;15;0.973994571922033
17.37;4.10625506935508;15;0.973994571922033
17.46;4.10625506935508;13;0.974093264248705
17.62;4.60435109847803;15;0.974290648902048
18.09;5.44261026944105;18;0.975474956822107
19;5.44261026944105;21;0.975869726128794
20.53;5.35756948398104;17;0.976461880088823
22.34;5.78277341128112;7;0.976461880088823
24.07;6.45095101132411;359;0.976659264742166
25.33;7.03408782590708;357;0.976955341722181
26.03;7.54433253866718;357;0.977054034048853
26.47;8.04242856779013;359;0.976757957068838
26.52;8.6255653823731;3;0.976659264742166
26.03;9.05076930967318;8;0.976560572415495
25.21;8.88068773875315;13;0.976560572415495
24.01;8.29755092417018;17;0.976560572415495
21.89;7.45929175320716;11;0.976757957068838
20.43;6.45095101132411;16;0.976955341722181
19.7;5.52765105490107;15;0.977646188008882
19.28;5.19963659669815;13;0.977942264988897
18.89;4.60435109847803;9;0.978040957315569
18.56;4.1912958548151;5;0.977843572662226
18.31;4.44641821119515;6;0.977054034048853
18.17;4.51931031301802;15;0.97626449543548
18.11;4.36137742573513;23;0.976067110782137
18.12;3.76609192751502;25;0.975869726128794
18.1;3.18295511293205;21;0.975968418455465
18.1;2.84279197109198;18;0.97626449543548
19;3.43807746931209;38;0.97626449543548
20.42;3.43807746931209;37;0.976757957068838
22.68;3.681051142055;27;0.97685664939551
25.14;4.02121428389506;20;0.977350111028867
27.41;4.1912958548151;15;0.977251418702196
29.76;4.60435109847803;4;0.977054034048853
31.14;5.6977326258211;353;0.976461880088823
30.96;6.94904704044706;351;0.976165803108808
30.08;7.70226542595006;354;0.975968418455465
28.89;7.8723469968701;360;0.97567234147545
27.44;7.78730621141008;5;0.975376264495435
25.79;7.28921018228713;10;0.975376264495435
23.44;7.03408782590708;16;0.975376264495435
22.11;5.6977326258211;22;0.975771033802122
21.56;4.77443266939807;22;0.975968418455465
21.15;4.60435109847803;22;0.976461880088823
20.81;3.85113271297503;24;0.976461880088823
20.48;3.35303668385208;21;0.975968418455465
19.91;3.09791432747203;17;0.975277572168764
19.46;2.68485908380909;20;0.974488033555391
18.91;2.08957358558898;23;0.974191956575376
18.43;1.67651834192604;25;0.974093264248705
18.21;1.59147755646602;26;0.973895879595362
18.18;1.50643677100601;26;0.974290648902048
18.92;1.42139598554599;4;0.974685418208734
21.96;1.76155912738606;2;0.975080187515421
25.11;1.84659991284607;16;0.975376264495435
28.69;2.0166814837661;15;0.975474956822107
31.88;2.59981829834908;1;0.975277572168764
34.12;3.85113271297503;353;0.974685418208734
35.21;5.35756948398104;353;0.974191956575376
35.47;6.53599179678412;355;0.973698494942018
35.2;7.45929175320716;1;0.973402417962003
34.49;7.8723469968701;9;0.973007648655317
33.32;7.78730621141008;12;0.972711571675302
31.55;7.78730621141008;15;0.972514187021959
27.72;6.70607336770416;26;0.973007648655317
26.53;4.68939188393805;26;0.973106340981989
25.62;3.76609192751502;21;0.973501110288675
24.67;3.681051142055;16;0.973994571922033
23.77;3.43807746931209;16;0.973994571922033
23.04;2.68485908380909;22;0.973599802615347
22.39;2.0166814837661;34;0.973106340981989
21.78;1.84659991284607;42;0.972316802368616
21.23;1.84659991284607;46;0.972218110041944
21.07;1.76155912738606;38;0.972218110041944
20.96;1.67651834192604;34;0.972415494695287
21.04;1.59147755646602;52;0.972711571675302
21.13;1.42139598554599;98;0.97320503330866
24.48;1.33635520008597;82;0.973402417962003
30.04;1.59147755646602;67;0.973994571922033
34.58;2.25965515650901;56;0.974290648902048
37.98;2.927832756552;55;0.974290648902048
40.01;3.26799589839206;46;0.973895879595362
40.87;4.1912958548151;34;0.973599802615347
40.72;5.78277341128112;28;0.973303725635332
39.85;7.11912861136709;23;0.972908956328645
38.24;8.29755092417018;18;0.972711571675302
35.79;9.30589166605323;14;0.972612879348631
32.85;9.05076930967318;17;0.972908956328645
29.59;7.28921018228713;23;0.973303725635332
27.87;6.03789576766117;25;0.974093264248705
26.85;5.02955502577812;25;0.974389341228719
25.98;4.51931031301802;24;0.975080187515421
25.13;3.85113271297503;24;0.975277572168764
24.27;3.43807746931209;23;0.974882802862078
23.53;3.09791432747203;25;0.974488033555391
22.85;2.59981829834908;32;0.973895879595362
22.23;2.34469594196903;38;0.973599802615347
21.62;2.0166814837661;37;0.973501110288675
21.32;2.0166814837661;31;0.973698494942018
20.67;2.25965515650901;20;0.974093264248705
21.14;2.17461437104899;22;0.974290648902048
24.82;2.59981829834908;22;0.974882802862078
28.15;3.26799589839206;18;0.975376264495435
31.31;3.93617349843505;15;0.975771033802122
34.08;4.60435109847803;12;0.975771033802122
36.13;5.44261026944105;7;0.975573649148779
37.13;6.62103258224414;1;0.975277572168764
37.06;7.95738778233011;360;0.974784110535406
36.05;9.1358100951332;3;0.974586725882063
34.38;9.71894690971617;8;0.974389341228719
32.66;9.54886533879614;13;0.974290648902048
30.71;8.96572852421317;15;0.973994571922033
27.9;8.12746935325015;17;0.974191956575376
26.03;6.53599179678412;20;0.974488033555391
25.07;5.52765105490107;21;0.975178879842092
24.32;5.19963659669815;21;0.975474956822107
23.63;5.11459581123813;21;0.975474956822107
22.91;4.68939188393805;18;0.975080187515421
22.51;4.60435109847803;15;0.974586725882063
21.83;4.68939188393805;13;0.974093264248705
21.14;4.60435109847803;14;0.973994571922033
20.53;4.44641821119515;17;0.97379718726869
20.06;4.1912958548151;19;0.97379718726869
19.71;3.93617349843505;20;0.973895879595362
20.36;3.93617349843505;14;0.974488033555391
22.27;4.77443266939807;16;0.974784110535406
24.67;5.35756948398104;14;0.974981495188749
26.91;5.86781419674114;11;0.974981495188749
28.78;6.62103258224414;8;0.975080187515421
30.11;7.20416939682711;6;0.975080187515421
30.84;7.70226542595006;3;0.974685418208734
30.88;8.46763249509021;1;0.974290648902048
30.11;9.3787837678761;0;0.974389341228719
28.71;9.8890284806362;3;0.974191956575376
27.15;9.71894690971617;8;0.973994571922033
25.41;9.1358100951332;11;0.973994571922033
22.88;8.54052459691308;14;0.974389341228719
21.3;7.62937332412719;17;0.974586725882063
20.45;6.87615493862419;16;0.974882802862078
19.95;6.45095101132411;14;0.975178879842092
19.47;6.19582865494406;12;0.975474956822107
19.04;6.11078786948404;11;0.975080187515421
18.83;6.11078786948404;12;0.974685418208734
18.63;5.61269184036109;13;0.974191956575376
18.49;5.35756948398104;14;0.974093264248705
18.44;4.9445142403181;12;0.973994571922033
18.52;5.52765105490107;12;0.973895879595362
18.55;5.78277341128112;12;0.974191956575376
18.88;7.11912861136709;11;0.974981495188749
19.76;7.20416939682711;12;0.975376264495435
20.98;7.03408782590708;11;0.975869726128794
22.83;6.70607336770416;8;0.976067110782137
24.71;6.62103258224414;2;0.97626449543548
26.18;6.62103258224414;354;0.97626449543548
27.18;7.03408782590708;347;0.975968418455465
27.56;7.70226542595006;344;0.975869726128794
27.42;8.29755092417018;347;0.975771033802122
26.86;8.6255653823731;352;0.975771033802122
26;8.6255653823731;357;0.975474956822107
24.78;8.3825917096302;2;0.975277572168764
22.65;8.3825917096302;6;0.97567234147545
21.08;7.70226542595006;8;0.975771033802122
20.25;7.70226542595006;13;0.976560572415495
19.84;7.20416939682711;14;0.97685664939551
19.53;6.62103258224414;14;0.977054034048853
19.24;6.11078786948404;14;0.976659264742166
19.08;5.78277341128112;14;0.976165803108808
18.92;5.52765105490107;13;0.975573649148779
18.87;5.11459581123813;12;0.975376264495435
18.95;4.60435109847803;10;0.975376264495435
18.92;4.44641821119515;4;0.975474956822107
18.89;4.36137742573513;359;0.975869726128794
19.2;5.27252869852102;357;0.976659264742166
19.75;5.6977326258211;357;0.977054034048853
20.72;6.03789576766117;358;0.977448803355539
21.95;6.36591022586409;358;0.977350111028867
23.48;6.94904704044706;358;0.977251418702196
24.86;7.70226542595006;356;0.976659264742166
25.8;8.46763249509021;355;0.976560572415495
26.19;9.05076930967318;356;0.976067110782137
26.09;9.30589166605323;358;0.975968418455465
25.62;9.46382455333612;359;0.975771033802122
24.77;9.46382455333612;0;0.975869726128794
23.56;9.3787837678761;1;0.975869726128794
21.77;9.30589166605323;4;0.976659264742166
20.51;8.12746935325015;7;0.97685664939551
19.92;7.45929175320716;9;0.977744880335554
19.56;7.11912861136709;10;0.97813964964224
19.29;6.62103258224414;10;0.978337034295583
18.96;5.78277341128112;8;0.977843572662226
18.87;6.28086944040407;7;0.977350111028867
18.81;6.62103258224414;7;0.976757957068838
18.9;6.94904704044706;4;0.976560572415495
18.9;6.79111415316417;1;0.976560572415495
19.04;7.20416939682711;1;0.976659264742166
19.07;7.54433253866718;1;0.977054034048853
19.23;8.04242856779013;2;0.977251418702196
19.74;8.88068773875315;0;0.977251418702196
20.37;9.71894690971617;1;0.977251418702196
21.31;10.2170429388391;4;0.977448803355539
22.52;10.4721652952192;7;0.977448803355539
23.69;10.5572060806792;7;0.977152726375524
24.64;10.3020837242991;5;0.976757957068838
25.22;10.1320021533791;3;0.976659264742166
25.25;10.0591100515562;2;0.97626449543548
25;9.97406926609622;1;0.975968418455465
24.32;9.80398769517618;1;0.975869726128794
23.25;9.3787837678761;2;0.975771033802122
21.46;9.30589166605323;6;0.975968418455465
20.33;7.95738778233011;7;0.976165803108808
19.78;7.03408782590708;8;0.976659264742166
19.44;6.03789576766117;7;0.976955341722181
19.1;6.03789576766117;7;0.97685664939551
18.91;5.35756948398104;5;0.97626449543548
18.69;4.51931031301802;3;0.975573649148779
18.59;4.1912958548151;1;0.974981495188749
18.33;3.85113271297503;358;0.974488033555391
18.43;4.02121428389506;357;0.974191956575376
18.4;3.60815904023213;1;0.974290648902048
18.4;3.52311825477211;9;0.974488033555391
18.96;5.52765105490107;17;0.975080187515421
19.92;5.61269184036109;14;0.975376264495435
21.56;5.95285498220115;15;0.975573649148779
23.52;6.28086944040407;20;0.97567234147545
25.84;6.11078786948404;15;0.975376264495435
27.79;6.45095101132411;4;0.975080187515421
28.83;7.20416939682711;2;0.974488033555391
29.38;7.70226542595006;4;0.974191956575376
29.5;8.04242856779013;8;0.973895879595362
29.17;7.95738778233011;8;0.973698494942018
28.15;7.62937332412719;9;0.973501110288675
26.71;6.94904704044706;7;0.973599802615347
24.19;7.03408782590708;11;0.973994571922033
22.69;6.03789576766117;12;0.974093264248705
21.92;5.35756948398104;15;0.974586725882063
21.4;4.68939188393805;17;0.974882802862078
20.99;4.44641821119515;19;0.975080187515421
20.51;4.02121428389506;24;0.974389341228719
19.85;3.681051142055;26;0.973994571922033
19.5;3.35303668385208;26;0.973402417962003
19.13;3.01287354201201;28;0.973007648655317
18.83;3.01287354201201;30;0.972711571675302
18.53;2.927832756552;31;0.972810264001974
18.33;3.09791432747203;32;0.972908956328645
19.68;3.43807746931209;33;0.973402417962003
23.05;4.02121428389506;26;0.973698494942018
26.99;4.60435109847803;22;0.973994571922033
30.13;5.19963659669815;14;0.973994571922033
32.59;6.03789576766117;13;0.974290648902048
34.13;6.79111415316417;8;0.974093264248705
34.78;7.54433253866718;3;0.973599802615347
34.53;8.21251013871016;359;0.97320503330866
33.79;8.3825917096302;360;0.973007648655317
32.59;8.46763249509021;2;0.972908956328645
31.05;7.95738778233011;4;0.972908956328645
29.19;6.79111415316417;6;0.972810264001974
27.36;7.70226542595006;14;0.972514187021959
25.48;6.03789576766117;15;0.972514187021959
24.68;4.68939188393805;18;0.973106340981989
24.25;3.681051142055;17;0.97379718726869
23.61;3.09791432747203;16;0.973895879595362
22.89;2.34469594196903;16;0.973698494942018
22.08;1.67651834192604;15;0.973303725635332
22.45;0.923299956423036;2;0.972908956328645
22.43;0.498096029122954;304;0.972711571675302
22.09;0.58313681458297;265;0.972810264001974
21.74;0.923299956423036;216;0.973007648655317
19.97;1.93164069830609;197;0.973402417962003
20.35;1.76155912738606;205;0.974882802862078
23.78;1.59147755646602;234;0.975178879842092
26.82;1.17842231280309;286;0.97567234147545
29.56;1.50643677100601;319;0.975968418455465
32.08;1.84659991284607;313;0.976067110782137
34.33;2.84279197109198;307;0.975869726128794
35.52;4.27633664027511;311;0.97567234147545
35.22;5.6977326258211;319;0.975277572168764
33.65;6.45095101132411;330;0.975178879842092
32.13;6.11078786948404;342;0.975277572168764
30.64;5.78277341128112;354;0.975376264495435
28.94;5.78277341128112;2;0.975376264495435
25.91;5.6977326258211;6;0.975277572168764
23.5;5.52765105490107;5;0.975277572168764
21.69;5.35756948398104;5;0.975869726128794
20.75;4.77443266939807;5;0.976363187762151
20.16;4.36137742573513;5;0.976461880088823
19.76;3.93617349843505;5;0.97626449543548
19.61;3.52311825477211;3;0.975573649148779
19.45;3.26799589839206;356;0.974882802862078
19.2;3.26799589839206;348;0.974685418208734
19.01;3.35303668385208;345;0.974586725882063
18.78;3.18295511293205;346;0.974784110535406
18.68;2.927832756552;346;0.975080187515421
18.93;4.60435109847803;9;0.975474956822107
19.76;4.85947345485808;12;0.975573649148779
21.19;5.02955502577812;13;0.975771033802122
22.76;5.19963659669815;9;0.975771033802122
24.3;6.11078786948404;3;0.97567234147545
25.98;7.20416939682711;1;0.975277572168764
26.97;8.29755092417018;360;0.974685418208734
27.26;9.22085088059321;1;0.974191956575376
26.96;9.63390612425615;4;0.973895879595362
26.2;9.8890284806362;5;0.973599802615347
25.17;9.71894690971617;7;0.973501110288675
23.78;8.96572852421317;8;0.973501110288675
21.82;9.1358100951332;10;0.973599802615347
20.4;8.04242856779013;11;0.973698494942018
19.79;7.54433253866718;10;0.974093264248705
19.38;7.11912861136709;7;0.973994571922033
19.05;6.62103258224414;4;0.974093264248705
18.7;6.19582865494406;2;0.973599802615347
18.56;6.28086944040407;3;0.973106340981989
18.47;6.62103258224414;4;0.972415494695287
18.31;6.11078786948404;2;0.972020725388601
18.12;6.19582865494406;0;0.971922033061929
18.24;6.70607336770416;2;0.972218110041944
18.24;6.28086944040407;0;0.972612879348631
18.35;7.54433253866718;4;0.97379718726869
19.02;7.78730621141008;3;0.973895879595362
20.04;8.04242856779013;2;0.973994571922033
21.11;8.04242856779013;1;0.974290648902048
22.61;8.46763249509021;360;0.974093264248705
24.06;8.88068773875315;358;0.973895879595362
24.92;9.3787837678761;357;0.973599802615347
25.39;9.8890284806362;357;0.97320503330866
25.4;10.3020837242991;358;0.973106340981989
24.98;10.4721652952192;360;0.972908956328645
24.24;10.3871245097592;2;0.972612879348631
23.13;9.80398769517618;4;0.972612879348631
21.43;9.1358100951332;5;0.973303725635332
20.36;8.21251013871016;8;0.973895879595362
19.8;7.37425096774714;9;0.974389341228719
19.41;6.53599179678412;9;0.975080187515421
19.26;6.19582865494406;10;0.975178879842092
19.09;6.03789576766117;11;0.974784110535406
19.05;5.86781419674114;11;0.974488033555391
19.09;6.53599179678412;10;0.973698494942018
18.96;6.70607336770416;7;0.973303725635332
18.97;7.20416939682711;6;0.973106340981989
19;7.28921018228713;6;0.972908956328645
19.03;7.45929175320716;7;0.973106340981989
19.18;8.21251013871016;7;0.973994571922033
19.61;8.29755092417018;7;0.974290648902048
20.48;8.29755092417018;7;0.974586725882063
21.57;8.29755092417018;5;0.974784110535406
23.06;8.54052459691308;3;0.975080187515421
24.48;8.88068773875315;1;0.974784110535406
25.56;9.22085088059321;359;0.974389341228719
26.12;9.46382455333612;359;0.974290648902048
26.19;9.71894690971617;359;0.974290648902048
25.79;9.8890284806362;359;0.974290648902048
25;9.80398769517618;1;0.974191956575376
23.78;9.3787837678761;4;0.974191956575376
22.07;8.96572852421317;6;0.974981495188749
20.74;7.70226542595006;7;0.975277572168764
20.08;7.11912861136709;7;0.975869726128794
19.68;6.62103258224414;6;0.976659264742166
19.33;6.70607336770416;6;0.97685664939551
18.98;6.87615493862419;7;0.976461880088823
18.79;7.37425096774714;6;0.975771033802122
18.72;7.62937332412719;6;0.975080187515421
18.77;8.71060616783311;7;0.974784110535406
18.75;8.79564695329313;10;0.974586725882063
18.79;8.54052459691308;12;0.974784110535406
18.71;7.78730621141008;12;0.974981495188749
19.01;9.46382455333612;12;0.975869726128794
19.61;9.30589166605323;11;0.976165803108808
20.6;9.46382455333612;11;0.976659264742166
22;9.3787837678761;10;0.976955341722181
23.46;9.3787837678761;8;0.977152726375524
24.48;9.3787837678761;6;0.977152726375524
25.42;9.30589166605323;5;0.976955341722181
25.84;9.30589166605323;2;0.976757957068838
25.73;9.63390612425615;360;0.976363187762151
25.17;10.0591100515562;0;0.975968418455465
24.06;9.63390612425615;5;0.976067110782137
22.9;8.79564695329313;8;0.97626449543548
21.29;8.6255653823731;7;0.97685664939551
20.26;8.12746935325015;7;0.97685664939551
19.67;7.54433253866718;10;0.977350111028867
19.28;6.45095101132411;12;0.977942264988897
18.98;5.52765105490107;12;0.978238341968912
18.62;5.02955502577812;11;0.978040957315569
18.44;4.77443266939807;10;0.977350111028867
18.34;5.11459581123813;10;0.97685664939551
18.32;5.44261026944105;10;0.976560572415495
18.37;6.19582865494406;10;0.97626449543548
18.32;5.19963659669815;9;0.976461880088823
18.56;5.02955502577812;11;0.976757957068838
18.72;5.11459581123813;10;0.976955341722181
19.5;4.36137742573513;5;0.977054034048853
20.6;3.85113271297503;352;0.977646188008882
22.18;4.02121428389506;336;0.977744880335554
23.7;4.60435109847803;320;0.978040957315569
25.22;5.78277341128112;311;0.97813964964224
26.22;6.94904704044706;315;0.977843572662226
27;7.54433253866718;329;0.977251418702196
26.96;8.04242856779013;343;0.97685664939551
26.35;8.71060616783311;355;0.976659264742166
25.43;9.54886533879614;6;0.976659264742166
24.28;9.30589166605323;15;0.976461880088823
22.76;6.11078786948404;5;0.976659264742166
21.47;5.44261026944105;356;0.97685664939551
20.62;4.85947345485808;2;0.977054034048853
20.09;3.93617349843505;14;0.977350111028867
19.8;3.18295511293205;16;0.977547495682211
19.49;2.84279197109198;24;0.97685664939551
19.21;3.01287354201201;51;0.976067110782137
19.03;2.68485908380909;57;0.975178879842092
18.62;1.67651834192604;5;0.975178879842092
18.28;2.08957358558898;322;0.975080187515421
17.98;2.08957358558898;323;0.975178879842092
17.84;1.93164069830609;327;0.975277572168764
18.98;3.52311825477211;3;0.975474956822107
20;3.76609192751502;356;0.975869726128794
21.17;4.02121428389506;350;0.976461880088823
22.74;4.51931031301802;347;0.976363187762151
24.13;4.85947345485808;346;0.97626449543548
25.77;5.19963659669815;344;0.976067110782137
26.63;6.03789576766117;343;0.97567234147545
27.22;6.70607336770416;343;0.975277572168764
27.23;7.11912861136709;344;0.974882802862078
26.7;7.28921018228713;346;0.974882802862078
25.81;7.11912861136709;348;0.974784110535406
24.66;6.62103258224414;353;0.974882802862078
23.06;5.6977326258211;4;0.974882802862078
22.06;4.60435109847803;7;0.974882802862078
21.51;3.85113271297503;8;0.975080187515421
21.2;3.76609192751502;8;0.975277572168764
20.85;3.60815904023213;8;0.975474956822107
20.48;3.60815904023213;3;0.975080187515421
20.16;3.60815904023213;356;0.974389341228719
19.9;3.52311825477211;354;0.973994571922033
19.69;3.43807746931209;352;0.973698494942018
19.6;3.52311825477211;353;0.973698494942018
19.56;3.60815904023213;356;0.973698494942018
19.52;3.60815904023213;358;0.973895879595362
19.34;4.44641821119515;4;0.974093264248705
19.85;4.1912958548151;6;0.974488033555391
20.69;4.10625506935508;7;0.974290648902048
22.07;4.36137742573513;1;0.974488033555391
24.05;5.19963659669815;355;0.974389341228719
25.35;6.36591022586409;352;0.974290648902048
26.4;7.45929175320716;352;0.973895879595362
26.74;8.21251013871016;352;0.973501110288675
26.51;8.3825917096302;354;0.973007648655317
26.01;8.3825917096302;355;0.972908956328645
25.08;8.29755092417018;357;0.972810264001974
23.74;8.12746935325015;0;0.973007648655317
22.03;7.70226542595006;4;0.973402417962003
20.89;6.87615493862419;8;0.973501110288675
20.33;6.28086944040407;10;0.973994571922033
19.88;5.61269184036109;8;0.974488033555391
19.54;5.27252869852102;5;0.974685418208734
19.34;5.44261026944105;3;0.974586725882063
19.14;5.44261026944105;1;0.974191956575376
18.96;5.52765105490107;360;0.973599802615347
18.77;5.44261026944105;359;0.973402417962003
18.78;5.6977326258211;0;0.973303725635332
18.77;5.86781419674114;2;0.973303725635332
18.66;5.6977326258211;4;0.973501110288675
18.49;6.28086944040407;6;0.974093264248705
19.01;6.28086944040407;8;0.974685418208734
20.12;6.36591022586409;8;0.975080187515421
21.5;6.28086944040407;359;0.974784110535406
22.99;6.53599179678412;360;0.974586725882063
24.37;6.79111415316417;360;0.974290648902048
25.3;6.94904704044706;353;0.973895879595362
25.57;7.37425096774714;348;0.973303725635332
25.38;7.8723469968701;346;0.973007648655317
24.81;8.3825917096302;349;0.972908956328645
23.97;8.3825917096302;353;0.973106340981989
22.9;8.12746935325015;359;0.973303725635332
21.12;7.78730621141008;4;0.97379718726869
20.12;7.11912861136709;9;0.974389341228719
19.57;6.45095101132411;12;0.974882802862078
19.26;5.52765105490107;13;0.975376264495435
18.91;4.36137742573513;8;0.975277572168764
18.61;3.93617349843505;5;0.975178879842092
18.39;3.76609192751502;5;0.974685418208734
18.4;3.93617349843505;8;0.974191956575376
18.2;3.85113271297503;10;0.973994571922033
18.24;4.10625506935508;14;0.974290648902048
18.46;4.85947345485808;18;0.974389341228719
18.68;5.11459581123813;22;0.974685418208734
19.08;5.27252869852102;18;0.975376264495435
20;4.9445142403181;20;0.975771033802122
21.47;4.77443266939807;16;0.976165803108808
23.52;5.02955502577812;7;0.976165803108808
25.7;6.03789576766117;3;0.975968418455465
26.93;6.87615493862419;3;0.975573649148779
27.43;7.28921018228713;2;0.975573649148779
27.71;7.70226542595006;2;0.975080187515421
27.51;8.21251013871016;4;0.974784110535406
26.98;8.54052459691308;8;0.974685418208734
26.14;8.54052459691308;8;0.974784110535406
24.69;7.95738778233011;11;0.974981495188749
22.63;7.62937332412719;13;0.975376264495435
21.15;6.28086944040407;15;0.975771033802122
20.61;5.11459581123813;22;0.976363187762151
20.46;4.36137742573513;28;0.97685664939551
20.31;3.60815904023213;36;0.976757957068838
20.16;3.52311825477211;44;0.97626449543548
19.97;3.18295511293205;52;0.975474956822107
19.83;3.01287354201201;58;0.974882802862078
19.62;2.68485908380909;61;0.974290648902048
19.39;2.51477751288906;58;0.974191956575376
19.19;2.51477751288906;52;0.974093264248705
19.04;2.34469594196903;43;0.974290648902048
19.06;2.0166814837661;17;0.975080187515421
22.01;2.25965515650901;9;0.97567234147545
24.43;2.59981829834908;356;0.975771033802122
26.83;3.01287354201201;346;0.976165803108808
29.04;3.76609192751502;344;0.976067110782137
31.09;4.85947345485808;347;0.975968418455465
32.24;5.78277341128112;348;0.975474956822107
32.59;6.36591022586409;351;0.975080187515421
32.38;6.62103258224414;355;0.974981495188749
31.77;7.03408782590708;1;0.974685418208734
30.48;6.94904704044706;7;0.974586725882063
28.91;6.36591022586409;10;0.974685418208734
26.11;5.44261026944105;4;0.974586725882063
24.27;4.51931031301802;6;0.974784110535406
23.21;3.93617349843505;9;0.975080187515421
22.53;3.60815904023213;11;0.975376264495435
22.02;3.09791432747203;15;0.975277572168764
21.59;2.42973672742904;20;0.974784110535406
21.06;2.08957358558898;26;0.974290648902048
20.54;2.0166814837661;31;0.973501110288675
20.1;2.0166814837661;35;0.973106340981989
19.67;2.08957358558898;34;0.972908956328645
19.3;2.25965515650901;31;0.972908956328645
18.92;2.42973672742904;30;0.97320503330866
19.05;1.67651834192604;15;0.97379718726869
21.89;2.68485908380909;16;0.974093264248705
24.54;3.43807746931209;17;0.974290648902048
27.36;4.10625506935508;15;0.974488033555391
30.03;5.11459581123813;11;0.974290648902048
31.99;6.03789576766117;5;0.973895879595362
33.02;7.11912861136709;359;0.973501110288675
33.1;7.8723469968701;357;0.97320503330866
32.51;8.3825917096302;0;0.973106340981989
31.49;8.54052459691308;6;0.972908956328645
30.26;8.3825917096302;10;0.972908956328645
28.5;8.04242856779013;11;0.973106340981989
24.94;7.54433253866718;12;0.973402417962003
23.14;6.03789576766117;13;0.973402417962003
22.29;5.02955502577812;15;0.973895879595362
21.72;4.10625506935508;11;0.974389341228719
21.14;3.52311825477211;3;0.974191956575376
20.53;3.26799589839206;356;0.97379718726869
20.06;3.01287354201201;348;0.973402417962003
19.44;2.76989986926911;340;0.972908956328645
19.02;2.76989986926911;334;0.972612879348631
18.64;2.76989986926911;339;0.972415494695287
18.51;2.68485908380909;349;0.972514187021959
18.53;2.68485908380909;351;0.972810264001974
19.22;3.681051142055;12;0.973402417962003
20.53;4.60435109847803;17;0.97379718726869
22.46;4.9445142403181;19;0.974191956575376
24.74;5.27252869852102;14;0.974389341228719
27.04;6.28086944040407;5;0.974093264248705
28.66;7.20416939682711;1;0.973895879595362
29.39;8.04242856779013;0;0.973501110288675
29.53;8.71060616783311;1;0.97320503330866
29.2;9.22085088059321;2;0.972711571675302
25.83;8.71060616783311;4;0.972612879348631
25.3;8.21251013871016;6;0.972711571675302
24.77;7.70226542595006;8;0.972711571675302
24.24;7.20416939682711;12;0.972711571675302
23.72;6.70607336770416;14;0.97320503330866
23.19;6.19582865494406;12;0.973698494942018
22.66;5.6977326258211;9;0.973994571922033
22.13;5.19963659669815;10;0.974290648902048
21.61;4.7015405675752;356;0.973895879595362
21.08;4.1912958548151;341;0.973106340981989
20.55;3.69319982569214;339;0.972612879348631
20.02;3.19510379656919;342;0.972316802368616
19.5;2.69700776744624;350;0.972316802368616
18.97;2.18676305468614;359;0.972218110041944
18.44;1.68866702556318;11;0.972316802368616
17.91;1.19057099644023;24;0.97320503330866
20.88;3.18295511293205;25;0.973402417962003
22.73;3.43807746931209;19;0.973599802615347
24.88;3.85113271297503;7;0.973698494942018
26.93;4.60435109847803;356;0.97379718726869
28.38;5.52765105490107;350;0.973402417962003
29.07;6.53599179678412;347;0.973007648655317
29;7.37425096774714;347;0.972612879348631
28.19;8.12746935325015;351;0.972316802368616
26.97;8.54052459691308;358;0.972218110041944
25.97;9.05076930967318;3;0.972119417715273
24.65;8.96572852421317;8;0.972218110041944
22.57;7.8723469968701;12;0.972119417715273
21.54;6.62103258224414;11;0.972612879348631
20.96;5.95285498220115;7;0.97320503330866
20.59;5.6977326258211;4;0.973698494942018
20.26;5.27252869852102;0;0.97379718726869
19.99;5.11459581123813;356;0.97379718726869
19.9;5.19963659669815;356;0.973501110288675
19.85;4.77443266939807;0;0.973106340981989
19.85;5.11459581123813;5;0.972908956328645
19.89;5.44261026944105;6;0.972810264001974
19.84;5.6977326258211;9;0.972810264001974
19.86;5.44261026944105;9;0.972908956328645
20.04;5.6977326258211;10;0.973106340981989
20.77;5.86781419674114;9;0.973402417962003
21.84;6.11078786948404;9;0.973994571922033
23.62;6.36591022586409;8;0.974290648902048
25.36;6.62103258224414;5;0.974389341228719
26.92;7.28921018228713;1;0.974191956575376
27.9;8.12746935325015;1;0.974093264248705
28.25;9.1358100951332;1;0.97379718726869
27.91;9.97406926609622;4;0.973599802615347
27.19;10.3020837242991;9;0.973599802615347
26.25;10.3020837242991;13;0.973599802615347
25.04;9.8890284806362;15;0.973895879595362
23.22;8.04242856779013;11;0.974290648902048
22.1;7.20416939682711;10;0.974586725882063
21.37;6.70607336770416;5;0.975080187515421
20.89;6.45095101132411;1;0.975376264495435
20.59;6.19582865494406;1;0.975376264495435
20.44;5.02955502577812;360;0.975080187515421
20.28;4.36137742573513;359;0.974685418208734
20.13;3.76609192751502;2;0.974191956575376
20.03;3.52311825477211;4;0.973895879595362
19.95;3.681051142055;360;0.973599802615347
19.88;3.76609192751502;4;0.973599802615347
19.78;3.26799589839206;15;0.974093264248705
19.75;3.26799589839206;15;0.974981495188749
20.88;4.02121428389506;15;0.975376264495435
22.59;4.36137742573513;13;0.975968418455465
24.68;4.77443266939807;9;0.97626449543548
27.01;5.35756948398104;5;0.976461880088823
29.02;6.11078786948404;3;0.976363187762151
29.91;7.20416939682711;359;0.975771033802122
29.85;8.21251013871016;360;0.975376264495435
29.53;8.96572852421317;3;0.974882802862078
28.78;9.3787837678761;7;0.974882802862078
27.62;9.22085088059321;12;0.974685418208734
26.01;8.79564695329313;15;0.974882802862078
24.03;7.37425096774714;12;0.975080187515421
22.68;5.61269184036109;11;0.975178879842092
22.03;5.11459581123813;10;0.975869726128794
21.43;4.85947345485808;13;0.976363187762151
20.94;4.44641821119515;16;0.976560572415495
20.49;3.76609192751502;18;0.976067110782137
20.1;3.35303668385208;18;0.97567234147545
19.58;3.09791432747203;16;0.974882802862078
19.18;2.927832756552;20;0.974488033555391
18.78;2.59981829834908;26;0.974290648902048
18.39;2.17461437104899;27;0.974389341228719
17.98;1.84659991284607;21;0.974882802862078
18.9;1.09338152734307;22;0.975573649148779
21.15;2.08957358558898;20;0.975968418455465
23.6;2.76989986926911;20;0.976363187762151
26.39;3.35303668385208;18;0.976659264742166
29.13;3.76609192751502;10;0.976757957068838
31.24;4.60435109847803;359;0.976363187762151
32.49;5.6977326258211;353;0.975771033802122
32.67;6.87615493862419;352;0.975178879842092
31.63;7.54433253866718;355;0.974882802862078
30.36;7.78730621141008;359;0.974981495188749
28.16;8.96572852421317;3;0.975080187515421
26.33;8.6255653823731;6;0.975178879842092
26.37;5.11459581123813;8;0.975080187515421
24.78;4.77443266939807;355;0.975277572168764
23;5.86781419674114;6;0.975869726128794
21.85;5.35756948398104;17;0.97626449543548
21.35;4.27633664027511;26;0.975968418455465
21.09;3.26799589839206;25;0.975277572168764
20.64;2.84279197109198;11;0.974586725882063
20.09;3.01287354201201;354;0.97379718726869
19.51;3.09791432747203;350;0.973599802615347
19.1;2.76989986926911;356;0.973501110288675
18.65;2.34469594196903;4;0.973501110288675
18.29;2.08957358558898;17;0.97379718726869
18.7;2.76989986926911;24;0.974191956575376
21.02;3.35303668385208;28;0.974488033555391
23.9;3.93617349843505;18;0.974685418208734
26.59;4.77443266939807;8;0.974586725882063
28.72;5.6977326258211;6;0.974685418208734
30.38;6.53599179678412;7;0.974389341228719
31.6;7.03408782590708;2;0.973501110288675
32.12;7.8723469968701;1;0.973007648655317
31.58;8.6255653823731;2;0.972711571675302
30.38;9.05076930967318;4;0.972514187021959
28.5;8.96572852421317;8;0.972514187021959
26.51;8.46763249509021;12;0.972711571675302
24.28;8.12746935325015;19;0.973007648655317
23.04;6.79111415316417;21;0.973402417962003
22.37;5.78277341128112;21;0.973994571922033
21.85;5.11459581123813;19;0.974389341228719
21.28;4.77443266939807;20;0.974389341228719
20.75;3.681051142055;20;0.973994571922033
19.99;2.927832756552;16;0.973501110288675
19.44;2.68485908380909;11;0.972810264001974
18.83;2.51477751288906;10;0.972514187021959
18.3;2.25965515650901;10;0.972514187021959
17.77;2.08957358558898;16;0.972514187021959
17.78;1.59147755646602;40;0.972810264001974
18.55;1.67651834192604;55;0.973303725635332
21.61;1.93164069830609;39;0.973994571922033
25.96;2.59981829834908;35;0.974093264248705
29.97;3.26799589839206;32;0.974488033555391
33.13;3.85113271297503;30;0.974586725882063
35.03;4.68939188393805;25;0.974191956575376
35.83;5.78277341128112;18;0.973402417962003
35.37;7.45929175320716;12;0.972810264001974
34.06;9.1358100951332;7;0.972415494695287
31.88;10.2170429388391;10;0.972119417715273
29.8;10.0591100515562;15;0.972316802368616
27.95;9.54886533879614;22;0.972415494695287
26.6;8.3825917096302;25;0.971922033061929
25.58;6.62103258224414;26;0.972020725388601
25.11;5.6977326258211;24;0.972612879348631
24.58;5.35756948398104;21;0.972810264001974
23.74;4.9445142403181;13;0.972810264001974
22.6;4.44641821119515;7;0.972514187021959
21.74;3.60815904023213;4;0.972316802368616
20.81;2.927832756552;0;0.971428571428571
19.96;2.76989986926911;355;0.971132494448557
19.2;2.25965515650901;352;0.971231186775228
18.6;1.42139598554599;348;0.971428571428571
18.98;0.923299956423036;324;0.971625956081915
19.25;0.753218385503003;30;0.972711571675302
21.22;1.33635520008597;11;0.97320503330866
24.25;2.17461437104899;359;0.973698494942018
27.07;3.26799589839206;352;0.973994571922033
29.32;4.51931031301802;352;0.974191956575376
30.78;5.78277341128112;353;0.973895879595362
31.47;7.03408782590708;354;0.973698494942018
31.29;8.21251013871016;357;0.973106340981989
30.34;9.1358100951332;1;0.972810264001974
29.09;9.71894690971617;6;0.972810264001974
27.49;9.71894690971617;14;0.972711571675302
26.02;8.96572852421317;19;0.972711571675302
24.11;7.45929175320716;15;0.972908956328645
22.47;6.36591022586409;16;0.972908956328645
21.7;5.78277341128112;17;0.973599802615347
21.11;5.35756948398104;17;0.973994571922033
20.57;4.9445142403181;17;0.974093264248705
19.99;4.51931031301802;14;0.973599802615347
19.72;4.44641821119515;11;0.973303725635332
19.29;4.1912958548151;10;0.972908956328645
18.96;3.93617349843505;10;0.972612879348631
18.61;3.43807746931209;12;0.972612879348631
18.37;3.09791432747203;13;0.972711571675302
18.2;2.84279197109198;16;0.972908956328645
18.44;2.25965515650901;18;0.973303725635332
20.41;3.26799589839206;14;0.973895879595362
22.67;3.681051142055;7;0.974093264248705
25.1;4.1912958548151;5;0.974488033555391
27.4;4.60435109847803;0;0.974488033555391
29.32;5.44261026944105;354;0.974488033555391
30.4;6.45095101132411;352;0.973994571922033
30.64;7.54433253866718;352;0.973895879595362
30.05;8.6255653823731;356;0.973501110288675
28.97;9.30589166605323;3;0.973501110288675
27.41;9.22085088059321;8;0.973501110288675
25.81;8.46763249509021;11;0.973599802615347
23.78;7.03408782590708;11;0.973599802615347
22.46;5.52765105490107;14;0.974290648902048
21.79;4.85947345485808;16;0.974882802862078
21.24;4.44641821119515;12;0.975376264495435
20.66;4.27633664027511;9;0.975376264495435
20.1;4.10625506935508;9;0.974981495188749
19.47;3.60815904023213;15;0.974882802862078
19.12;3.18295511293205;19;0.974488033555391
19;2.84279197109198;21;0.973994571922033
18.8;2.68485908380909;22;0.973698494942018
18.7;2.51477751288906;25;0.97379718726869
18.66;2.42973672742904;25;0.974093264248705
18.97;2.68485908380909;19;0.974882802862078
20.73;3.09791432747203;23;0.974882802862078
22.93;3.01287354201201;22;0.975178879842092
25.61;3.18295511293205;13;0.975277572168764
28.3;4.02121428389506;4;0.975178879842092
30.67;5.11459581123813;0;0.974882802862078
32.28;6.19582865494406;358;0.974290648902048
32.89;7.11912861136709;358;0.973895879595362
32.46;7.78730621141008;2;0.973501110288675
31.32;8.29755092417018;6;0.97320503330866
30;8.29755092417018;10;0.972711571675302
28.25;7.28921018228713;17;0.973007648655317
26.38;5.86781419674114;16;0.97320503330866
24.63;4.77443266939807;14;0.973698494942018
23.56;4.27633664027511;17;0.974191956575376
22.86;3.52311825477211;21;0.974882802862078
22.34;2.76989986926911;23;0.974882802862078
21.68;2.17461437104899;24;0.974586725882063
20.78;2.08957358558898;19;0.974191956575376
19.97;2.08957358558898;8;0.973501110288675
19.17;1.93164069830609;2;0.973106340981989
19.05;1.33635520008597;9;0.972711571675302
19.57;0.753218385503003;22;0.972810264001974
19.8;0.498096029122954;61;0.972908956328645
19.91;1.00834074188305;87;0.973303725635332
21.7;0.923299956423036;92;0.973599802615347
27.21;1.00834074188305;75;0.973994571922033
32.13;1.33635520008597;55;0.974191956575376
36.02;1.84659991284607;51;0.973994571922033
38.57;2.25965515650901;40;0.973599802615347
39.71;2.84279197109198;26;0.972810264001974
39.73;3.93617349843505;17;0.972316802368616
38.96;5.27252869852102;22;0.971823340735258
37.55;6.53599179678412;19;0.971625956081915
35.65;7.37425096774714;14;0.971428571428571
33.41;7.8723469968701;16;0.971527263755243
31.47;7.37425096774714;24;0.970935109795213
30.76;6.53599179678412;28;0.971527263755243
30.89;6.45095101132411;39;0.971922033061929
31.36;6.36591022586409;46;0.972218110041944
31.8;6.11078786948404;49;0.972119417715273
31.97;5.35756948398104;51;0.971823340735258
31.38;4.10625506935508;54;0.971428571428571
29.99;2.76989986926911;33;0.970935109795213
28.22;2.34469594196903;345;0.970441648161855
26.74;2.17461437104899;310;0.970342955835184
25.54;2.51477751288906;264;0.970540340488527
24.74;1.67651834192604;245;0.970935109795213
24.25;1.93164069830609;190;0.971428571428571
26.61;1.50643677100601;180;0.971428571428571
31.53;1.42139598554599;185;0.971823340735258
35.88;1.42139598554599;204;0.971823340735258
39.35;1.50643677100601;214;0.971922033061929
41.02;1.25131441462596;284;0.971428571428571
41.62;2.927832756552;326;0.971033802121885
41.56;4.60435109847803;337;0.970441648161855
41.1;6.53599179678412;342;0.970244263508512
39.99;7.11912861136709;348;0.970046878855169
38.35;6.87615493862419;357;0.970145571181841
36.27;6.11078786948404;6;0.970046878855169
34.56;5.11459581123813;9;0.969652109548483
32.32;3.52311825477211;11;0.969750801875154
31.16;2.51477751288906;10;0.97073772514187
30.04;1.93164069830609;339;0.970935109795213
28.41;2.17461437104899;300;0.971132494448557
26.62;2.17461437104899;288;0.970935109795213
25.41;1.25131441462596;278;0.970540340488527
25.48;0.753218385503003;221;0.969948186528497
24.97;1.09338152734307;193;0.969948186528497
24.86;1.25131441462596;180;0.969750801875154
24.75;1.42139598554599;166;0.970046878855169
25.03;1.09338152734307;172;0.970540340488527
22.73;1.76155912738606;160;0.971132494448557
25.36;1.93164069830609;161;0.971823340735258
31.54;2.08957358558898;165;0.972020725388601
36.7;2.59981829834908;159;0.972415494695287
40.14;3.43807746931209;149;0.972415494695287
41.93;3.18295511293205;149;0.972218110041944
42.53;1.50643677100601;146;0.971527263755243
42.39;0.58313681458297;349;0.971033802121885
41.86;3.60815904023213;333;0.97073772514187
39.62;6.11078786948404;335;0.970441648161855
36.69;6.87615493862419;341;0.970342955835184
33.41;6.45095101132411;357;0.970342955835184
30.7;4.60435109847803;19;0.970342955835184
29.74;4.02121428389506;39;0.971033802121885
29.4;3.26799589839206;50;0.971527263755243
29.05;2.42973672742904;46;0.971823340735258
28.02;2.0166814837661;41;0.971922033061929
27.03;1.67651834192604;31;0.971527263755243
27.27;1.17842231280309;33;0.971231186775228
27.2;0.668177600042987;68;0.970935109795213
26.92;0.668177600042987;125;0.970639032815199
26.71;0.753218385503003;150;0.97073772514187
26.29;0.413055243662937;156;0.970836417468542
25.64;0.255122356380049;101;0.971231186775228
23.38;0.838259170963019;117;0.971823340735258
24.71;0.413055243662937;125;0.972415494695287
28.8;0.838259170963019;349;0.972711571675302
32.2;1.67651834192604;349;0.973007648655317
35.22;2.34469594196903;350;0.97320503330866
37.63;3.18295511293205;348;0.973303725635332
39.05;4.44641821119515;348;0.972612879348631
39.56;5.86781419674114;349;0.972020725388601
38.91;6.94904704044706;351;0.971625956081915
38.08;7.54433253866718;351;0.971428571428571
36.11;7.37425096774714;357;0.971428571428571
33.73;7.03408782590708;7;0.971428571428571
30.39;6.36591022586409;22;0.971428571428571
29.1;4.77443266939807;35;0.971922033061929
28.86;3.60815904023213;45;0.972415494695287
28.61;2.68485908380909;48;0.972612879348631
27.71;2.25965515650901;46;0.972711571675302
26.52;2.0166814837661;40;0.972020725388601
25.5;1.93164069830609;32;0.971724648408586
24.5;1.93164069830609;30;0.970935109795213
23.76;1.84659991284607;42;0.970540340488527
23.35;1.93164069830609;71;0.970441648161855
23.2;2.08957358558898;100;0.970540340488527
23.09;2.34469594196903;116;0.970836417468542
23.18;2.84279197109198;124;0.971132494448557
27.47;2.17461437104899;125;0.971527263755243
33.66;2.17461437104899;126;0.972020725388601
39.34;3.52311825477211;133;0.972415494695287
42.1;4.27633664027511;136;0.972514187021959
43.54;3.52311825477211;128;0.972316802368616
44.05;2.17461437104899;106;0.971625956081915
43.86;2.17461437104899;40;0.971132494448557
43.4;4.02121428389506;17;0.970836417468542
41.96;6.28086944040407;11;0.970935109795213
39.75;7.54433253866718;12;0.970935109795213
36.96;8.21251013871016;17;0.970935109795213
33.87;7.11912861136709;26;0.970441648161855
32.4;6.03789576766117;36;0.97073772514187
31.89;5.35756948398104;45;0.971428571428571
31.59;5.02955502577812;46;0.971823340735258
31.02;4.60435109847803;46;0.971724648408586
30.32;4.44641821119515;47;0.9713298791019
29.64;4.27633664027511;55;0.97073772514187
28.97;3.93617349843505;62;0.970046878855169
28.21;3.681051142055;70;0.969750801875154
27.35;3.35303668385208;74;0.969652109548483
26.7;2.927832756552;77;0.969948186528497
26.62;2.51477751288906;81;0.970046878855169
26.73;3.60815904023213;108;0.97073772514187
30.59;2.59981829834908;110;0.970935109795213
35.74;2.17461437104899;103;0.971132494448557
40.61;2.51477751288906;106;0.971625956081915
42.44;2.17461437104899;117;0.971823340735258
43.49;1.00834074188305;101;0.971823340735258
43.99;1.93164069830609;11;0.970836417468542
44.23;4.51931031301802;2;0.970540340488527
43.51;7.28921018228713;7;0.970046878855169
41.94;9.1358100951332;12;0.970046878855169
39.47;10.3871245097592;16;0.970046878855169
36.63;9.97406926609622;22;0.970145571181841
33.97;8.6255653823731;26;0.970046878855169
31.9;8.04242856779013;34;0.970046878855169
31.3;7.03408782590708;41;0.971033802121885
31.09;6.53599179678412;42;0.9713298791019
30.57;6.03789576766117;36;0.971724648408586
29.3;5.61269184036109;25;0.971625956081915
28;5.02955502577812;22;0.971428571428571
26.82;4.27633664027511;21;0.970935109795213
25.77;3.85113271297503;15;0.97073772514187
24.8;3.60815904023213;14;0.97073772514187
24.03;3.26799589839206;22;0.970935109795213
23.39;3.01287354201201;33;0.971428571428571
22.61;1.84659991284607;38;0.972119417715273
25.56;1.76155912738606;39;0.972810264001974
29.35;2.42973672742904;31;0.973106340981989
32.74;3.26799589839206;22;0.973501110288675
35.73;4.68939188393805;15;0.973698494942018
37.94;6.36591022586409;11;0.973599802615347
39.3;8.04242856779013;10;0.973106340981989
39.61;9.63390612425615;12;0.972810264001974
38.66;10.4721652952192;15;0.972908956328645
37.14;10.7272876515992;17;0.972908956328645
35.07;10.2170429388391;19;0.973007648655317
32.51;9.63390612425615;18;0.97320503330866
30.13;8.54052459691308;19;0.97320503330866
27.75;7.70226542595006;21;0.97379718726869
26.49;7.37425096774714;23;0.974784110535406
25.65;7.8723469968701;22;0.975277572168764
25.09;8.29755092417018;21;0.975474956822107
24.6;8.04242856779013;21;0.975080187515421
24.62;7.45929175320716;20;0.974685418208734
24.15;6.79111415316417;18;0.974290648902048
23.67;6.53599179678412;15;0.974191956575376
23.23;6.28086944040407;14;0.973994571922033
22.79;5.78277341128112;14;0.974093264248705
22.34;5.52765105490107;11;0.974290648902048
22.61;5.95285498220115;14;0.974685418208734
24.04;7.20416939682711;12;0.975178879842092
25.67;8.46763249509021;11;0.975080187515421
27.3;9.22085088059321;7;0.975178879842092
28.59;9.8890284806362;4;0.975178879842092
29.5;10.5572060806792;1;0.974784110535406
29.78;11.0553021098021;358;0.974191956575376
29.58;11.1403428952622;358;0.97379718726869
29.08;10.8973692225193;358;0.973501110288675
28.34;10.3020837242991;358;0.973303725635332
27.24;9.63390612425615;357;0.973106340981989
25.78;9.05076930967318;356;0.973106340981989
23.74;8.12746935325015;355;0.972711571675302
22.51;7.20416939682711;352;0.973106340981989
21.9;6.70607336770416;349;0.973501110288675
21.45;6.19582865494406;345;0.973599802615347
21.01;6.19582865494406;343;0.97320503330866
20.88;6.62103258224414;340;0.972810264001974
20.63;6.36591022586409;336;0.972218110041944
20.96;7.45929175320716;338;0.971625956081915
20.88;6.79111415316417;332;0.971033802121885
20.94;6.62103258224414;329;0.970935109795213
21.02;6.79111415316417;330;0.970935109795213
21.01;6.36591022586409;330;0.971132494448557
21.3;5.95285498220115;338;0.971625956081915
21.83;5.35756948398104;342;0.972218110041944
22.61;4.36137742573513;340;0.972415494695287
23.56;3.681051142055;321;0.972612879348631
24.94;4.02121428389506;311;0.972612879348631
26.38;3.93617349843505;306;0.972514187021959
27.58;3.52311825477211;298;0.972020725388601
28.68;3.52311825477211;286;0.971625956081915
29.59;4.02121428389506;279;0.971231186775228
29.78;4.51931031301802;281;0.971033802121885
29.02;4.77443266939807;292;0.971033802121885
27.54;4.85947345485808;302;0.971132494448557
25.59;4.85947345485808;308;0.971132494448557
23.76;4.27633664027511;322;0.971625956081915
22.74;2.84279197109198;343;0.972612879348631
22.22;1.67651834192604;352;0.973303725635332
21.84;1.17842231280309;329;0.973402417962003
21.47;1.00834074188305;319;0.973599802615347
20.95;0.923299956423036;270;0.973599802615347
20.6;1.42139598554599;241;0.973402417962003
20.31;1.09338152734307;206;0.973402417962003
20.15;1.17842231280309;155;0.973501110288675
19.95;1.33635520008597;143;0.973698494942018
19.84;1.33635520008597;159;0.974191956575376
20.27;1.17842231280309;177;0.974981495188749
22.32;0.753218385503003;200;0.975376264495435
24.82;0;255;0.976067110782137
27.5;0.923299956423036;41;0.976659264742166
30.3;1.17842231280309;12;0.977054034048853
32.33;1.33635520008597;348;0.976659264742166
34.16;1.84659991284607;331;0.976363187762151
35.33;2.42973672742904;314;0.975771033802122
35.05;1.25131441462596;257;0.975968418455465
35.8;1.25131441462596;77;0.97567234147545
35.77;3.52311825477211;48;0.975277572168764
34.81;5.27252869852102;38;0.975178879842092
30.36;4.60435109847803;328;0.975869726128794
27.47;4.68939188393805;6;0.976560572415495
25.98;4.36137742573513;24;0.977843572662226
25.32;3.52311825477211;33;0.978435726622255
24.84;3.35303668385208;27;0.978633111275598
24.31;2.84279197109198;26;0.978337034295583
23.7;2.08957358558898;39;0.977942264988897
23.37;1.59147755646602;62;0.977251418702196
22.99;1.50643677100601;78;0.976955341722181
22.77;1.67651834192604;71;0.976560572415495
22.69;1.93164069830609;67;0.976560572415495
22.59;2.0166814837661;65;0.97685664939551
23.79;0.753218385503003;349;0.97685664939551
24.77;1.59147755646602;354;0.977448803355539
26.48;2.42973672742904;351;0.978337034295583
27.54;3.52311825477211;330;0.978830495928942
28.35;4.85947345485808;320;0.9793239575623
29.09;6.87615493862419;317;0.978929188255613
28.56;9.1358100951332;324;0.97813964964224
26.77;8.71060616783311;341;0.977744880335554
27.1;6.79111415316417;9;0.978040957315569
27.59;4.68939188393805;35;0.978830495928942
28.07;3.52311825477211;38;0.979225265235628
28.07;3.52311825477211;28;0.979225265235628
26.05;5.95285498220115;26;0.97813964964224
24.67;5.27252869852102;20;0.978435726622255
23.77;5.27252869852102;15;0.978633111275598
23;5.6977326258211;11;0.97873180360227
22.31;6.03789576766117;15;0.978238341968912
21.75;5.6977326258211;15;0.977646188008882
21.54;5.6977326258211;17;0.976955341722181
21.08;5.52765105490107;21;0.976461880088823
20.93;5.95285498220115;26;0.976067110782137
20.82;5.86781419674114;31;0.975573649148779
20.76;6.11078786948404;34;0.975277572168764
20.78;5.95285498220115;35;0.975376264495435
21.42;4.36137742573513;353;0.976067110782137
22.08;6.11078786948404;342;0.97685664939551
22.99;7.37425096774714;351;0.977350111028867
24.98;7.62937332412719;5;0.977350111028867
27.18;8.12746935325015;12;0.977547495682211
29.27;8.88068773875315;11;0.976955341722181
30.71;9.30589166605323;6;0.976461880088823
31.53;9.46382455333612;3;0.975968418455465
31.62;9.46382455333612;4;0.975573649148779
31.04;9.22085088059321;8;0.975277572168764
30.19;8.71060616783311;18;0.974882802862078
29.36;7.78730621141008;25;0.974882802862078
26.22;6.36591022586409;19;0.974488033555391
25.46;5.02955502577812;25;0.974488033555391
25.23;4.68939188393805;32;0.974882802862078
25.03;4.77443266939807;29;0.974882802862078
24.74;5.52765105490107;27;0.974784110535406
24.36;5.78277341128112;32;0.974191956575376
23.81;5.27252869852102;37;0.973698494942018
23.65;4.68939188393805;34;0.972711571675302
23.41;4.77443266939807;26;0.972218110041944
22.99;4.9445142403181;26;0.971724648408586
22.65;4.77443266939807;36;0.971625956081915
22.32;4.02121428389506;46;0.971428571428571
23.36;2.84279197109198;22;0.972316802368616
25.65;2.84279197109198;356;0.972810264001974
28.5;4.02121428389506;356;0.973007648655317
30.64;4.85947345485808;0;0.973303725635332
33.06;5.52765105490107;8;0.973303725635332
35.3;6.03789576766117;9;0.972908956328645
36.9;6.70607336770416;8;0.972316802368616
37.66;7.37425096774714;5;0.972020725388601
36.9;7.8723469968701;0;0.971527263755243
34.73;7.8723469968701;3;0.971527263755243
32.54;7.45929175320716;3;0.971428571428571
30.28;7.28921018228713;360;0.971823340735258
26.69;5.44261026944105;10;0.972415494695287
25.37;5.19963659669815;23;0.972612879348631
24.67;4.9445142403181;33;0.973007648655317
24.24;4.36137742573513;31;0.973501110288675
23.61;4.02121428389506;23;0.973501110288675
22.8;3.85113271297503;10;0.973501110288675
22.25;3.43807746931209;7;0.97320503330866
21.64;2.927832756552;12;0.972711571675302
21.08;2.59981829834908;12;0.972514187021959
20.77;2.42973672742904;13;0.972218110041944
20.39;2.42973672742904;13;0.972218110041944
20.19;2.34469594196903;21;0.972316802368616
20.67;3.01287354201201;34;0.97320503330866
22.49;4.02121428389506;39;0.973698494942018
24.99;4.44641821119515;37;0.973994571922033
27.54;4.68939188393805;28;0.974586725882063
29.77;5.61269184036109;16;0.974488033555391
31.21;6.53599179678412;7;0.974191956575376
31.91;7.45929175320716;6;0.973501110288675
31.48;8.04242856779013;4;0.973303725635332
31.06;8.04242856779013;2;0.97320503330866
29.98;7.70226542595006;5;0.973402417962003
28.54;7.45929175320716;8;0.973599802615347
26.91;7.8723469968701;8;0.973698494942018
25.05;6.70607336770416;7;0.974093264248705
23.5;5.6977326258211;14;0.974586725882063
22.82;5.19963659669815;19;0.975474956822107
22.38;5.02955502577812;18;0.975968418455465
21.85;4.36137742573513;16;0.975869726128794
21.47;3.93617349843505;16;0.975869726128794
21.09;3.681051142055;15;0.97567234147545
20.74;3.681051142055;14;0.974981495188749
20.35;3.60815904023213;15;0.974784110535406
20.05;3.43807746931209;16;0.974488033555391
19.79;3.26799589839206;16;0.974488033555391
19.55;3.35303668385208;14;0.974488033555391
19.97;3.681051142055;8;0.975080187515421
21.71;5.19963659669815;17;0.975573649148779
23.9;5.11459581123813;20;0.976067110782137
26.13;5.35756948398104;17;0.976363187762151
28.26;5.86781419674114;11;0.97626449543548
29.92;6.70607336770416;3;0.975869726128794
30.97;7.78730621141008;359;0.975573649148779
31.15;8.71060616783311;358;0.974882802862078
30.55;9.30589166605323;359;0.974784110535406
29.36;9.54886533879614;3;0.974586725882063
27.83;9.30589166605323;6;0.974784110535406
25.96;8.71060616783311;10;0.975080187515421
23.45;8.12746935325015;10;0.975474956822107
22.19;7.11912861136709;11;0.975968418455465
21.53;6.28086944040407;13;0.976659264742166
21.13;5.86781419674114;14;0.977251418702196
20.73;5.52765105490107;15;0.977054034048853
20.53;5.02955502577812;13;0.97685664939551
20.37;5.11459581123813;12;0.976363187762151
20.2;5.27252869852102;12;0.975474956822107
20.23;6.11078786948404;12;0.975080187515421
20.19;6.19582865494406;11;0.975178879842092
20.14;6.03789576766117;9;0.975277572168764
20.13;5.78277341128112;7;0.975277572168764
20.41;6.36591022586409;8;0.975771033802122
20.84;6.36591022586409;6;0.976165803108808
21.69;6.53599179678412;4;0.97626449543548
23.03;6.87615493862419;3;0.976659264742166
24.18;7.11912861136709;1;0.976363187762151
25.36;7.45929175320716;357;0.976067110782137
26;7.70226542595006;355;0.975771033802122
26.24;8.12746935325015;353;0.974981495188749
26.01;8.46763249509021;352;0.974784110535406
25.4;8.6255653823731;353;0.974488033555391
24.43;8.54052459691308;355;0.974290648902048
23.3;8.12746935325015;358;0.974488033555391
21.38;7.20416939682711;358;0.974290648902048
20.75;6.70607336770416;1;0.974586725882063
20.43;6.36591022586409;3;0.974981495188749
20.19;6.19582865494406;3;0.975376264495435
19.97;5.95285498220115;2;0.975178879842092
19.88;5.86781419674114;2;0.974882802862078
19.74;5.78277341128112;2;0.974488033555391
19.67;5.6977326258211;1;0.973994571922033
19.59;5.52765105490107;1;0.973599802615347
19.58;5.44261026944105;360;0.973501110288675
19.52;5.19963659669815;357;0.973402417962003
19.52;5.19963659669815;354;0.973501110288675
19.3;5.61269184036109;356;0.97379718726869
19.7;5.61269184036109;355;0.974290648902048
20.5;5.6977326258211;350;0.974586725882063
21.54;5.95285498220115;346;0.974981495188749
22.57;6.28086944040407;342;0.974882802862078
23.81;6.62103258224414;338;0.974784110535406
24.76;6.94904704044706;338;0.974586725882063
25.38;7.28921018228713;339;0.973895879595362
25.55;7.62937332412719;341;0.973501110288675
25.38;7.70226542595006;342;0.97320503330866
24.79;7.70226542595006;343;0.973402417962003
23.72;7.37425096774714;343;0.973501110288675
22.36;6.53599179678412;343;0.973698494942018
21.58;5.86781419674114;341;0.974093264248705
21.16;5.19963659669815;339;0.974586725882063
20.92;4.77443266939807;336;0.975178879842092
20.7;4.85947345485808;337;0.975178879842092
20.46;4.44641821119515;337;0.975080187515421
20.11;4.77443266939807;340;0.974586725882063
19.69;3.93617349843505;342;0.973994571922033
19.38;3.681051142055;341;0.973599802615347
19.21;3.43807746931209;339;0.973698494942018
18.77;3.35303668385208;339;0.973599802615347
18.8;3.52311825477211;338;0.973994571922033
19.32;4.85947345485808;344;0.974586725882063
20.62;6.28086944040407;345;0.975474956822107
21.79;6.87615493862419;341;0.975573649148779
22.72;6.87615493862419;336;0.975869726128794
23.73;6.94904704044706;334;0.975771033802122
24.45;7.20416939682711;333;0.97567234147545
25.07;7.54433253866718;334;0.975474956822107
25.26;7.8723469968701;335;0.975277572168764
25.18;8.04242856779013;336;0.974981495188749
24.82;8.21251013871016;337;0.975080187515421
24.08;8.29755092417018;338;0.975080187515421
22.99;8.21251013871016;340;0.975277572168764
21.89;7.8723469968701;340;0.974981495188749
21.21;7.62937332412719;341;0.975474956822107
20.76;7.20416939682711;342;0.976165803108808
20.44;6.94904704044706;343;0.976461880088823
20.21;6.70607336770416;343;0.976560572415495
19.94;6.28086944040407;343;0.97626449543548
19.7;6.11078786948404;344;0.975771033802122
19.36;5.86781419674114;343;0.975178879842092
19.36;5.78277341128112;343;0.974784110535406
19.09;5.44261026944105;342;0.974882802862078
18.91;5.11459581123813;341;0.974882802862078
18.96;4.77443266939807;338;0.975277572168764
19.17;5.02955502577812;337;0.975573649148779
20.25;6.79111415316417;338;0.976461880088823
21.28;6.94904704044706;337;0.976659264742166
22.14;6.94904704044706;334;0.97685664939551
22.89;7.03408782590708;333;0.977152726375524
23.74;7.20416939682711;333;0.97685664939551
24.45;7.70226542595006;335;0.976363187762151
24.78;8.12746935325015;337;0.975869726128794
24.76;8.29755092417018;339;0.975376264495435
24.55;8.29755092417018;341;0.975376264495435
23.89;7.95738778233011;343;0.975573649148779
22.91;7.37425096774714;345;0.97567234147545
21.57;7.03408782590708;349;0.975474956822107
20.81;6.11078786948404;350;0.97567234147545
20.33;5.35756948398104;351;0.976461880088823
19.91;4.60435109847803;349;0.976659264742166
19.54;4.36137742573513;347;0.976560572415495
19.21;4.10625506935508;344;0.976363187762151
19.21;4.02121428389506;340;0.976165803108808
19.12;3.93617349843505;338;0.975869726128794
19.05;3.85113271297503;335;0.975474956822107
18.95;3.93617349843505;333;0.975573649148779
18.92;3.76609192751502;331;0.975573649148779
18.76;3.52311825477211;330;0.975771033802122
18.83;3.35303668385208;336;0.976461880088823
20.11;5.02955502577812;340;0.976955341722181
21.32;5.61269184036109;345;0.977448803355539
22.28;5.61269184036109;346;0.977744880335554
23.48;5.78277341128112;347;0.977646188008882
24.43;6.11078786948404;348;0.977448803355539
25.44;6.28086944040407;348;0.976955341722181
26.1;6.45095101132411;348;0.976461880088823
26.23;6.79111415316417;349;0.976165803108808
26.01;6.87615493862419;351;0.976165803108808
25.44;7.03408782590708;355;0.976363187762151
24.14;7.11912861136709;357;0.976560572415495
22.56;6.45095101132411;358;0.976363187762151
21.5;6.03789576766117;359;0.97685664939551
20.85;5.44261026944105;2;0.977744880335554
20.35;4.60435109847803;4;0.977942264988897
19.84;4.02121428389506;5;0.977843572662226
19.29;3.52311825477211;7;0.977251418702196
18.9;3.09791432747203;11;0.97685664939551
18.81;3.01287354201201;15;0.976461880088823
18.78;2.927832756552;15;0.976165803108808
19.01;3.09791432747203;15;0.976461880088823
19.01;2.76989986926911;14;0.97626449543548
19.24;3.09791432747203;10;0.976659264742166
20.02;4.77443266939807;9;0.97685664939551
20.81;5.61269184036109;10;0.977152726375524
21.73;5.6977326258211;8;0.977646188008882
22.69;5.78277341128112;4;0.977942264988897
24.2;5.95285498220115;359;0.978238341968912
25.36;6.36591022586409;354;0.977942264988897
26.27;6.87615493862419;352;0.977547495682211
26.77;7.45929175320716;352;0.977152726375524
26.71;7.95738778233011;354;0.976757957068838
26.18;8.04242856779013;356;0.976955341722181
25.24;7.95738778233011;359;0.976757957068838
23.97;7.78730621141008;2;0.976955341722181
22.16;7.28921018228713;6;0.977350111028867
21.15;6.62103258224414;12;0.977646188008882
20.57;6.03789576766117;16;0.978040957315569
20.19;5.52765105490107;17;0.978534418948927
19.75;4.9445142403181;16;0.978534418948927
19.29;4.36137742573513;17;0.978238341968912
19.13;4.1912958548151;16;0.977942264988897
18.76;4.02121428389506;15;0.977054034048853
18.52;3.93617349843505;14;0.976560572415495
18.5;3.85113271297503;15;0.97626449543548
18.43;3.60815904023213;14;0.976363187762151
18.18;3.18295511293205;10;0.976659264742166
19.06;4.68939188393805;6;0.977054034048853
20.04;5.19963659669815;4;0.977448803355539
20.99;4.85947345485808;360;0.977547495682211
22.48;4.9445142403181;354;0.977942264988897
24.24;5.61269184036109;350;0.977942264988897
25.61;6.36591022586409;345;0.977646188008882
26.8;6.94904704044706;343;0.977054034048853
27.43;7.28921018228713;343;0.976757957068838
27.54;7.62937332412719;343;0.976461880088823
24.79;7.37425096774714;343;0.976165803108808
24.37;7.19202071318996;346;0.976165803108808
23.96;7.02193914226993;351;0.97626449543548
23.54;6.83970888771275;0;0.97626449543548
23.13;6.66962731679272;6;0.976363187762151
22.71;6.48739706223554;9;0.977054034048853
22.3;6.31731549131551;11;0.977251418702196
21.88;6.13508523675833;10;0.977251418702196
21.47;5.9650036658383;13;0.979718726868986
21.05;5.78277341128112;17;0.979521342215643
20.64;5.61269184036109;24;0.97873180360227
20.22;5.43046158580391;26;0.978238341968912
19.81;5.24823133124673;20;0.977744880335554
19.39;5.0781497603267;23;0.978040957315569
18.98;4.89591950576952;27;0.977843572662226
18.56;4.72583793484949;35;0.97873180360227
20.77;6.19582865494406;47;0.978633111275598
21.81;6.19582865494406;49;0.978830495928942
23.67;7.03408782590708;52;0.978435726622255
26.27;6.19582865494406;36;0.977843572662226
27.62;6.45095101132411;356;0.97813964964224
27.33;8.3825917096302;346;0.977547495682211
27.04;9.30589166605323;348;0.977547495682211
26.77;9.71894690971617;356;0.977152726375524
26.18;9.97406926609622;4;0.977054034048853
25.08;9.8890284806362;9;0.977152726375524
23.71;9.46382455333612;10;0.977251418702196
21.94;8.29755092417018;11;0.977942264988897
20.95;7.45929175320716;13;0.978238341968912
20.48;6.70607336770416;15;0.978929188255613
20.1;6.11078786948404;15;0.979225265235628
19.79;5.52765105490107;17;0.979225265235628
19.37;4.85947345485808;17;0.979126572908956
18.96;4.1912958548151;14;0.978435726622255
18.68;3.681051142055;11;0.977942264988897
18.5;3.60815904023213;6;0.977646188008882
18.43;3.681051142055;5;0.977350111028867
18.6;4.1912958548151;6;0.977350111028867
18.79;4.60435109847803;8;0.977547495682211
19.05;5.27252869852102;15;0.977942264988897
20.1;6.79111415316417;15;0.978238341968912
21.39;6.53599179678412;12;0.979027880582285
22.72;6.53599179678412;10;0.979126572908956
24.15;6.62103258224414;5;0.979027880582285
25.44;7.03408782590708;358;0.97873180360227
26.16;7.70226542595006;353;0.97813964964224
26.42;8.29755092417018;350;0.977843572662226
26.16;8.88068773875315;350;0.977744880335554
25.53;9.05076930967318;352;0.977547495682211
24.65;9.05076930967318;355;0.977646188008882
23.35;8.88068773875315;359;0.977744880335554
21.7;7.95738778233011;2;0.977350111028867
20.68;7.28921018228713;3;0.977744880335554
20.2;7.20416939682711;5;0.978830495928942
19.93;7.11912861136709;4;0.9793239575623
19.87;7.03408782590708;4;0.979422649888971
19.57;6.94904704044706;3;0.979027880582285
19.28;6.87615493862419;2;0.97873180360227
19.17;7.03408782590708;2;0.978337034295583
19.16;7.20416939682711;2;0.977942264988897
19.04;7.28921018228713;3;0.977547495682211
18.99;7.20416939682711;3;0.977350111028867
19.04;7.70226542595006;3;0.977547495682211
19.39;8.12746935325015;4;0.977547495682211
20.03;9.63390612425615;6;0.977942264988897
20.96;9.8890284806362;5;0.978238341968912
22.04;9.97406926609622;3;0.978435726622255
23.13;10.2170429388391;1;0.978337034295583
24.09;10.5572060806792;358;0.977942264988897
24.67;10.9702613243421;356;0.977350111028867
24.83;11.3104244661822;354;0.977251418702196
24.57;11.5655468225622;354;0.976955341722181
24;11.3954652516422;355;0.97685664939551
23.21;10.9702613243421;357;0.976757957068838
22.14;10.3020837242991;359;0.97685664939551
20.96;8.79564695329313;357;0.976955341722181
20.23;7.95738778233011;355;0.977448803355539
19.84;7.54433253866718;356;0.978040957315569
19.56;7.28921018228713;355;0.978633111275598
19.29;7.45929175320716;354;0.978435726622255
19.24;7.78730621141008;355;0.978435726622255
19.12;7.70226542595006;355;0.977744880335554
18.92;7.37425096774714;354;0.977251418702196
18.81;7.37425096774714;352;0.97685664939551
18.86;7.45929175320716;351;0.976461880088823
18.82;7.45929175320716;353;0.976560572415495
18.77;7.20416939682711;354;0.97685664939551
18.74;7.20416939682711;356;0.976659264742166
19.75;9.30589166605323;358;0.977152726375524
20.89;10.0591100515562;359;0.977744880335554
22.11;10.3020837242991;359;0.977843572662226
23.41;10.3020837242991;357;0.978040957315569
24.46;10.4721652952192;353;0.977547495682211
25.01;11.0553021098021;351;0.977152726375524
25.02;11.4805060371022;352;0.976757957068838
24.81;11.4805060371022;355;0.976363187762151
24.28;11.1403428952622;357;0.976165803108808
23.4;10.6422468661392;358;0.976165803108808
22.18;9.80398769517618;358;0.97626449543548
20.64;8.21251013871016;355;0.976165803108808
19.86;7.37425096774714;354;0.977054034048853
19.44;6.45095101132411;352;0.977448803355539
19.15;6.03789576766117;352;0.97813964964224
18.91;5.61269184036109;349;0.977646188008882
18.59;5.35756948398104;348;0.977350111028867
18.41;5.11459581123813;346;0.97685664939551
18.24;4.85947345485808;345;0.976461880088823
18.18;4.68939188393805;341;0.976165803108808
18.47;5.02955502577812;342;0.976067110782137
18.48;5.02955502577812;343;0.97626449543548
18.49;4.85947345485808;343;0.976659264742166
18.63;5.19963659669815;349;0.97685664939551
19.3;6.03789576766117;352;0.977646188008882
20.41;5.95285498220115;349;0.977942264988897
21.84;6.36591022586409;346;0.978435726622255
23.38;7.11912861136709;344;0.978534418948927
24.65;7.78730621141008;344;0.978238341968912
25.55;8.3825917096302;346;0.977843572662226
25.9;8.71060616783311;348;0.977547495682211
25.69;9.1358100951332;350;0.977350111028867
24.92;9.30589166605323;352;0.976955341722181
23.89;8.96572852421317;355;0.977152726375524
22.56;8.21251013871016;1;0.977547495682211
20.81;7.20416939682711;0;0.977251418702196
19.96;6.19582865494406;2;0.977843572662226
19.44;5.35756948398104;3;0.978238341968912
19.09;4.36137742573513;4;0.979027880582285
18.69;3.52311825477211;8;0.979027880582285
18.25;2.927832756552;10;0.979027880582285
17.69;2.76989986926911;4;0.978238341968912
17.2;2.59981829834908;360;0.977744880335554
16.79;2.42973672742904;359;0.977646188008882
16.44;2.08957358558898;5;0.977350111028867
16.65;1.93164069830609;8;0.977547495682211
16.79;1.67651834192604;14;0.977942264988897
17.63;2.42973672742904;19;0.97873180360227
18.84;3.01287354201201;17;0.979027880582285
20.33;3.09791432747203;9;0.979521342215643
22.24;3.26799589839206;1;0.979718726868986
24.22;3.85113271297503;353;0.979916111522329
26.04;5.19963659669815;348;0.979521342215643
27.19;6.53599179678412;348;0.979027880582285
27.57;7.45929175320716;350;0.978534418948927
27.4;8.04242856779013;354;0.978534418948927
26.66;8.21251013871016;359;0.978238341968912
25.39;8.29755092417018;4;0.978337034295583
23.65;7.95738778233011;9;0.978337034295583
21.7;6.53599179678412;13;0.978435726622255
20.52;5.78277341128112;18;0.978633111275598
19.93;4.51931031301802;23;0.979521342215643
19.54;3.60815904023213;22;0.980113496175672
19;3.01287354201201;23;0.979718726868986
18.38;2.42973672742904;25;0.979521342215643
17.65;2.17461437104899;18;0.979027880582285
17.08;2.17461437104899;19;0.978534418948927
16.65;2.25965515650901;18;0.978238341968912
16.41;2.59981829834908;19;0.977843572662226
16.25;2.59981829834908;25;0.978040957315569
16.22;2.25965515650901;33;0.978435726622255
17.43;0.668177600042987;31;0.979027880582285
18.35;1.17842231280309;16;0.979620034542314
20.31;1.59147755646602;3;0.980014803849001
22.19;1.67651834192604;355;0.980113496175672
24.53;2.42973672742904;346;0.980310880829016
26.51;3.93617349843505;343;0.979916111522329
27.88;5.44261026944105;343;0.9793239575623
28.44;6.53599179678412;345;0.979027880582285
28.31;6.87615493862419;349;0.978534418948927
27.86;6.70607336770416;354;0.978337034295583
26.77;6.87615493862419;357;0.97813964964224
24.73;7.37425096774714;0;0.978238341968912
22.25;6.36591022586409;4;0.978337034295583
20.95;5.78277341128112;11;0.978830495928942
20.24;5.02955502577812;15;0.979521342215643
19.84;4.36137742573513;16;0.980014803849001
19.41;3.60815904023213;17;0.979916111522329
18.99;3.26799589839206;16;0.979422649888971
18.48;3.01287354201201;12;0.978929188255613
18.09;3.01287354201201;9;0.978337034295583
18.04;3.09791432747203;7;0.977843572662226
18.08;3.43807746931209;10;0.977744880335554
18.21;3.681051142055;11;0.977646188008882
18.22;4.10625506935508;12;0.977843572662226
18.9;5.95285498220115;10;0.978435726622255
19.58;6.70607336770416;11;0.979027880582285
20.49;6.87615493862419;10;0.979225265235628
21.93;7.20416939682711;7;0.979422649888971
23.54;7.70226542595006;2;0.979521342215643
24.49;8.29755092417018;357;0.979126572908956
25.01;8.46763249509021;355;0.978633111275598
25.19;8.46763249509021;353;0.977942264988897
25.1;8.54052459691308;352;0.977646188008882
24.52;8.79564695329313;352;0.977251418702196
23.49;8.96572852421317;353;0.977152726375524
22.08;8.71060616783311;356;0.977350111028867
20.58;8.46763249509021;355;0.977448803355539
20.04;8.12746935325015;358;0.977843572662226
19.9;8.21251013871016;359;0.978435726622255
19.7;7.8723469968701;1;0.978633111275598
19.46;7.03408782590708;3;0.978534418948927
19.15;5.95285498220115;4;0.977744880335554
18.74;4.77443266939807;2;0.977350111028867
18.37;4.51931031301802;359;0.976560572415495
18.21;4.77443266939807;357;0.976165803108808
18.2;5.44261026944105;357;0.97567234147545
18.24;6.19582865494406;358;0.975869726128794
18.41;6.70607336770416;360;0.976067110782137
18.76;6.79111415316417;0;0.975968418455465
19.78;8.71060616783311;1;0.976461880088823
20.91;8.88068773875315;357;0.976757957068838
21.91;8.79564695329313;353;0.977251418702196
23.06;8.71060616783311;349;0.977251418702196
24.06;8.88068773875315;346;0.976955341722181
24.64;9.22085088059321;345;0.97626449543548
24.97;9.3787837678761;345;0.975968418455465
24.97;9.63390612425615;346;0.975474956822107
24.51;9.63390612425615;349;0.975277572168764
23.77;9.46382455333612;354;0.975474956822107
22.6;8.96572852421317;357;0.97567234147545
21.15;8.29755092417018;1;0.975771033802122
20.44;7.54433253866718;1;0.976067110782137
20.16;6.87615493862419;0;0.97685664939551
20;6.45095101132411;358;0.977054034048853
19.72;5.61269184036109;356;0.97685664939551
19.55;5.52765105490107;356;0.976461880088823
19.55;5.95285498220115;356;0.975968418455465
19.51;5.86781419674114;352;0.975376264495435
19.61;6.28086944040407;349;0.974882802862078
19.55;5.95285498220115;345;0.974586725882063
19.48;5.44261026944105;343;0.974685418208734
19.52;5.35756948398104;341;0.975080187515421
19.87;6.53599179678412;349;0.975277572168764
20.59;7.03408782590708;353;0.975573649148779
21.67;7.03408782590708;353;0.975869726128794
22.67;6.87615493862419;352;0.976067110782137
23.71;6.87615493862419;351;0.976461880088823
24.78;6.94904704044706;347;0.975869726128794
25.5;7.20416939682711;341;0.975573649148779
25.76;7.45929175320716;338;0.975178879842092
25.48;7.8723469968701;336;0.975080187515421
25.02;8.21251013871016;337;0.974784110535406
24.14;8.21251013871016;341;0.974882802862078
23.01;7.8723469968701;345;0.975277572168764
21.64;6.79111415316417;350;0.975178879842092
21.03;6.28086944040407;356;0.97567234147545
20.63;5.27252869852102;0;0.976560572415495
20.26;4.27633664027511;359;0.976461880088823
20.17;4.51931031301802;354;0.976560572415495
20.01;4.10625506935508;350;0.976165803108808
19.79;3.85113271297503;348;0.975474956822107
19.61;3.681051142055;343;0.974784110535406
19.79;4.10625506935508;338;0.974488033555391
19.74;4.36137742573513;330;0.974290648902048
19.77;4.60435109847803;328;0.974488033555391
19.79;4.60435109847803;327;0.974784110535406
19.89;5.11459581123813;342;0.974882802862078
20.55;5.6977326258211;344;0.975080187515421
21.62;6.11078786948404;343;0.975573649148779
22.85;6.70607336770416;342;0.975968418455465
23.8;7.11912861136709;343;0.976067110782137
24.86;7.62937332412719;343;0.976067110782137
25.51;8.21251013871016;343;0.975474956822107
25.67;8.79564695329313;345;0.975376264495435
25.38;9.22085088059321;347;0.975178879842092
24.88;9.3787837678761;350;0.975178879842092
24;9.22085088059321;352;0.975474956822107
22.83;8.6255653823731;355;0.97567234147545
21.2;7.70226542595006;358;0.975968418455465
20.54;7.20416939682711;0;0.97626449543548
20.27;7.20416939682711;4;0.977054034048853
20.01;6.79111415316417;7;0.977152726375524
19.88;6.70607336770416;8;0.977054034048853
19.52;5.78277341128112;7;0.976659264742166
19.22;5.11459581123813;3;0.97626449543548
19.25;5.52765105490107;2;0.975771033802122
19.06;5.11459581123813;1;0.975474956822107
18.89;5.02955502577812;359;0.975178879842092
18.89;5.19963659669815;357;0.975474956822107
19;5.35756948398104;355;0.97567234147545
19.26;6.79111415316417;358;0.975869726128794
19.98;7.8723469968701;1;0.976560572415495
20.78;7.8723469968701;2;0.977152726375524
21.62;7.62937332412719;2;0.977744880335554
22.92;7.70226542595006;360;0.977744880335554
24.17;7.95738778233011;355;0.977646188008882
24.86;8.29755092417018;351;0.977251418702196
25.28;8.46763249509021;349;0.97685664939551
25.22;8.54052459691308;348;0.976461880088823
24.72;8.54052459691308;349;0.97626449543548
23.87;8.3825917096302;351;0.976461880088823
22.65;7.8723469968701;355;0.976659264742166
21.25;6.79111415316417;358;0.976757957068838
20.42;6.03789576766117;2;0.977251418702196
19.91;5.27252869852102;4;0.977744880335554
19.47;4.77443266939807;6;0.97813964964224
19.06;4.36137742573513;7;0.977843572662226
18.78;4.02121428389506;6;0.977448803355539
18.48;3.43807746931209;5;0.97685664939551
18.46;3.35303668385208;1;0.976461880088823
18.35;3.18295511293205;357;0.976363187762151
18.32;3.09791432747203;353;0.976165803108808
18.31;3.26799589839206;352;0.97626449543548
18.45;3.43807746931209;354;0.976560572415495
18.73;3.681051142055;355;0.976955341722181
19.83;5.27252869852102;355;0.977547495682211
20.88;5.52765105490107;353;0.978040957315569
22.08;6.03789576766117;352;0.978534418948927
23.69;6.36591022586409;349;0.97873180360227
24.81;6.79111415316417;346;0.978435726622255
25.74;7.20416939682711;345;0.977744880335554
26.24;7.62937332412719;346;0.977448803355539
26.26;8.04242856779013;347;0.977054034048853
25.7;8.12746935325015;350;0.976955341722181
24.68;7.95738778233011;355;0.976955341722181
23.26;7.37425096774714;359;0.977350111028867
21.39;6.03789576766117;360;0.977350111028867
20.41;5.35756948398104;3;0.978040957315569
19.85;4.9445142403181;5;0.978929188255613
19.41;4.51931031301802;6;0.979422649888971
19.01;4.02121428389506;7;0.979521342215643
18.78;3.60815904023213;6;0.979422649888971
18.62;3.26799589839206;2;0.979027880582285
18.74;3.26799589839206;358;0.978633111275598
18.79;3.43807746931209;355;0.977942264988897
18.69;3.60815904023213;352;0.977547495682211
18.87;3.85113271297503;351;0.977843572662226
19.02;4.02121428389506;349;0.97813964964224
19.52;4.60435109847803;348;0.978238341968912
20.35;6.28086944040407;355;0.978830495928942
21.64;6.53599179678412;356;0.979126572908956
23.17;6.36591022586409;355;0.979422649888971
24.63;6.53599179678412;350;0.979620034542314
25.92;7.11912861136709;348;0.979027880582285
26.7;7.95738778233011;346;0.978830495928942
26.9;8.6255653823731;346;0.978435726622255
26.63;8.88068773875315;348;0.97813964964224
26.03;8.79564695329313;351;0.978040957315569
25.03;8.6255653823731;354;0.977942264988897
23.65;8.21251013871016;357;0.978040957315569
22.01;7.20416939682711;0;0.978238341968912
21.14;6.45095101132411;3;0.978929188255613
20.66;6.45095101132411;7;0.9793239575623
20.4;5.19963659669815;6;0.979718726868986
20.38;5.02955502577812;5;0.979718726868986
20.3;5.61269184036109;5;0.979027880582285
20.1;5.02955502577812;2;0.978929188255613
19.86;5.11459581123813;360;0.977942264988897
19.71;5.02955502577812;358;0.977744880335554
19.51;4.85947345485808;357;0.977251418702196
19.21;4.51931031301802;357;0.977251418702196
18.95;4.36137742573513;357;0.977350111028867
19.31;5.52765105490107;350;0.977448803355539
20.45;7.28921018228713;354;0.977843572662226
21.89;7.45929175320716;354;0.978337034295583
22.96;7.54433253866718;353;0.978633111275598
24.15;7.70226542595006;351;0.97873180360227
25.1;8.04242856779013;348;0.978435726622255
25.7;8.21251013871016;346;0.977942264988897
25.91;8.3825917096302;344;0.977350111028867
25.93;8.6255653823731;342;0.97685664939551
25.4;8.79564695329313;341;0.976757957068838
24.34;8.46763249509021;341;0.976659264742166
23.17;7.95738778233011;342;0.976560572415495
22.05;6.79111415316417;344;0.976067110782137
21.35;6.28086944040407;343;0.976757957068838
20.81;5.44261026944105;342;0.977251418702196
20.4;4.9445142403181;340;0.977448803355539
19.86;4.44641821119515;335;0.977251418702196
19.69;4.36137742573513;334;0.97685664939551
19.37;4.36137742573513;336;0.976461880088823
19.4;4.51931031301802;338;0.97567234147545
19.21;4.44641821119515;341;0.975277572168764
19.02;4.51931031301802;344;0.974882802862078
18.66;4.36137742573513;347;0.974981495188749
18.49;4.36137742573513;349;0.974981495188749
18.93;4.60435109847803;349;0.975178879842092
20.05;6.53599179678412;351;0.975771033802122
21.36;7.78730621141008;353;0.976067110782137
22.26;7.95738778233011;352;0.976560572415495
23.17;7.8723469968701;351;0.976461880088823
23.93;7.95738778233011;348;0.976461880088823
24.54;8.21251013871016;345;0.975869726128794
24.97;8.46763249509021;344;0.975474956822107
24.99;8.6255653823731;344;0.975080187515421
24.66;8.6255653823731;345;0.974882802862078
24.09;8.54052459691308;345;0.974882802862078
23.18;8.12746935325015;344;0.975178879842092
22.06;6.45095101132411;343;0.975080187515421
21.35;5.27252869852102;340;0.975573649148779
20.77;4.85947345485808;338;0.976165803108808
20.23;4.51931031301802;337;0.97626449543548
19.75;4.27633664027511;335;0.97626449543548
19.27;4.02121428389506;333;0.976067110782137
18.82;3.85113271297503;332;0.97567234147545
18.47;3.76609192751502;332;0.975376264495435
18.21;3.76609192751502;330;0.974882802862078
18.04;3.76609192751502;330;0.974685418208734
17.9;3.76609192751502;330;0.974882802862078
17.81;3.76609192751502;332;0.974882802862078
18.01;3.76609192751502;336;0.975277572168764
19.81;4.36137742573513;336;0.975771033802122
21.99;6.87615493862419;345;0.976067110782137
23.4;7.03408782590708;347;0.976461880088823
24.61;7.20416939682711;345;0.976363187762151
25.56;7.62937332412719;344;0.976165803108808
26.29;8.12746935325015;343;0.97567234147545
26.55;8.71060616783311;343;0.975277572168764
26.45;9.22085088059321;345;0.975080187515421
26.12;9.46382455333612;348;0.975080187515421
25.38;9.46382455333612;349;0.974981495188749
24.2;8.88068773875315;348;0.975277572168764
22.8;7.62937332412719;344;0.975178879842092
22.31;7.28921018228713;344;0.975573649148779
22.28;7.62937332412719;345;0.976067110782137
22.12;6.87615493862419;345;0.975968418455465
21.81;5.6977326258211;342;0.976067110782137
21.49;5.78277341128112;341;0.975771033802122
21.11;5.61269184036109;338;0.975080187515421
20.71;5.35756948398104;331;0.974685418208734
20.54;5.61269184036109;327;0.974191956575376
20.4;5.52765105490107;326;0.974191956575376
20.29;5.52765105490107;326;0.974586725882063
20.2;5.27252869852102;327;0.974882802862078
20.09;6.11078786948404;338;0.975178879842092
20.67;7.28921018228713;344;0.975771033802122
21.64;8.54052459691308;350;0.976560572415495
22.55;8.96572852421317;352;0.976955341722181
23.5;9.22085088059321;351;0.977251418702196
23.98;9.05076930967318;349;0.977251418702196
24.28;9.05076930967318;349;0.97685664939551
24.49;9.05076930967318;349;0.976363187762151
24.33;9.05076930967318;349;0.975771033802122
23.84;8.96572852421317;350;0.975771033802122
23.08;8.79564695329313;352;0.975968418455465
22.08;8.3825917096302;355;0.97626449543548
21.05;7.78730621141008;359;0.976461880088823
20.39;7.03408782590708;1;0.976757957068838
20.16;6.36591022586409;1;0.977448803355539
19.92;5.61269184036109;357;0.977843572662226
19.7;4.85947345485808;351;0.977843572662226
19.51;4.1912958548151;344;0.977744880335554
19.19;3.681051142055;340;0.977350111028867
18.93;3.43807746931209;343;0.977054034048853
18.7;3.35303668385208;347;0.976560572415495
18.43;3.18295511293205;346;0.97626449543548
18.18;2.76989986926911;344;0.976659264742166
17.96;2.42973672742904;341;0.977054034048853
18.25;2.59981829834908;341;0.977350111028867
19.82;3.681051142055;348;0.978238341968912
21.29;5.11459581123813;352;0.978830495928942
22.4;4.60435109847803;354;0.979126572908956
23.49;3.76609192751502;350;0.979817419195658
24.81;2.927832756552;341;0.979422649888971
25.75;2.76989986926911;329;0.978830495928942
26.86;2.51477751288906;323;0.978435726622255
27.34;3.18295511293205;324;0.977843572662226
27.33;4.36137742573513;328;0.977646188008882
26.26;6.11078786948404;337;0.977744880335554
24.21;7.11912861136709;347;0.978238341968912
22.21;6.11078786948404;357;0.978435726622255
21.17;5.19963659669815;8;0.979027880582285
20.5;4.1912958548151;16;0.979718726868986
19.94;3.26799589839206;20;0.979718726868986
19.38;2.76989986926911;28;0.979620034542314
18.74;2.42973672742904;34;0.9793239575623
18;2.42973672742904;47;0.978830495928942
17.63;2.59981829834908;57;0.978238341968912
17.27;2.34469594196903;55;0.977942264988897
16.94;2.17461437104899;48;0.977448803355539
16.89;2.25965515650901;44;0.977448803355539
16.91;2.17461437104899;39;0.977547495682211
17.17;1.93164069830609;38;0.97813964964224
19.58;2.0166814837661;44;0.97873180360227
23.01;2.42973672742904;60;0.979225265235628
26.39;3.26799589839206;83;0.979225265235628
29.64;3.681051142055;108;0.979126572908956
32.23;3.52311825477211;135;0.978633111275598
33.57;2.68485908380909;157;0.977942264988897
34.03;1.17842231280309;150;0.976955341722181
34.27;1.00834074188305;34;0.976560572415495
33.85;3.35303668385208;15;0.97626449543548
32.64;5.44261026944105;21;0.97626449543548
30.99;6.36591022586409;28;0.976165803108808
29.7;5.6977326258211;40;0.97567234147545
29.05;5.19963659669815;50;0.976363187762151
28.99;3.93617349843505;56;0.977251418702196
28.51;2.42973672742904;43;0.977448803355539
27.3;2.08957358558898;12;0.977350111028867
26.19;2.17461437104899;19;0.976955341722181
25.03;1.93164069830609;39;0.976659264742166
25.04;1.42139598554599;74;0.976659264742166
24.37;1.84659991284607;104;0.975968418455465
23.59;2.51477751288906;112;0.97567234147545
23.42;3.26799589839206;123;0.975869726128794
23.22;3.60815904023213;130;0.97626449543548
23.41;3.76609192751502;165;0.977547495682211
25.25;3.76609192751502;171;0.978238341968912
28.33;4.85947345485808;185;0.978633111275598
30.64;5.19963659669815;194;0.979225265235628
31.91;4.60435109847803;185;0.979126572908956
33.01;3.681051142055;166;0.979126572908956
33.67;2.17461437104899;158;0.978238341968912
34.13;1.50643677100601;225;0.977646188008882
34.09;2.927832756552;290;0.977054034048853
33.62;4.44641821119515;319;0.976955341722181
32.39;5.78277341128112;347;0.97685664939551
30.69;6.11078786948404;10;0.976955341722181
28.72;6.19582865494406;38;0.976757957068838
27.74;5.86781419674114;43;0.97685664939551
27.12;5.19963659669815;45;0.977448803355539
26.69;4.1912958548151;46;0.977744880335554
26.08;3.26799589839206;37;0.977843572662226
25.21;3.01287354201201;23;0.977350111028867
24.36;3.18295511293205;16;0.976955341722181
23.43;3.26799589839206;27;0.976165803108808
22.74;3.18295511293205;44;0.975869726128794
22.18;3.01287354201201;59;0.97567234147545
21.61;2.59981829834908;74;0.975771033802122
21.54;2.08957358558898;84;0.975771033802122
21;1.93164069830609;178;0.97626449543548
23.5;1.33635520008597;199;0.976659264742166
26.87;1.09338152734307;233;0.977152726375524
29.59;1.17842231280309;261;0.977547495682211
31.94;1.93164069830609;287;0.977350111028867
33.6;3.26799589839206;300;0.976955341722181
34.38;4.85947345485808;309;0.976067110782137
34.37;5.61269184036109;317;0.97567234147545
33.61;6.62103258224414;324;0.975277572168764
32.42;6.79111415316417;334;0.975080187515421
30.93;6.70607336770416;345;0.974981495188749
28.97;5.61269184036109;351;0.975376264495435
26.7;5.44261026944105;14;0.975573649148779
25.57;4.51931031301802;22;0.97567234147545
24.95;3.01287354201201;29;0.976560572415495
24.55;1.59147755646602;27;0.976757957068838
23.97;1.09338152734307;316;0.976757957068838
23.3;0.838259170963019;352;0.97626449543548
22.66;1.09338152734307;86;0.975376264495435
23.05;0.340163141840066;321;0.975080187515421
22;1.09338152734307;288;0.974882802862078
21.3;1.25131441462596;275;0.974685418208734
21.35;0.923299956423036;281;0.974882802862078
21.4;0.668177600042987;239;0.975277572168764
20.17;2.25965515650901;185;0.975968418455465
22.1;2.59981829834908;203;0.976659264742166
24.58;2.76989986926911;208;0.977152726375524
27.31;3.09791432747203;220;0.977547495682211
29.75;4.10625506935508;238;0.977646188008882
31.6;5.35756948398104;253;0.977350111028867
32.39;6.53599179678412;270;0.976560572415495
31.99;7.45929175320716;283;0.976165803108808
30.88;7.37425096774714;292;0.975771033802122
29.78;6.70607336770416;296;0.975771033802122
28.49;5.86781419674114;298;0.976461880088823
26.8;4.27633664027511;302;0.97685664939551
25.12;3.52311825477211;297;0.977054034048853
24.28;2.84279197109198;288;0.977350111028867
23.78;2.34469594196903;277;0.97813964964224
23.33;2.34469594196903;257;0.978337034295583
22.94;2.84279197109198;248;0.978238341968912
22.4;2.51477751288906;265;0.977744880335554
21.74;2.08957358558898;284;0.977251418702196
21.03;1.59147755646602;271;0.97685664939551
20.69;1.59147755646602;241;0.976659264742166
20.53;1.76155912738606;230;0.976461880088823
20.27;1.84659991284607;231;0.976560572415495
19.94;2.08957358558898;225;0.976955341722181
19.72;2.42973672742904;219;0.977152726375524
21.07;2.51477751288906;221;0.977843572662226
23.21;2.927832756552;239;0.978534418948927
25.16;3.09791432747203;256;0.978633111275598
27.08;3.76609192751502;276;0.97873180360227
28.35;4.36137742573513;296;0.978435726622255
28.43;4.9445142403181;304;0.977843572662226
27.84;4.9445142403181;304;0.977744880335554
27.01;4.68939188393805;299;0.977646188008882
26.15;4.36137742573513;298;0.977547495682211
25.2;3.85113271297503;306;0.977646188008882
24.42;3.43807746931209;318;0.977942264988897
23.54;3.681051142055;358;0.977843572662226
22.72;3.18295511293205;17;0.97813964964224
22.09;2.59981829834908;22;0.97873180360227
21.44;1.84659991284607;14;0.978929188255613
20.81;1.33635520008597;353;0.978830495928942
20.42;1.42139598554599;325;0.978633111275598
20.21;1.59147755646602;328;0.97813964964224
20.06;1.67651834192604;340;0.977744880335554
20.05;1.67651834192604;336;0.977054034048853
20;1.50643677100601;317;0.977152726375524
19.91;1.00834074188305;278;0.977152726375524
20.03;1.42139598554599;244;0.977251418702196
20.14;1.42139598554599;240;0.976659264742166
21.02;4.60435109847803;265;0.977646188008882
22.08;4.9445142403181;264;0.978337034295583
23.81;4.27633664027511;276;0.978534418948927
25.37;4.36137742573513;292;0.978534418948927
26.97;4.77443266939807;303;0.978238341968912
27.68;5.35756948398104;310;0.977350111028867
28.13;5.78277341128112;317;0.976955341722181
28.11;6.19582865494406;329;0.976067110782137
27.55;6.62103258224414;342;0.975968418455465
26.29;6.94904704044706;356;0.975968418455465
24.49;6.62103258224414;6;0.976165803108808
22.42;5.19963659669815;4;0.976955341722181
21.5;4.9445142403181;13;0.977152726375524
20.89;4.27633664027511;17;0.977942264988897
20.47;3.681051142055;18;0.978238341968912
20.05;2.76989986926911;9;0.97813964964224
19.54;2.0166814837661;338;0.97813964964224
18.99;2.08957358558898;334;0.977744880335554
18.55;2.42973672742904;345;0.977054034048853
18.46;2.59981829834908;353;0.976560572415495
18.37;2.59981829834908;0;0.976165803108808
18.36;2.59981829834908;8;0.97626449543548
18.47;2.76989986926911;14;0.976659264742166
18.61;2.51477751288906;13;0.97685664939551
19.34;3.26799589839206;13;0.977547495682211
20.85;3.76609192751502;15;0.977942264988897
22.64;4.1912958548151;14;0.977843572662226
24.16;4.77443266939807;8;0.977744880335554
25.64;5.44261026944105;1;0.977251418702196
26.67;6.11078786948404;355;0.976461880088823
27.12;6.87615493862419;352;0.976067110782137
26.82;7.78730621141008;353;0.975277572168764
25.73;8.29755092417018;359;0.975178879842092
24.21;8.3825917096302;6;0.975376264495435
22.63;8.21251013871016;12;0.975771033802122
21.13;7.03408782590708;16;0.975869726128794
20.51;6.62103258224414;20;0.976165803108808
20.16;5.95285498220115;16;0.976659264742166
19.79;5.27252869852102;12;0.97685664939551
19.5;5.02955502577812;16;0.976659264742166
19.34;4.77443266939807;16;0.976363187762151
19.24;4.60435109847803;17;0.975968418455465
19.17;4.27633664027511;17;0.975376264495435
19.11;3.681051142055;11;0.974784110535406
19.03;3.43807746931209;7;0.974586725882063
18.81;3.09791432747203;6;0.974685418208734
18.64;3.01287354201201;1;0.974981495188749
18.86;3.52311825477211;11;0.974784110535406
19.83;5.86781419674114;14;0.975573649148779
21.12;5.27252869852102;15;0.975869726128794
22.15;4.77443266939807;14;0.975968418455465
23.47;4.77443266939807;5;0.97626449543548
24.59;4.60435109847803;353;0.97626449543548
25.33;5.02955502577812;351;0.975474956822107
26.06;5.95285498220115;347;0.975080187515421
25.88;7.11912861136709;344;0.974586725882063
25.19;7.95738778233011;345;0.974586725882063
24.01;8.21251013871016;351;0.974586725882063
22.6;7.62937332412719;358;0.974981495188749
21.33;6.70607336770416;9;0.975277572168764
20.68;5.44261026944105;10;0.975376264495435
20.41;4.60435109847803;9;0.975968418455465
20.12;4.44641821119515;5;0.975869726128794
19.8;4.60435109847803;8;0.975771033802122
19.48;3.76609192751502;15;0.975474956822107
19.4;2.76989986926911;15;0.975178879842092
19.19;2.08957358558898;4;0.974685418208734
18.99;1.76155912738606;6;0.974191956575376
18.76;1.25131441462596;21;0.973698494942018
18.57;0.340163141840066;52;0.973698494942018
18.44;0.753218385503003;258;0.97379718726869
18.76;0.668177600042987;223;0.974685418208734
19.47;1.17842231280309;220;0.975080187515421
20.56;1.67651834192604;232;0.975771033802122
22.01;1.76155912738606;242;0.975869726128794
23.52;2.0166814837661;262;0.975869726128794
25.23;2.42973672742904;282;0.975376264495435
26.28;3.52311825477211;301;0.974586725882063
26.52;4.36137742573513;304;0.973994571922033
26.24;5.11459581123813;315;0.973698494942018
24.62;5.78277341128112;338;0.973698494942018
24.04;5.19963659669815;345;0.97379718726869
23.27;4.77443266939807;345;0.973994571922033
22.02;5.02955502577812;351;0.974093264248705
21.28;4.02121428389506;350;0.974488033555391
20.81;3.18295511293205;350;0.975080187515421
20.45;2.08957358558898;342;0.975277572168764
20.01;1.17842231280309;327;0.975277572168764
19.48;0.753218385503003;303;0.974882802862078
19.2;0.668177600042987;249;0.974685418208734
18.5;1.09338152734307;215;0.974290648902048
18.19;1.25131441462596;209;0.974191956575376
17.94;1.25131441462596;205;0.973895879595362
17.94;1.42139598554599;180;0.974191956575376
17.96;1.67651834192604;165;0.974290648902048
17.93;1.76155912738606;185;0.974488033555391
18.17;1.50643677100601;204;0.975080187515421
19.6;1.42139598554599;217;0.975869726128794
21.73;1.84659991284607;243;0.97626449543548
23.56;2.34469594196903;248;0.976067110782137
25.12;3.01287354201201;253;0.976067110782137
26.34;3.93617349843505;257;0.975376264495435
27.21;4.85947345485808;264;0.974882802862078
27.21;5.78277341128112;277;0.974389341228719
26.45;6.62103258224414;292;0.974685418208734
24.94;7.11912861136709;304;0.974784110535406
23.29;6.36591022586409;311;0.975376264495435
21.95;5.19963659669815;319;0.975178879842092
21.26;3.76609192751502;326;0.97567234147545
20.77;2.59981829834908;333;0.97626449543548
20.22;1.67651834192604;334;0.97685664939551
19.52;0.923299956423036;327;0.977054034048853
19.63;0.498096029122954;244;0.977251418702196
19.21;1.00834074188305;231;0.977251418702196
19.27;0.753218385503003;263;0.976659264742166
19.21;0.340163141840066;307;0.976560572415495
19;0.413055243662937;80;0.97626449543548
18.39;1.17842231280309;120;0.976560572415495
17.83;1.42139598554599;122;0.976757957068838
17.63;1.09338152734307;144;0.977646188008882
19.09;1.09338152734307;138;0.978238341968912
20.43;1.00834074188305;83;0.979027880582285
21.78;0.838259170963019;70;0.979620034542314
23.4;0.170081570920033;56;0.979718726868986
25.11;0.753218385503003;277;0.979521342215643
26.71;1.84659991284607;286;0.97873180360227
27.93;3.09791432747203;300;0.978337034295583
28.28;4.27633664027511;314;0.977646188008882
25.48;6.14723392039548;329;0.977744880335554
24.82;5.77062472764398;344;0.977843572662226
24.16;5.38186685125533;356;0.978337034295583
23.5;5.00525765850383;0;0.978929188255613
22.84;4.62864846575232;12;0.979521342215643
22.18;4.25203927300082;22;0.980310880829016
21.52;3.87543008024932;30;0.980804342462374
20.86;3.49882088749782;39;0.980508265482359
20.2;3.11006301110917;331;0.97626449543548
19.54;2.73345381835767;331;0.975869726128794
18.88;2.35684462560617;335;0.975573649148779
18.22;1.98023543285467;328;0.975080187515421
17.56;1.60362624010317;311;0.974981495188749
16.91;1.22701704735167;299;0.974981495188749
16.25;0.838259170963019;307;0.975376264495435
15.59;0.461649978211518;338;0.975573649148779
18.59;2.0166814837661;341;0.97626449543548
19.46;2.08957358558898;341;0.976955341722181
20.34;2.17461437104899;342;0.977350111028867
21.84;2.59981829834908;344;0.977646188008882
23.56;3.01287354201201;338;0.977251418702196
24.6;3.681051142055;332;0.976560572415495
25.29;4.27633664027511;328;0.975869726128794
25.49;4.77443266939807;326;0.975277572168764
25.11;5.52765105490107;327;0.975277572168764
23.98;6.19582865494406;329;0.975277572168764
22.38;6.11078786948404;337;0.97567234147545
21.27;5.19963659669815;350;0.975573649148779
20.47;4.10625506935508;3;0.976165803108808
19.87;2.927832756552;11;0.97685664939551
19.31;1.84659991284607;5;0.976955341722181
18.46;1.17842231280309;347;0.976955341722181
18.15;1.00834074188305;322;0.976659264742166
18.17;0.923299956423036;304;0.976461880088823
18.01;0.923299956423036;307;0.975968418455465
17.54;1.09338152734307;331;0.975474956822107
17.29;1.33635520008597;346;0.975474956822107
17.43;1.25131441462596;359;0.975474956822107
17.47;1.17842231280309;16;0.97567234147545
18.12;2.68485908380909;357;0.975869726128794
19.26;3.52311825477211;1;0.976363187762151
20.35;3.681051142055;4;0.976757957068838
21.26;3.52311825477211;1;0.977152726375524
22.58;3.60815904023213;354;0.977251418702196
23.85;4.27633664027511;347;0.97685664939551
24.91;4.85947345485808;343;0.976165803108808
25.49;5.44261026944105;341;0.975376264495435
25.46;6.11078786948404;338;0.975178879842092
24.78;6.53599179678412;340;0.974882802862078
23.63;6.79111415316417;346;0.974981495188749
22.2;6.62103258224414;350;0.975277572168764
21.07;5.61269184036109;353;0.975474956822107
20.32;4.9445142403181;3;0.975771033802122
19.88;4.10625506935508;10;0.976461880088823
19.37;2.927832756552;4;0.976461880088823
18.97;2.0166814837661;350;0.97685664939551
18.25;1.59147755646602;330;0.976659264742166
17.84;1.25131441462596;326;0.976363187762151
17.67;1.25131441462596;336;0.975573649148779
17.7;1.00834074188305;0;0.975080187515421
18.05;0.340163141840066;21;0.974981495188749
18.14;0.255122356380049;218;0.975178879842092
18.06;0.58313681458297;210;0.975277572168764
17.68;1.09338152734307;199;0.975573649148779
18.37;0.838259170963019;200;0.976067110782137
19.52;0.413055243662937;251;0.976461880088823
20.93;1.00834074188305;270;0.976659264742166
22.85;1.84659991284607;252;0.976659264742166
24.72;3.09791432747203;260;0.97626449543548
25.91;3.35303668385208;265;0.975573649148779
26.73;4.1912958548151;269;0.974784110535406
26.48;5.02955502577812;278;0.974586725882063
25.5;6.28086944040407;281;0.974882802862078
24.14;6.70607336770416;285;0.975080187515421
22.86;5.78277341128112;292;0.975474956822107
21.93;5.19963659669815;291;0.975968418455465
21.26;3.26799589839206;303;0.97685664939551
20.88;1.67651834192604;315;0.977350111028867
20.56;0.413055243662937;317;0.977448803355539
20.45;0.413055243662937;152;0.977744880335554
20.1;0.753218385503003;160;0.977547495682211
19.32;1.25131441462596;178;0.977251418702196
18.75;1.84659991284607;190;0.976659264742166
18.37;2.51477751288906;199;0.976461880088823
18.13;2.927832756552;202;0.976165803108808
17.79;2.84279197109198;202;0.976363187762151
17.11;2.42973672742904;196;0.976363187762151
17.07;1.93164069830609;189;0.97685664939551
18.65;2.34469594196903;199;0.977152726375524
19.99;2.08957358558898;205;0.977744880335554
21.63;1.59147755646602;208;0.977744880335554
23.58;1.50643677100601;228;0.977646188008882
25.43;2.0166814837661;242;0.977251418702196
26.96;2.34469594196903;247;0.976659264742166
28.05;2.51477751288906;252;0.975573649148779
28.71;2.68485908380909;262;0.974882802862078
28.68;3.60815904023213;280;0.974389341228719
27.25;5.27252869852102;304;0.974586725882063
24.69;6.03789576766117;325;0.974784110535406
22.45;5.35756948398104;342;0.974981495188749
21.23;4.44641821119515;12;0.975771033802122
20.6;3.52311825477211;36;0.975869726128794
20.15;2.51477751288906;57;0.975869726128794
19.63;1.84659991284607;79;0.975869726128794
18.79;1.50643677100601;103;0.975376264495435
18.15;1.50643677100601;129;0.974882802862078
17.66;1.59147755646602;146;0.974290648902048
17.03;1.84659991284607;152;0.973994571922033
16.43;2.08957358558898;154;0.97379718726869
16.09;2.08957358558898;149;0.973895879595362
15.88;2.08957358558898;140;0.974191956575376
17.22;1.33635520008597;113;0.974685418208734
18.43;1.00834074188305;135;0.974784110535406
21.33;0.340163141840066;99;0.975376264495435
23.76;0.923299956423036;19;0.975376264495435
26;1.76155912738606;3;0.975080187515421
27.72;2.17461437104899;346;0.974685418208734
28.85;3.18295511293205;332;0.974093264248705
29.21;4.68939188393805;325;0.97320503330866
28.52;6.28086944040407;325;0.972810264001974
26.76;7.37425096774714;329;0.972612879348631
24.86;6.94904704044706;334;0.972908956328645
23.08;5.95285498220115;348;0.973501110288675
21.99;5.27252869852102;356;0.973698494942018
21.22;4.1912958548151;4;0.974191956575376
20.79;3.18295511293205;24;0.974488033555391
20.47;2.59981829834908;44;0.974586725882063
20.25;2.42973672742904;60;0.974488033555391
19.92;2.17461437104899;64;0.97379718726869
19.5;1.67651834192604;46;0.973007648655317
19.05;1.33635520008597;13;0.972711571675302
18.63;1.33635520008597;349;0.972218110041944
18.14;1.42139598554599;338;0.972119417715273
17.98;1.25131441462596;339;0.971922033061929
17.81;1.17842231280309;350;0.972119417715273
17.79;1.93164069830609;337;0.972316802368616
19.23;2.08957358558898;341;0.972711571675302
20.97;1.33635520008597;1;0.972908956328645
23.16;1.09338152734307;5;0.973303725635332
25.76;0.838259170963019;327;0.972908956328645
28.03;1.76155912738606;284;0.972711571675302
29.64;3.26799589839206;281;0.972218110041944
29.88;5.11459581123813;292;0.9713298791019
28.94;6.19582865494406;301;0.971132494448557
27.08;5.11459581123813;309;0.971527263755243
25.76;3.76609192751502;336;0.972316802368616
24.47;3.93617349843505;346;0.972514187021959
23.16;2.76989986926911;345;0.972415494695287
22.51;2.25965515650901;348;0.972810264001974
22.06;1.76155912738606;348;0.973303725635332
21.61;1.09338152734307;347;0.973501110288675
21.15;0.58313681458297;55;0.973698494942018
20.74;0.838259170963019;48;0.97320503330866
20.09;1.25131441462596;354;0.973007648655317
19.55;1.93164069830609;321;0.972908956328645
19.21;2.25965515650901;317;0.972908956328645
18.85;1.93164069830609;327;0.972908956328645
18.57;1.50643677100601;335;0.97320503330866
18.45;1.00834074188305;349;0.973698494942018
18.54;1.67651834192604;331;0.973895879595362
18.96;1.09338152734307;316;0.974784110535406
20.2;0.58313681458297;226;0.975573649148779
22.7;0;0;0.976067110782137
25.29;0;0;0.976165803108808
27.48;2.68485908380909;265;0.975968418455465
28.79;3.85113271297503;281;0.975277572168764
29.01;5.19963659669815;296;0.974685418208734
28.18;6.19582865494406;307;0.974586725882063
26.79;6.36591022586409;314;0.974882802862078
25.33;5.6977326258211;321;0.975376264495435
23.77;4.68939188393805;331;0.975968418455465
22.36;3.43807746931209;346;0.976363187762151
21.77;2.68485908380909;360;0.977054034048853
21.34;1.93164069830609;5;0.977547495682211
21.03;1.09338152734307;14;0.977843572662226
20.78;0.413055243662937;358;0.977744880335554
20.35;0.838259170963019;283;0.977744880335554
20.13;1.67651834192604;291;0.977251418702196
19.77;2.34469594196903;305;0.977251418702196
19.35;2.68485908380909;316;0.977152726375524
19.11;2.51477751288906;333;0.977152726375524
19.26;2.42973672742904;346;0.977547495682211
19.21;2.34469594196903;351;0.977843572662226
19.01;2.17461437104899;357;0.978337034295583
19.48;1.67651834192604;340;0.979126572908956
20.37;1.67651834192604;332;0.980212188502344
21.69;2.25965515650901;325;0.980508265482359
23.33;2.927832756552;334;0.980508265482359
25.13;3.60815904023213;345;0.98060695780903
26.26;4.60435109847803;350;0.980014803849001
26.43;5.6977326258211;349;0.979620034542314
25.96;6.70607336770416;351;0.9793239575623
24.99;7.28921018228713;355;0.9793239575623
23.51;7.37425096774714;2;0.979521342215643
21.99;6.94904704044706;11;0.979718726868986
20.95;6.19582865494406;12;0.979817419195658
20.38;5.78277341128112;17;0.980212188502344
20.08;5.52765105490107;17;0.98060695780903
19.75;5.19963659669815;18;0.980804342462374
19.43;4.77443266939807;18;0.980705650135702
19.24;4.44641821119515;18;0.980310880829016
18.93;4.27633664027511;17;0.979521342215643
18.7;4.36137742573513;18;0.979422649888971
18.6;4.1912958548151;18;0.979126572908956
18.54;4.44641821119515;19;0.978830495928942
18.55;4.51931031301802;19;0.9793239575623
18.48;4.51931031301802;19;0.979225265235628
18.35;4.36137742573513;17;0.979620034542314
18.96;5.44261026944105;18;0.979718726868986
20.13;5.86781419674114;18;0.980212188502344
21.58;5.61269184036109;16;0.980409573155687
22.88;5.44261026944105;10;0.980212188502344
23.71;5.27252869852102;4;0.979718726868986
24.44;5.27252869852102;356;0.979126572908956
24.71;5.78277341128112;350;0.978337034295583
24.6;6.11078786948404;349;0.97813964964224
23.94;6.28086944040407;350;0.978238341968912
22.9;6.36591022586409;351;0.978040957315569
21.61;6.28086944040407;354;0.978238341968912
20.38;6.03789576766117;1;0.978929188255613
19.79;5.52765105490107;12;0.9793239575623
19.4;5.02955502577812;18;0.979620034542314
19.09;4.51931031301802;21;0.980113496175672
18.78;3.85113271297503;21;0.979620034542314
18.55;3.09791432747203;24;0.979422649888971
18.23;2.76989986926911;20;0.978830495928942
17.98;2.76989986926911;12;0.978238341968912
18.05;2.927832756552;6;0.977942264988897
18.1;3.09791432747203;1;0.977942264988897
18.32;2.68485908380909;0;0.97813964964224
18.44;2.42973672742904;359;0.978238341968912
18.95;3.85113271297503;10;0.978534418948927
19.36;3.681051142055;9;0.97873180360227
20.09;3.76609192751502;9;0.9793239575623
21.78;4.10625506935508;7;0.979225265235628
23.3;4.60435109847803;5;0.979027880582285
24.62;5.44261026944105;4;0.978435726622255
25.68;6.28086944040407;3;0.977646188008882
26.1;7.03408782590708;3;0.976955341722181
25.79;7.45929175320716;4;0.976757957068838
24.84;7.62937332412719;5;0.976955341722181
23.29;7.62937332412719;8;0.977152726375524
21.45;7.28921018228713;11;0.977350111028867
20.25;6.79111415316417;11;0.977744880335554
19.59;6.19582865494406;16;0.978238341968912
19.09;5.35756948398104;19;0.978435726622255
18.76;4.85947345485808;21;0.978633111275598
18.3;4.60435109847803;20;0.978337034295583
17.95;4.51931031301802;21;0.97813964964224
17.62;4.1912958548151;21;0.977547495682211
17.38;3.85113271297503;22;0.977054034048853
17.13;3.35303668385208;23;0.976659264742166
16.84;2.76989986926911;24;0.976659264742166
16.71;2.42973672742904;22;0.976757957068838
16.67;2.42973672742904;13;0.97685664939551
16.96;2.68485908380909;7;0.977152726375524
17.8;4.10625506935508;8;0.977744880335554
19.61;5.11459581123813;8;0.97813964964224
21.06;5.11459581123813;6;0.97873180360227
22.49;5.27252869852102;1;0.978435726622255
23.76;5.86781419674114;356;0.978238341968912
24.53;7.03408782590708;352;0.977350111028867
24.61;8.04242856779013;353;0.97685664939551
24.11;8.71060616783311;356;0.976659264742166
23.15;8.96572852421317;360;0.976659264742166
21.84;8.79564695329313;5;0.976659264742166
20.3;8.04242856779013;10;0.976757957068838
19.32;6.36591022586409;9;0.977054034048853
18.66;5.52765105490107;10;0.977350111028867
18.17;4.85947345485808;8;0.977843572662226
17.71;4.60435109847803;6;0.97813964964224
17.3;4.44641821119515;5;0.978040957315569
17.22;4.60435109847803;8;0.977547495682211
17.09;5.11459581123813;12;0.977152726375524
17.09;5.02955502577812;14;0.97626449543548
17.15;4.68939188393805;14;0.975771033802122
16.88;4.27633664027511;11;0.975474956822107
17.02;4.51931031301802;8;0.975771033802122
17.27;5.02955502577812;7;0.975771033802122
17.71;5.02955502577812;7;0.97567234147545
18.61;5.19963659669815;6;0.975869726128794
20.27;6.70607336770416;1;0.976659264742166
21.58;7.20416939682711;351;0.976757957068838
22.6;7.78730621141008;345;0.977054034048853
23.25;8.29755092417018;342;0.976560572415495
23.85;8.54052459691308;338;0.976067110782137
24;8.46763249509021;334;0.975376264495435
23.84;8.46763249509021;332;0.975080187515421
23.42;8.21251013871016;332;0.975178879842092
22.73;7.78730621141008;331;0.975178879842092
21.88;6.94904704044706;329;0.975277572168764
21.02;5.35756948398104;323;0.975178879842092
20.68;4.77443266939807;313;0.97567234147545
20.26;4.36137742573513;304;0.976067110782137
19.98;4.44641821119515;297;0.975968418455465
19.71;4.44641821119515;288;0.975771033802122
19.42;4.36137742573513;279;0.975277572168764
18.91;4.68939188393805;273;0.974685418208734
18.71;4.77443266939807;266;0.973895879595362
18.87;5.27252869852102;262;0.973402417962003
19.18;5.6977326258211;266;0.973106340981989
19.47;6.28086944040407;275;0.973303725635332
19.13;5.95285498220115;286;0.973402417962003
19.23;6.11078786948404;296;0.97379718726869
19.68;6.94904704044706;305;0.974488033555391
20.98;8.29755092417018;313;0.974981495188749
21.79;8.3825917096302;315;0.97567234147545
22.53;8.29755092417018;315;0.975573649148779
23.2;8.21251013871016;314;0.975474956822107
23.42;8.21251013871016;314;0.974685418208734
23.45;8.12746935325015;314;0.974093264248705
23.53;8.04242856779013;313;0.973895879595362
22.8;7.62937332412719;313;0.973994571922033
22.1;7.37425096774714;314;0.974093264248705
21.1;6.79111415316417;316;0.974290648902048
20.4;6.36591022586409;314;0.974488033555391
19.98;5.52765105490107;312;0.974981495188749
19.72;4.77443266939807;309;0.975573649148779
19.26;4.10625506935508;306;0.97567234147545
18.75;3.60815904023213;300;0.975474956822107
18.44;3.52311825477211;297;0.975178879842092
18.06;3.85113271297503;302;0.974685418208734
17.98;4.02121428389506;312;0.973994571922033
17.79;4.10625506935508;324;0.973599802615347
17.53;4.10625506935508;332;0.973501110288675
17.23;3.85113271297503;335;0.973599802615347
17.15;4.10625506935508;338;0.973698494942018
17.58;4.51931031301802;336;0.973698494942018
18.44;4.9445142403181;337;0.974290648902048
19.73;6.53599179678412;346;0.974784110535406
20.74;6.28086944040407;347;0.975080187515421
21.79;6.11078786948404;343;0.975080187515421
22.58;6.45095101132411;336;0.974784110535406
23.11;7.03408782590708;330;0.974290648902048
23.19;7.45929175320716;328;0.973501110288675
22.95;7.54433253866718;327;0.973402417962003
22.51;7.37425096774714;328;0.973501110288675
21.77;6.94904704044706;330;0.973698494942018
20.88;6.28086944040407;333;0.974093264248705
20.18;4.77443266939807;338;0.97379718726869
19.49;4.02121428389506;337;0.974488033555391
18.91;3.681051142055;334;0.974882802862078
18.43;3.60815904023213;335;0.974784110535406
17.97;3.35303668385208;339;0.974784110535406
17.48;3.18295511293205;341;0.974290648902048
17.46;2.927832756552;338;0.973994571922033
17.35;2.76989986926911;331;0.973501110288675
17.57;2.927832756552;333;0.973402417962003
17.2;2.76989986926911;340;0.973106340981989
16.86;2.59981829834908;349;0.973303725635332
16.7;2.42973672742904;355;0.973599802615347
17.23;3.18295511293205;352;0.97379718726869
18.34;3.85113271297503;349;0.974685418208734
19.69;4.68939188393805;344;0.975277572168764
20.89;4.85947345485808;336;0.97567234147545
21.93;5.02955502577812;332;0.975771033802122
22.78;5.19963659669815;331;0.975376264495435
23.32;5.52765105490107;330;0.974784110535406
23.58;5.86781419674114;328;0.974290648902048
23.57;5.95285498220115;327;0.974290648902048
23.13;5.78277341128112;330;0.974290648902048
22.29;5.61269184036109;335;0.974685418208734
21.01;5.19963659669815;340;0.974882802862078
20.01;4.27633664027511;344;0.975573649148779
19.36;3.60815904023213;342;0.976363187762151
18.72;2.68485908380909;348;0.976757957068838
17.94;2.0166814837661;6;0.976955341722181
17.11;1.50643677100601;32;0.976955341722181
16.83;1.09338152734307;62;0.976955341722181
16.22;1.42139598554599;77;0.976363187762151
15.5;1.59147755646602;98;0.975869726128794
15.53;1.42139598554599;124;0.975968418455465
15.7;0;0;0.975771033802122
15.73;0;0;0.97626449543548
15.56;1.59147755646602;126;0.976461880088823
15.61;2.51477751288906;108;0.976757957068838
15.94;2.927832756552;108;0.977054034048853
17.42;2.927832756552;113;0.977843572662226
19.39;2.68485908380909;127;0.978633111275598
21.81;1.93164069830609;132;0.978929188255613
23.8;0.58313681458297;137;0.978633111275598
25.34;1.93164069830609;251;0.978534418948927
26.33;2.76989986926911;267;0.978040957315569
26.5;1.76155912738606;325;0.977054034048853
26.52;3.18295511293205;9;0.976757957068838
25.76;4.60435109847803;17;0.97685664939551
24.61;3.681051142055;14;0.977448803355539
21.4;4.68939188393805;341;0.978633111275598
20.32;3.60815904023213;4;0.979718726868986
19.64;2.84279197109198;28;0.980508265482359
19.1;2.17461437104899;36;0.980705650135702
18.51;2.25965515650901;51;0.981001727115717
18.2;3.35303668385208;79;0.980508265482359
17.67;3.76609192751502;94;0.979916111522329
17.36;3.26799589839206;100;0.979521342215643
16.8;2.42973672742904;101;0.979521342215643
16.41;2.25965515650901;116;0.979422649888971
16.34;2.51477751288906;129;0.979718726868986
16.33;2.51477751288906;133;0.980212188502344
19.65;4.77443266939807;101;0.9793239575623
21.47;4.60435109847803;91;0.979916111522329
23.3;4.10625506935508;81;0.980705650135702
25.33;3.35303668385208;72;0.98119911176906
28.33;3.26799589839206;60;0.981692573402418
30.03;3.52311825477211;50;0.981692573402418
31.16;4.10625506935508;46;0.98119911176906
32;5.02955502577812;43;0.980409573155687
32;4.36137742573513;35;0.980014803849001
31.82;4.1912958548151;19;0.979817419195658
31.43;4.51931031301802;23;0.979916111522329
30.37;4.1912958548151;33;0.980113496175672
28.19;3.18295511293205;30;0.980508265482359
27.21;2.17461437104899;18;0.981297804095732
26.71;1.33635520008597;48;0.981297804095732
26.71;1.09338152734307;73;0.981692573402418
26.18;1.00834074188305;54;0.981889958055761
25.33;1.09338152734307;109;0.981495188749075
23.23;1.50643677100601;124;0.980903034789045
21.71;2.17461437104899;126;0.980310880829016
20.96;2.59981829834908;125;0.979718726868986
20.45;2.59981829834908;104;0.9793239575623
20.26;2.927832756552;87;0.979225265235628
19.97;3.01287354201201;76;0.9793239575623
19.77;2.76989986926911;64;0.979521342215643
20.79;2.51477751288906;59;0.979916111522329
24.66;3.09791432747203;43;0.980508265482359
27.06;4.10625506935508;41;0.981001727115717
29.22;4.85947345485808;43;0.981001727115717
30.57;4.9445142403181;53;0.980409573155687
31.28;4.68939188393805;58;0.979521342215643
31.7;4.60435109847803;56;0.978633111275598
31.61;4.68939188393805;39;0.977843572662226
30.97;5.86781419674114;18;0.977744880335554
29.06;7.11912861136709;11;0.977744880335554
26.72;6.94904704044706;16;0.977942264988897
25.03;5.95285498220115;22;0.978435726622255
24.25;4.9445142403181;28;0.978633111275598
23.72;3.52311825477211;19;0.978830495928942
22.93;3.01287354201201;7;0.978929188255613
22.21;3.18295511293205;3;0.979027880582285
21.43;3.52311825477211;8;0.97873180360227
20.52;3.52311825477211;16;0.97813964964224
19.91;3.26799589839206;27;0.977744880335554
19.37;2.84279197109198;43;0.977054034048853
18.77;2.42973672742904;58;0.97685664939551
18.75;1.93164069830609;66;0.976659264742166
19.25;1.50643677100601;67;0.976757957068838
20.33;0.58313681458297;90;0.977152726375524
20.77;0.0850407854600165;128;0.977350111028867
23.01;0.838259170963019;342;0.977547495682211
25.27;1.42139598554599;344;0.977448803355539
27.38;1.76155912738606;338;0.977448803355539
29.12;2.34469594196903;331;0.976659264742166
30.27;3.35303668385208;327;0.976067110782137
30.31;5.35756948398104;321;0.975080187515421
29.02;6.70607336770416;317;0.974882802862078
27.76;6.36591022586409;325;0.974981495188749
25.95;6.36591022586409;340;0.975178879842092
24.18;5.44261026944105;354;0.975376264495435
22.87;3.52311825477211;0;0.975277572168764
22.17;2.0166814837661;19;0.97567234147545
21.62;1.17842231280309;23;0.97567234147545
20.65;1.17842231280309;350;0.975869726128794
19.79;1.25131441462596;337;0.97567234147545
19.37;1.09338152734307;334;0.975178879842092
19.48;0.838259170963019;320;0.974685418208734
19.01;1.00834074188305;301;0.974191956575376
18.04;1.33635520008597;297;0.973994571922033
18.1;1.17842231280309;292;0.973698494942018
18.11;0.838259170963019;245;0.973994571922033
16.97;1.50643677100601;213;0.973994571922033
16.72;1.42139598554599;185;0.974488033555391
17.85;1.25131441462596;198;0.974784110535406
20.46;1.09338152734307;235;0.975376264495435
22.6;1.42139598554599;285;0.975573649148779
24.77;2.17461437104899;303;0.975573649148779
26.57;3.18295511293205;310;0.975080187515421
27.72;4.36137742573513;316;0.974290648902048
28.11;5.11459581123813;320;0.973599802615347
27.74;5.78277341128112;325;0.973501110288675
26.54;6.03789576766117;333;0.973402417962003
24.89;5.95285498220115;342;0.973599802615347
22.94;5.35756948398104;352;0.973599802615347
21.46;4.68939188393805;349;0.974093264248705
20.48;3.85113271297503;360;0.974586725882063
19.86;2.84279197109198;9;0.975080187515421
19.5;2.08957358558898;16;0.975376264495435
19.12;1.84659991284607;22;0.975178879842092
18.67;1.67651834192604;27;0.974784110535406
18.34;1.84659991284607;28;0.974290648902048
18.07;2.08957358558898;30;0.973599802615347
17.78;2.08957358558898;31;0.973303725635332
17.57;1.84659991284607;32;0.97320503330866
17.24;1.50643677100601;29;0.973501110288675
17.26;1.17842231280309;30;0.97379718726869
17.32;1.50643677100601;4;0.974389341228719
18.11;1.93164069830609;7;0.974882802862078
19.47;2.59981829834908;1;0.975573649148779
21.39;2.84279197109198;355;0.975869726128794
23.17;3.35303668385208;353;0.975771033802122
24.72;3.76609192751502;351;0.975573649148779
25.9;4.44641821119515;349;0.974784110535406
26.54;5.19963659669815;349;0.974191956575376
26.51;5.78277341128112;352;0.97379718726869
25.76;6.19582865494406;356;0.973895879595362
24.33;6.11078786948404;359;0.973994571922033
22.45;5.27252869852102;2;0.974191956575376
20.72;4.10625506935508;3;0.974685418208734
19.95;2.84279197109198;11;0.974882802862078
19.45;2.17461437104899;17;0.975277572168764
18.84;2.34469594196903;12;0.975376264495435
18.3;2.927832756552;8;0.975277572168764
17.93;3.09791432747203;12;0.975178879842092
17.53;2.51477751288906;22;0.974685418208734
17.22;1.76155912738606;34;0.974488033555391
16.76;1.25131441462596;52;0.974290648902048
16.79;0.838259170963019;80;0.974093264248705
16.67;0.58313681458297;122;0.974290648902048
16.62;0.255122356380049;320;0.974882802862078
16.7;0.668177600042987;331;0.975376264495435
16.81;0.498096029122954;1;0.975968418455465
17.77;0.668177600042987;89;0.976659264742166
19.7;0.498096029122954;114;0.977054034048853
21.92;0.340163141840066;292;0.977152726375524
24.06;1.76155912738606;305;0.976659264742166
25.61;3.43807746931209;312;0.976165803108808
26.01;4.60435109847803;316;0.975771033802122
25.83;5.02955502577812;322;0.975474956822107
25.09;5.02955502577812;328;0.975376264495435
23.69;5.02955502577812;337;0.975376264495435
22.11;4.51931031301802;345;0.97567234147545
20.83;4.1912958548151;333;0.976363187762151
19.92;3.09791432747203;342;0.976659264742166
19.35;1.67651834192604;2;0.976955341722181
18.72;1.00834074188305;71;0.97685664939551
17.92;1.42139598554599;110;0.97685664939551
17.2;1.59147755646602;118;0.976461880088823
16.51;1.59147755646602;120;0.975968418455465
15.95;1.59147755646602;121;0.975178879842092
15.54;1.59147755646602;123;0.974784110535406
15.04;1.84659991284607;129;0.974290648902048
14.51;2.08957358558898;136;0.974093264248705
14.16;2.25965515650901;145;0.974290648902048
14.21;2.34469594196903;152;0.974191956575376
16.04;1.59147755646602;162;0.974389341228719
20.33;1.42139598554599;198;0.974882802862078
22.4;1.59147755646602;238;0.975277572168764
24.08;2.17461437104899;250;0.975277572168764
25.52;2.927832756552;254;0.974389341228719
26.65;3.93617349843505;259;0.973402417962003
27.25;4.9445142403181;267;0.972415494695287
27.09;5.19963659669815;276;0.971724648408586
26.37;5.44261026944105;290;0.971527263755243
24.69;6.45095101132411;309;0.971724648408586
22.45;5.95285498220115;320;0.971922033061929
20.97;4.44641821119515;325;0.971823340735258
20.33;2.42973672742904;336;0.972316802368616
19.92;0.498096029122954;4;0.972514187021959
19.37;0.753218385503003;164;0.972514187021959
18.47;1.33635520008597;190;0.972810264001974
17.77;1.84659991284607;196;0.972218110041944
17.28;2.25965515650901;200;0.972020725388601
17.06;2.68485908380909;200;0.971428571428571
17.04;2.927832756552;191;0.971033802121885
16.86;3.35303668385208;183;0.97073772514187
16.86;3.60815904023213;179;0.970639032815199
16.82;4.02121428389506;178;0.97073772514187
16.82;3.85113271297503;175;0.970935109795213
17.67;4.68939188393805;181;0.971132494448557
19.14;7.11912861136709;189;0.972020725388601
20.74;7.95738778233011;192;0.972316802368616
22.19;8.46763249509021;196;0.972119417715273
23.65;8.79564695329313;202;0.971527263755243
25.02;9.3787837678761;208;0.970935109795213
25.72;9.3787837678761;209;0.970046878855169
25.87;9.30589166605323;211;0.969652109548483
25.53;8.71060616783311;215;0.969553417221811
24.89;8.12746935325015;224;0.969553417221811
23.87;6.36591022586409;236;0.969652109548483
22.64;4.9445142403181;254;0.970836417468542
21.82;4.02121428389506;257;0.971231186775228
21.08;3.18295511293205;254;0.971823340735258
20.45;2.08957358558898;233;0.972119417715273
19.94;1.84659991284607;180;0.972415494695287
19.57;2.51477751288906;148;0.972316802368616
19.09;2.84279197109198;135;0.971823340735258
18.83;3.18295511293205;131;0.971231186775228
18.74;3.43807746931209;134;0.970836417468542
18.99;3.681051142055;144;0.970540340488527
19.39;3.60815904023213;154;0.970836417468542
19.49;3.35303668385208;164;0.971132494448557
18.9;2.34469594196903;197;0.971625956081915
19.42;2.51477751288906;194;0.972316802368616
21;3.35303668385208;193;0.973106340981989
22.49;4.9445142403181;195;0.973895879595362
23.74;6.19582865494406;197;0.973994571922033
24.81;7.45929175320716;198;0.97379718726869
25.82;9.30589166605323;200;0.973402417962003
26.34;9.80398769517618;199;0.972612879348631
26.78;9.63390612425615;196;0.972218110041944
27.14;9.80398769517618;194;0.972020725388601
27.11;10.0591100515562;191;0.972218110041944
26.16;9.71894690971617;179;0.972810264001974
22.81;6.62103258224414;148;0.973402417962003
23.13;9.05076930967318;150;0.97379718726869
22.7;9.3787837678761;151;0.973994571922033
21.91;9.63390612425615;149;0.974488033555391
21.8;10.7272876515992;150;0.974586725882063
21.5;11.3954652516422;156;0.974389341228719
21.13;9.54886533879614;154;0.974191956575376
20.83;9.46382455333612;144;0.97379718726869
20.71;11.5655468225622;137;0.973599802615347
20.61;12.8168612371882;142;0.97379718726869
20.31;12.1486836371452;145;0.974389341228719
20.01;10.3871245097592;135;0.974685418208734
20.43;11.2253836807222;144;0.974191956575376
20.54;12.4888467789853;132;0.974685418208734
20.75;12.4038059935253;125;0.975178879842092
20.97;12.2337244226052;123;0.975474956822107
21.4;13.1570243790283;129;0.975474956822107
21.78;13.0719835935682;131;0.975869726128794
21.77;13.6551204081512;127;0.974981495188749
21.75;15.6718018919173;125;0.97379718726869
21.88;15.4166795355373;124;0.972711571675302
22.23;15.0765163936972;127;0.972711571675302
22.23;13.7401611936112;134;0.973106340981989
21.67;11.6505876080223;137;0.973994571922033
21.84;10.5572060806792;131;0.973994571922033
21.75;8.29755092417018;128;0.974191956575376
21.37;4.51931031301802;160;0.974981495188749
20.55;4.68939188393805;228;0.975869726128794
19.82;3.52311825477211;227;0.97626449543548
19.11;2.08957358558898;224;0.976165803108808
18.91;1.93164069830609;219;0.976165803108808
18.96;1.42139598554599;226;0.976067110782137
19.46;0.753218385503003;145;0.975968418455465
18.69;2.68485908380909;115;0.976461880088823
18.4;3.52311825477211;115;0.976461880088823
18.12;3.85113271297503;112;0.976659264742166
18.58;3.09791432747203;94;0.977152726375524
18.92;2.17461437104899;114;0.978040957315569
21.39;2.25965515650901;107;0.979027880582285
23.09;2.51477751288906;72;0.979027880582285
24.55;2.76989986926911;67;0.979225265235628
25.49;2.0166814837661;73;0.978929188255613
26.45;2.51477751288906;85;0.978337034295583
27.05;3.35303668385208;74;0.977448803355539
27.19;3.85113271297503;62;0.977152726375524
26.38;4.10625506935508;55;0.977251418702196
25.71;3.85113271297503;61;0.977448803355539
24.53;3.09791432747203;66;0.977843572662226
23.37;4.44641821119515;85;0.97813964964224
22.97;5.19963659669815;94;0.978633111275598
22.94;5.52765105490107;100;0.979027880582285
22.77;5.52765105490107;101;0.979521342215643
22.34;4.77443266939807;104;0.979422649888971
22.02;4.60435109847803;102;0.979225265235628
21.73;4.60435109847803;109;0.979027880582285
21.36;4.10625506935508;126;0.97873180360227
21.12;4.10625506935508;129;0.978633111275598
21.02;4.77443266939807;129;0.978633111275598
20.96;5.6977326258211;125;0.978534418948927
21.13;7.03408782590708;122;0.978633111275598
21.28;6.45095101132411;115;0.979718726868986
22.09;7.37425096774714;117;0.979916111522329
23.69;7.95738778233011;122;0.980804342462374
25.37;8.21251013871016;126;0.98119911176906
26.77;9.3787837678761;125;0.981100419442388
27.51;10.3020837242991;120;0.98060695780903
28.19;10.8973692225193;116;0.979718726868986
28.63;10.6422468661392;115;0.97873180360227
29;10.3020837242991;116;0.978633111275598
28.69;9.54886533879614;118;0.978534418948927
27.46;7.95738778233011;121;0.979027880582285
25.82;3.681051142055;135;0.979521342215643
24.51;4.36137742573513;130;0.979620034542314
24.74;0.255122356380049;118;0.980409573155687
22.73;1.42139598554599;343;0.98119911176906
20.91;2.34469594196903;63;0.981593881075746
21.67;4.60435109847803;84;0.981495188749075
21.84;6.28086944040407;92;0.980903034789045
22.22;7.20416939682711;97;0.980014803849001
22.69;7.78730621141008;99;0.979422649888971
22.81;7.28921018228713;100;0.979027880582285
22.59;6.28086944040407;100;0.978830495928942
21.91;4.36137742573513;105;0.97873180360227
23.46;0.753218385503003;114;0.979225265235628
18.98;2.59981829834908;300;0.980705650135702
19.65;3.43807746931209;326;0.981297804095732
21.57;4.9445142403181;1;0.982087342709104
23.14;6.11078786948404;27;0.982383419689119
24.66;6.94904704044706;41;0.982186035035776
25.51;7.62937332412719;57;0.982087342709104
26.39;8.21251013871016;62;0.98119911176906
26.96;7.54433253866718;66;0.980705650135702
27.25;7.28921018228713;80;0.980014803849001
27.16;5.95285498220115;84;0.979817419195658
26.63;4.44641821119515;83;0.979916111522329
25.18;3.85113271297503;82;0.979620034542314
24.56;3.09791432747203;73;0.979521342215643
23.45;3.26799589839206;82;0.979718726868986
22.48;3.26799589839206;93;0.979718726868986
21.76;3.18295511293205;105;0.979817419195658
21.02;2.927832756552;116;0.979225265235628
20.03;2.76989986926911;125;0.978830495928942
19.1;2.68485908380909;129;0.97813964964224
18.43;2.927832756552;130;0.977843572662226
17.91;3.43807746931209;132;0.977448803355539
17.32;3.76609192751502;134;0.977251418702196
16.68;3.93617349843505;137;0.977152726375524
16.28;4.02121428389506;140;0.977350111028867
16.77;4.02121428389506;137;0.97813964964224
17.94;3.85113271297503;138;0.978238341968912
21.89;3.85113271297503;139;0.97873180360227
25.65;4.85947345485808;141;0.979225265235628
27.52;6.11078786948404;142;0.978830495928942
28.68;6.28086944040407;145;0.978633111275598
29.45;5.95285498220115;148;0.977646188008882
29.82;5.44261026944105;148;0.977054034048853
29.87;4.9445142403181;146;0.976659264742166
29.63;4.36137742573513;145;0.976757957068838
28.88;3.26799589839206;146;0.97685664939551
27.43;1.76155912738606;152;0.976757957068838
26.15;0.753218385503003;151;0.977251418702196
25.61;0.923299956423036;106;0.977547495682211
22.93;1.84659991284607;103;0.977942264988897
21.5;2.84279197109198;114;0.978040957315569
20.5;3.43807746931209;125;0.978040957315569
19.54;3.85113271297503;132;0.977744880335554
18.78;4.1912958548151;137;0.977350111028867
18.38;4.51931031301802;139;0.976955341722181
18.18;4.85947345485808;140;0.976659264742166
17.92;5.11459581123813;142;0.976659264742166
17.6;5.11459581123813;144;0.976560572415495
17.25;5.11459581123813;145;0.97685664939551
17.38;5.27252869852102;141;0.977350111028867
18.48;5.11459581123813;142;0.977744880335554
22.07;5.35756948398104;144;0.978238341968912
25.48;6.03789576766117;150;0.979126572908956
27.75;6.62103258224414;156;0.979225265235628
29.08;6.87615493862419;161;0.979027880582285
29.96;6.62103258224414;164;0.978435726622255
30.38;6.19582865494406;165;0.977942264988897
30.5;5.19963659669815;167;0.977744880335554
27.64;1.79800517829749;171;0.978040957315569
27.17;2.0409788510404;186;0.978238341968912
26.7;2.29610120742044;21;0.97873180360227
26.23;2.53907488016335;8;0.978830495928942
25.76;2.78204855290625;15;0.979521342215643
25.29;3.02502222564916;22;0.979817419195658
24.82;3.26799589839206;42;0.980014803849001
24.35;3.51096957113497;83;0.980212188502344
23.88;3.76609192751502;130;0.974093264248705
23.41;4.00906560025792;132;0.973698494942018
22.94;4.25203927300082;133;0.97320503330866
22.47;4.49501294574373;136;0.973106340981989
22;4.73798661848663;146;0.97320503330866
21.53;4.99310897486668;151;0.97379718726869
21.06;5.23608264760959;141;0.974488033555391
20.59;5.47905632035249;170;0.975277572168764
21.27;3.93617349843505;176;0.976363187762151
23.51;3.85113271297503;156;0.977152726375524
26.13;4.85947345485808;147;0.977843572662226
28.09;6.45095101132411;144;0.977843572662226
30.04;6.94904704044706;145;0.976955341722181
31.84;5.86781419674114;159;0.976560572415495
32.61;4.02121428389506;182;0.975869726128794
32.32;1.76155912738606;231;0.975573649148779
31.03;3.26799589839206;326;0.97567234147545
27.94;6.19582865494406;335;0.975968418455465
24.66;6.94904704044706;336;0.976560572415495
22.93;3.93617349843505;357;0.977350111028867
22.1;3.26799589839206;8;0.977942264988897
21.45;2.59981829834908;5;0.978534418948927
20.86;2.34469594196903;357;0.978929188255613
20.37;2.59981829834908;357;0.979126572908956
19.93;2.42973672742904;23;0.978830495928942
19.7;2.84279197109198;38;0.97813964964224
19.41;2.927832756552;74;0.977547495682211
19.21;2.84279197109198;81;0.976955341722181
18.91;2.0166814837661;74;0.976560572415495
19;1.93164069830609;75;0.976461880088823
19.01;2.51477751288906;85;0.976659264742166
20.28;3.09791432747203;80;0.97626449543548
20.83;3.09791432747203;105;0.976659264742166
22.71;2.68485908380909;127;0.977350111028867
25.7;2.84279197109198;142;0.977646188008882
27.5;3.09791432747203;176;0.977942264988897
28.27;3.01287354201201;197;0.978040957315569
28.42;2.927832756552;103;0.977054034048853
29.17;6.36591022586409;84;0.975474956822107
29.5;6.45095101132411;92;0.975376264495435
29.92;6.45095101132411;91;0.975474956822107
29.71;5.44261026944105;87;0.975573649148779
28.05;4.85947345485808;84;0.975474956822107
27.11;5.02955502577812;109;0.974882802862078
25.93;5.44261026944105;113;0.975178879842092
25.21;5.86781419674114;120;0.975277572168764
24.76;6.36591022586409;124;0.975277572168764
24.35;6.53599179678412;129;0.975277572168764
24.06;6.53599179678412;134;0.974882802862078
23.9;6.45095101132411;140;0.974488033555391
23.57;5.61269184036109;146;0.974191956575376
22.69;4.27633664027511;154;0.974191956575376
20.92;2.927832756552;158;0.974093264248705
20.01;2.42973672742904;166;0.974290648902048
19.04;2.51477751288906;164;0.974586725882063
18.12;3.85113271297503;156;0.974981495188749
18.63;3.681051142055;156;0.975474956822107
22.77;3.43807746931209;164;0.975968418455465
26.85;3.76609192751502;184;0.976461880088823
29.08;4.27633664027511;202;0.976659264742166
30.49;4.51931031301802;220;0.976461880088823
31.09;4.44641821119515;243;0.975771033802122
31.09;4.51931031301802;268;0.974784110535406
30.4;5.02955502577812;294;0.974586725882063
28.73;5.86781419674114;316;0.974882802862078
26.6;5.52765105490107;331;0.975080187515421
24.68;4.1912958548151;348;0.975474956822107
23.25;3.26799589839206;15;0.975376264495435
22.44;2.51477751288906;31;0.976067110782137
21.58;2.08957358558898;32;0.976461880088823
20.32;1.76155912738606;13;0.977054034048853
19.3;1.59147755646602;11;0.977350111028867
18.89;1.42139598554599;46;0.977251418702196
18.31;1.76155912738606;80;0.97685664939551
17.84;1.84659991284607;93;0.976461880088823
18.29;1.42139598554599;96;0.976363187762151
18.69;0.753218385503003;76;0.976659264742166
18.27;0.668177600042987;57;0.97685664939551
18.15;1.25131441462596;88;0.977152726375524
17.31;1.25131441462596;54;0.977646188008882
17.33;1.50643677100601;45;0.978337034295583
20.05;2.84279197109198;35;0.978929188255613
22.43;3.60815904023213;37;0.979521342215643
24.26;3.681051142055;33;0.979620034542314
25.92;3.60815904023213;24;0.979225265235628
27.31;3.76609192751502;14;0.978435726622255
28.08;4.27633664027511;4;0.977646188008882
27.98;4.77443266939807;359;0.977646188008882
27.14;5.19963659669815;2;0.977646188008882
25.76;5.52765105490107;7;0.977843572662226
23.98;5.19963659669815;12;0.97813964964224
22.33;4.1912958548151;21;0.97813964964224
21.79;3.60815904023213;30;0.978830495928942
21.36;3.26799589839206;36;0.979027880582285
20.96;2.84279197109198;35;0.9793239575623
20.32;2.76989986926911;24;0.979521342215643
19.72;3.01287354201201;14;0.979422649888971
19.48;3.52311825477211;12;0.979225265235628
19.43;4.02121428389506;20;0.97873180360227
19.3;4.10625506935508;31;0.978633111275598
19.09;3.93617349843505;35;0.978435726622255
18.95;3.60815904023213;39;0.97873180360227
18.71;3.09791432747203;45;0.979225265235628
18.65;3.01287354201201;42;0.9793239575623
19.11;3.01287354201201;44;0.980014803849001
20.72;3.35303668385208;46;0.980804342462374
22.95;3.681051142055;44;0.981001727115717
25.16;3.60815904023213;33;0.981001727115717
26.67;4.10625506935508;14;0.980804342462374
27.62;5.19963659669815;3;0.980212188502344
27.67;6.36591022586409;3;0.979521342215643
27.1;7.11912861136709;7;0.979225265235628
26;7.62937332412719;11;0.979521342215643
24.32;7.54433253866718;16;0.979916111522329
22.66;6.70607336770416;23;0.980113496175672
21.71;5.6977326258211;20;0.979916111522329
21.22;5.27252869852102;24;0.980508265482359
20.87;4.68939188393805;27;0.980804342462374
20.67;4.1912958548151;28;0.980903034789045
20.26;3.76609192751502;31;0.980804342462374
19.75;3.52311825477211;34;0.979916111522329
19.09;3.52311825477211;31;0.979422649888971
18.65;3.93617349843505;22;0.979126572908956
18.51;4.27633664027511;23;0.979225265235628
18.66;4.27633664027511;30;0.9793239575623
18.53;3.76609192751502;38;0.9793239575623
18.37;3.18295511293205;45;0.979521342215643
17.96;2.25965515650901;64;0.979126572908956
18.11;1.84659991284607;56;0.979718726868986
20.83;3.01287354201201;24;0.980212188502344
22.7;4.51931031301802;19;0.98060695780903
24.22;4.9445142403181;25;0.980705650135702
25.64;4.9445142403181;29;0.980014803849001
27.06;4.44641821119515;31;0.979027880582285
28.18;4.02121428389506;27;0.97813964964224
28.55;4.27633664027511;18;0.977646188008882
27.69;5.19963659669815;11;0.977547495682211
25.72;5.35756948398104;15;0.977646188008882
24.03;4.68939188393805;20;0.977942264988897
23.94;3.681051142055;20;0.977646188008882
23.1;3.26799589839206;18;0.97813964964224
22.2;3.85113271297503;6;0.978534418948927
21.43;4.36137742573513;8;0.978633111275598
20.85;3.93617349843505;18;0.97873180360227
20.58;2.927832756552;27;0.978534418948927
20.21;2.25965515650901;30;0.97813964964224
19.99;2.51477751288906;20;0.977547495682211
20.12;3.60815904023213;18;0.977448803355539
19.99;4.60435109847803;20;0.977350111028867
19.88;4.85947345485808;19;0.977448803355539
19.8;4.44641821119515;23;0.977547495682211
20.14;4.27633664027511;28;0.977942264988897
20.5;4.60435109847803;13;0.978633111275598
21.24;6.62103258224414;12;0.979620034542314
21.99;7.20416939682711;26;0.980113496175672
23.14;7.11912861136709;36;0.979916111522329
24.59;6.70607336770416;39;0.9793239575623
26.04;6.36591022586409;31;0.978337034295583
26.43;7.20416939682711;13;0.977646188008882
25.48;8.6255653823731;7;0.977448803355539
23.82;8.79564695329313;11;0.977547495682211
22.18;8.29755092417018;15;0.977843572662226
21.03;7.70226542595006;18;0.978238341968912
20.44;7.11912861136709;24;0.978040957315569
20.15;6.94904704044706;29;0.978435726622255
19.96;5.61269184036109;29;0.978534418948927
19.84;4.85947345485808;26;0.978534418948927
19.69;4.77443266939807;21;0.97873180360227
19.49;5.11459581123813;15;0.97873180360227
19.24;5.19963659669815;14;0.978435726622255
19.06;5.02955502577812;18;0.977942264988897
18.79;4.60435109847803;22;0.977744880335554
18.49;4.36137742573513;24;0.977547495682211
18.47;4.1912958548151;28;0.977547495682211
18.36;4.10625506935508;31;0.977547495682211
17.8;3.60815904023213;25;0.977942264988897
18.33;3.60815904023213;27;0.978337034295583
19.91;5.19963659669815;30;0.979027880582285
21.42;5.11459581123813;31;0.9793239575623
23.09;5.02955502577812;31;0.979126572908956
24.56;4.51931031301802;30;0.978337034295583
25.69;4.36137742573513;22;0.977646188008882
26.18;5.02955502577812;10;0.977054034048853
25.95;6.36591022586409;4;0.976560572415495
24.87;7.54433253866718;3;0.976461880088823
23.35;7.70226542595006;7;0.976757957068838
21.81;6.70607336770416;12;0.977152726375524
21.02;5.52765105490107;10;0.977448803355539
20.46;4.51931031301802;13;0.977942264988897
20.12;4.10625506935508;18;0.978337034295583
19.65;3.85113271297503;23;0.978633111275598
19.44;3.76609192751502;32;0.97873180360227
19.41;4.02121428389506;50;0.978534418948927
19.48;4.68939188393805;74;0.978238341968912
19.49;5.95285498220115;92;0.977646188008882
19.66;8.12746935325015;104;0.977744880335554
19.38;9.71894690971617;109;0.977350111028867
19.11;11.0553021098021;112;0.977251418702196
18.87;12.1486836371452;115;0.977350111028867
18.96;12.0636428516852;114;0.977646188008882
19.24;12.9869428081082;116;0.978238341968912
20.5;14.4083387936542;115;0.978633111275598
22.21;15.3316387500773;117;0.979126572908956
23.76;15.1615571791572;119;0.978929188255613
25.12;14.5784203645743;120;0.978633111275598
26.15;13.7401611936112;121;0.977942264988897
26.92;12.9019020226482;123;0.977547495682211
27.42;12.1486836371452;123;0.977251418702196
27.35;11.4805060371022;121;0.977448803355539
26.59;10.7272876515992;115;0.977843572662226
25.12;9.80398769517618;107;0.978040957315569
24.27;10.0591100515562;100;0.977152726375524
23.51;10.6422468661392;102;0.977448803355539
22.94;11.2253836807222;106;0.977942264988897
22.35;11.8935612807652;108;0.978040957315569
21.72;12.4888467789853;109;0.978633111275598
21.05;12.6467796662682;110;0.978435726622255
20.63;12.8168612371882;111;0.978238341968912
20.24;12.9869428081082;112;0.977942264988897
19.94;13.1570243790283;114;0.977843572662226
19.92;13.5700796226912;115;0.977448803355539
19.73;13.7401611936112;116;0.977350111028867
19.49;13.9952835499913;117;0.977448803355539
19.59;13.5700796226912;115;0.97813964964224
19.78;13.0719835935682;116;0.978830495928942
20.89;14.6634611500343;115;0.979422649888971
22.23;15.5867611064573;115;0.979916111522329
23.53;15.6718018919173;115;0.979916111522329
24.45;15.3316387500773;116;0.979718726868986
25.51;14.9185835064143;116;0.979126572908956
26.17;14.2382572227342;116;0.978238341968912
26.46;13.4850388372312;117;0.978040957315569
26.45;12.9019020226482;117;0.97813964964224
25.97;11.9786020662252;116;0.978633111275598
24.87;10.8123284370592;115;0.979225265235628
23.67;10.3020837242991;118;0.979225265235628
23.23;10.8973692225193;117;0.979916111522329
22.83;11.6505876080223;116;0.980409573155687
22.36;12.3187652080652;116;0.980804342462374
21.73;12.7318204517282;116;0.981100419442388
21.24;13.0719835935682;117;0.980903034789045
20.81;12.9869428081082;117;0.980804342462374
20.51;12.8168612371882;116;0.980508265482359
20.37;12.9019020226482;116;0.980409573155687
20.08;13.0719835935682;115;0.980409573155687
19.85;13.3999980517712;115;0.98060695780903
19.55;13.6551204081512;115;0.981001727115717
19.11;13.1570243790283;117;0.981495188749075
19.53;12.5617388808081;117;0.982482112015791
20.68;14.5784203645743;116;0.982975573649149
22.22;15.6718018919173;116;0.98366641993585
23.56;15.7568426773773;117;0.983863804589193
24.84;15.3316387500773;118;0.983172958302492
26.11;14.5784203645743;118;0.982778188995806
27.09;13.9102427645313;118;0.981889958055761
27.52;12.9869428081082;118;0.981692573402418
27.46;12.2337244226052;117;0.981593881075746
26.8;11.1403428952622;115;0.981889958055761
25.51;9.1358100951332;113;0.982383419689119
24.48;8.3825917096302;113;0.982383419689119
23.79;8.21251013871016;114;0.983370342955835
23.13;8.29755092417018;116;0.983863804589193
22.58;8.6255653823731;117;0.984061189242536
21.97;8.96572852421317;118;0.98425857389588
21.39;9.1358100951332;120;0.984357266222551
20.63;9.30589166605323;120;0.984061189242536
20.14;9.3787837678761;120;0.983962496915865
19.73;9.46382455333612;118;0.984061189242536
19.37;9.63390612425615;117;0.983863804589193
18.98;9.80398769517618;116;0.983863804589193
18.65;9.80398769517618;117;0.983962496915865
18.55;9.46382455333612;117;0.98425857389588
18.89;9.3787837678761;119;0.984752035529238
20.44;10.1320021533791;120;0.985344189489267
22.33;10.9702613243421;122;0.98554157414261
24.08;10.6422468661392;124;0.985344189489267
25.58;9.71894690971617;126;0.985048112509252
26.67;8.54052459691308;126;0.984061189242536
27.36;7.03408782590708;125;0.983370342955835
27.61;5.6977326258211;122;0.982778188995806
27.53;4.68939188393805;114;0.982778188995806
27.08;4.27633664027511;101;0.982975573649149
25.6;3.76609192751502;75;0.983172958302492
23.48;4.68939188393805;55;0.98307426597582
22.06;4.9445142403181;52;0.983567727609178
20.88;4.68939188393805;53;0.984061189242536
19.85;4.10625506935508;56;0.983962496915865
18.74;3.43807746931209;64;0.984061189242536
17.48;2.927832756552;78;0.983863804589193
16.25;2.84279197109198;98;0.982975573649149
15.25;3.01287354201201;115;0.982778188995806
14.33;3.26799589839206;126;0.982383419689119
13.47;3.43807746931209;133;0.982284727362448
12.73;3.52311825477211;137;0.982186035035776
12.09;3.52311825477211;140;0.982186035035776
11.82;3.52311825477211;141;0.982383419689119
12.55;3.18295511293205;144;0.982876881322477
17.29;2.927832756552;149;0.983567727609178
22.01;2.927832756552;162;0.983962496915865
24.04;2.51477751288906;176;0.983765112262522
25.11;1.17842231280309;204;0.983271650629164
25.76;0.838259170963019;301;0.982186035035776
26.28;2.08957358558898;329;0.981593881075746
26.39;3.52311825477211;331;0.98119911176906
25.85;5.19963659669815;334;0.981297804095732
24.26;6.36591022586409;341;0.981396496422403
22.08;5.61269184036109;352;0.981396496422403
20.44;4.51931031301802;4;0.98119911176906
19.41;3.52311825477211;20;0.981593881075746
18.42;3.01287354201201;38;0.98179126572909
17.39;2.76989986926911;56;0.98179126572909
16.25;2.51477751288906;74;0.981692573402418
15.13;2.25965515650901;90;0.981100419442388
14.38;2.08957358558898;104;0.98060695780903
13.53;2.25965515650901;118;0.980113496175672
12.64;2.59981829834908;126;0.980014803849001
11.91;2.76989986926911;134;0.979620034542314
11.33;2.927832756552;139;0.979521342215643
10.86;3.09791432747203;140;0.979718726868986
10.55;3.26799589839206;141;0.979620034542314
10.85;2.68485908380909;143;0.980014803849001
15.36;2.25965515650901;150;0.980804342462374
20.52;2.25965515650901;165;0.981100419442388
23.13;3.18295511293205;184;0.98119911176906
24.84;3.93617349843505;198;0.980409573155687
25.94;3.76609192751502;205;0.979718726868986
26.56;3.35303668385208;220;0.978830495928942
26.78;3.09791432747203;243;0.978633111275598
26.48;2.927832756552;267;0.978633111275598
25.4;3.18295511293205;308;0.978830495928942
23.54;3.52311825477211;341;0.979126572908956
22.02;3.35303668385208;2;0.979126572908956
20.76;3.01287354201201;34;0.9793239575623
19.75;3.01287354201201;67;0.979620034542314
18.67;3.09791432747203;95;0.979620034542314
17.62;3.09791432747203;119;0.979620034542314
16.81;3.60815904023213;135;0.9793239575623
16.61;4.51931031301802;140;0.978830495928942
17.31;5.44261026944105;144;0.978534418948927
17.51;6.03789576766117;144;0.97813964964224
17.33;6.36591022586409;145;0.977942264988897
16.89;6.79111415316417;144;0.977843572662226
16.45;7.03408782590708;143;0.977744880335554
16.18;6.94904704044706;143;0.97813964964224
16.71;6.94904704044706;144;0.978534418948927
19.14;7.45929175320716;144;0.9793239575623
21.6;8.88068773875315;145;0.979620034542314
23.52;9.80398769517618;148;0.979521342215643
24.99;9.8890284806362;151;0.978929188255613
26.21;9.22085088059321;154;0.978238341968912
27.01;8.54052459691308;156;0.977251418702196
27.44;7.95738778233011;158;0.976955341722181
27.46;7.45929175320716;159;0.97685664939551
27.02;6.79111415316417;157;0.976955341722181
25.55;5.35756948398104;148;0.977054034048853
24.42;4.51931031301802;144;0.97685664939551
23.22;4.9445142403181;143;0.977350111028867
22.36;5.61269184036109;144;0.977744880335554
21.79;6.45095101132411;144;0.977942264988897
21.36;7.11912861136709;144;0.977942264988897
20.77;7.45929175320716;144;0.977843572662226
20.32;7.78730621141008;145;0.977251418702196
20.21;8.04242856779013;146;0.977054034048853
20.06;8.12746935325015;147;0.97685664939551
19.76;7.78730621141008;150;0.976659264742166
19.21;7.45929175320716;150;0.976659264742166
18.87;7.37425096774714;148;0.97685664939551
18.71;7.20416939682711;146;0.977152726375524
18.88;7.45929175320716;144;0.977547495682211
20.54;7.70226542595006;145;0.978040957315569
22.71;8.29755092417018;149;0.978534418948927
23.97;7.78730621141008;152;0.97873180360227
25.48;6.94904704044706;161;0.978633111275598
26.32;5.86781419674114;178;0.977942264988897
26.46;4.68939188393805;204;0.977152726375524
25.92;2.42973672742904;230;0.976757957068838
25.96;1.50643677100601;233;0.976461880088823
25.48;2.34469594196903;287;0.97626449543548
23.41;4.9445142403181;310;0.97685664939551
21.14;4.02121428389506;329;0.977448803355539
20.11;3.18295511293205;344;0.978238341968912
19.26;3.35303668385208;354;0.978830495928942
18.64;2.51477751288906;16;0.979027880582285
17.93;1.25131441462596;64;0.979225265235628
17.41;1.33635520008597;114;0.979225265235628
17.14;1.42139598554599;141;0.979126572908956
16.55;1.59147755646602;98;0.978633111275598
15.5;2.17461437104899;73;0.978435726622255
15.01;2.34469594196903;82;0.978435726622255
14.67;2.51477751288906;97;0.978633111275598
14.37;2.42973672742904;109;0.978830495928942
15;3.26799589839206;32;0.979916111522329
15.55;3.18295511293205;32;0.980508265482359
18.4;4.9445142403181;29;0.981297804095732
20.11;6.03789576766117;26;0.981495188749075
21.27;6.28086944040407;22;0.98179126572909
22.09;6.53599179678412;19;0.981396496422403
22.63;6.79111415316417;15;0.98060695780903
22.83;7.03408782590708;13;0.979916111522329
22.52;7.54433253866718;12;0.9793239575623
21.8;8.12746935325015;12;0.979422649888971
20.53;8.71060616783311;12;0.979718726868986
19.23;8.21251013871016;14;0.979916111522329
18.57;7.78730621141008;16;0.980014803849001
18.15;6.79111415316417;19;0.980705650135702
17.7;6.28086944040407;20;0.98060695780903
17.28;5.86781419674114;22;0.980804342462374
16.87;5.52765105490107;22;0.98060695780903
16.52;5.19963659669815;21;0.980508265482359
16.3;4.9445142403181;21;0.980310880829016
16;4.68939188393805;23;0.979718726868986
15.64;4.36137742573513;29;0.979225265235628
15.27;3.85113271297503;37;0.978830495928942
14.73;3.43807746931209;47;0.97873180360227
14.11;3.01287354201201;53;0.978830495928942
13.16;2.59981829834908;61;0.979225265235628
13.67;2.51477751288906;77;0.979916111522329
15.8;2.51477751288906;83;0.980212188502344
18.44;2.51477751288906;71;0.98060695780903
21.21;2.59981829834908;63;0.980508265482359
23.55;2.59981829834908;74;0.979718726868986
25.74;2.59981829834908;83;0.978830495928942
27.23;2.08957358558898;71;0.977942264988897
27.77;2.34469594196903;27;0.977350111028867
26.77;4.9445142403181;7;0.977350111028867
24.7;6.70607336770416;11;0.977448803355539
22.29;6.70607336770416;16;0.977646188008882
20.85;5.86781419674114;26;0.978040957315569
20.14;5.27252869852102;33;0.978337034295583
19.82;4.77443266939807;38;0.978435726622255
19.73;4.27633664027511;46;0.978238341968912
19.65;3.93617349843505;60;0.97813964964224
19.44;3.85113271297503;86;0.978040957315569
19.53;4.51931031301802;109;0.977942264988897
20.11;5.61269184036109;121;0.977448803355539
20.16;6.28086944040407;128;0.977251418702196
20.08;6.53599179678412;131;0.977251418702196
20.25;7.11912861136709;130;0.977547495682211
20.45;7.78730621141008;129;0.977843572662226
21.01;8.79564695329313;131;0.979027880582285
21.28;9.46382455333612;133;0.979817419195658
22.58;10.3871245097592;134;0.980903034789045
23.99;10.3871245097592;133;0.981593881075746
25.44;9.97406926609622;139;0.982186035035776
26.36;8.88068773875315;145;0.982580804342462
27.15;8.12746935325015;157;0.982580804342462
27.48;7.03408782590708;175;0.982383419689119
27.23;5.27252869852102;190;0.982284727362448
26.93;3.93617349843505;201;0.982679496669134
26.15;2.34469594196903;212;0.98307426597582
25.36;0.170081570920033;3;0.98366641993585
23.99;4.02121428389506;9;0.98366641993585
23.47;5.61269184036109;18;0.98366641993585
23.06;5.44261026944105;29;0.984159881569208
22.66;5.02955502577812;42;0.984455958549223
22.16;4.77443266939807;50;0.984850727855909
21.35;4.51931031301802;57;0.984752035529238
20.63;4.44641821119515;68;0.984455958549223
20.08;4.36137742573513;82;0.984357266222551
19.64;4.51931031301802;94;0.984061189242536
19.42;4.9445142403181;101;0.983765112262522
19.27;5.35756948398104;106;0.98366641993585
19.11;5.61269184036109;110;0.983863804589193
19.19;6.45095101132411;114;0.98425857389588
19.67;6.45095101132411;118;0.984850727855909
22.25;6.45095101132411;120;0.985936343449297
25.12;7.62937332412719;119;0.986331112755983
27.19;7.78730621141008;119;0.986528497409326
28.72;7.54433253866718;120;0.986035035775968
29.7;7.20416939682711;120;0.985344189489267
30.26;6.70607336770416;118;0.984455958549223
30.52;5.95285498220115;111;0.983962496915865
30.33;5.27252869852102;100;0.983863804589193
29.53;4.02121428389506;76;0.983863804589193
27.08;3.85113271297503;51;0.98425857389588
24.69;5.44261026944105;34;0.985048112509252
23.44;5.35756948398104;44;0.985640266469282
22.7;5.02955502577812;55;0.985837651122625
22.04;4.68939188393805;63;0.985738958795954
21.38;4.27633664027511;66;0.985936343449297
20.47;3.85113271297503;66;0.98554157414261
19.51;3.681051142055;57;0.985048112509252
18.6;3.681051142055;48;0.984653343202566
17.75;3.60815904023213;48;0.984357266222551
16.82;3.18295511293205;58;0.983962496915865
16.71;2.51477751288906;80;0.983962496915865
16.72;2.25965515650901;110;0.984159881569208
14.69;3.09791432747203;157;0.984554650875894
14.62;2.84279197109198;161;0.984949420182581
19.04;1.50643677100601;166;0.985738958795954
23.23;0.753218385503003;215;0.986331112755983
25.16;1.00834074188305;278;0.986429805082655
26.65;1.67651834192604;296;0.985936343449297
27.65;2.59981829834908;310;0.985146804835924
28.12;3.681051142055;325;0.984159881569208
28.01;5.02955502577812;341;0.983567727609178
26.99;6.45095101132411;353;0.983370342955835
25.14;6.79111415316417;4;0.983469035282507
22.97;5.78277341128112;13;0.98366641993585
21.53;5.11459581123813;21;0.983962496915865
20.71;4.51931031301802;23;0.984159881569208
20.02;4.10625506935508;22;0.984653343202566
19.3;3.681051142055;21;0.984357266222551
18.62;3.43807746931209;19;0.984752035529238
17.91;3.43807746931209;17;0.98425857389588
17.45;3.43807746931209;14;0.983863804589193
16.95;3.35303668385208;11;0.983172958302492
16.61;3.35303668385208;8;0.982778188995806
16.19;3.35303668385208;6;0.982284727362448
15.92;3.43807746931209;2;0.981988650382433
15.66;3.52311825477211;1;0.981889958055761
15.87;4.1912958548151;5;0.982284727362448
16.31;3.76609192751502;4;0.982679496669134
18.13;5.02955502577812;2;0.983271650629164
19.6;6.36591022586409;1;0.983271650629164
20.77;6.45095101132411;355;0.983271650629164
21.65;6.94904704044706;349;0.982580804342462
22.19;7.45929175320716;345;0.98179126572909
22.29;7.95738778233011;344;0.981001727115717
21.87;8.29755092417018;345;0.98060695780903
21.14;8.46763249509021;348;0.98060695780903
20.07;8.21251013871016;352;0.980508265482359
18.99;6.87615493862419;356;0.980310880829016
18.3;5.86781419674114;358;0.979817419195658
17.81;5.02955502577812;356;0.980310880829016
17.55;4.60435109847803;352;0.980409573155687
17.41;4.44641821119515;348;0.98060695780903
17.11;4.27633664027511;344;0.980705650135702
17.01;4.10625506935508;340;0.980310880829016
16.68;4.1912958548151;340;0.979718726868986
16.62;4.27633664027511;342;0.979225265235628
16.44;4.1912958548151;344;0.978633111275598
16.27;4.1912958548151;346;0.978435726622255
16.65;4.51931031301802;346;0.978337034295583
16.55;5.11459581123813;348;0.978238341968912
16.65;6.11078786948404;356;0.978337034295583
17.08;5.95285498220115;359;0.978929188255613
18.57;7.20416939682711;0;0.979225265235628
19.8;8.21251013871016;360;0.979718726868986
20.69;8.46763249509021;356;0.979817419195658
21.26;8.71060616783311;354;0.979521342215643
21.64;8.88068773875315;353;0.978830495928942
21.67;8.71060616783311;352;0.97813964964224
21.41;8.29755092417018;353;0.977646188008882
20.98;7.45929175320716;354;0.977547495682211
20.2;6.79111415316417;353;0.977646188008882
19.22;5.95285498220115;352;0.978040957315569
18.57;5.95285498220115;356;0.978040957315569
18.24;5.19963659669815;357;0.978534418948927
17.81;4.1912958548151;356;0.978830495928942
17.24;3.35303668385208;353;0.979126572908956
16.52;2.59981829834908;353;0.979126572908956
15.76;2.08957358558898;353;0.97873180360227
15.49;1.76155912738606;355;0.977942264988897
15.78;1.42139598554599;357;0.977448803355539
16.27;0.498096029122954;33;0.977054034048853
15.9;0.413055243662937;144;0.976757957068838
15.63;0.668177600042987;169;0.976955341722181
14.88;1.42139598554599;162;0.977054034048853
15.89;1.00834074188305;110;0.977448803355539
14.6;1.59147755646602;137;0.977744880335554
16.49;1.17842231280309;146;0.978238341968912
18.7;0.668177600042987;40;0.978435726622255
19.91;1.09338152734307;357;0.978534418948927
21.01;1.09338152734307;319;0.97813964964224
22.05;1.59147755646602;287;0.977350111028867
22.9;2.59981829834908;282;0.976560572415495
23.26;3.43807746931209;282;0.97626449543548
23.02;3.76609192751502;283;0.97626449543548
22.2;3.681051142055;285;0.976363187762151
20.93;2.84279197109198;293;0.976461880088823
19.73;1.25131441462596;305;0.97626449543548
18.88;1.25131441462596;323;0.976659264742166
17.65;2.51477751288906;330;0.977152726375524
16.48;1.42139598554599;345;0.977547495682211
15.44;2.68485908380909;126;0.977054034048853
14.84;3.93617349843505;140;0.976165803108808
14.24;3.93617349843505;149;0.97567234147545
13.95;3.93617349843505;161;0.974981495188749
13.92;4.1912958548151;170;0.974882802862078
13.85;4.27633664027511;176;0.974882802862078
13.68;4.1912958548151;183;0.975178879842092
13.49;4.10625506935508;192;0.97567234147545
12.74;4.02121428389506;179;0.97626449543548
13.17;4.10625506935508;188;0.976955341722181
16.56;4.60435109847803;195;0.977547495682211
19.24;6.53599179678412;209;0.977744880335554
20.77;6.94904704044706;227;0.977843572662226
21.76;7.37425096774714;248;0.977547495682211
22.07;7.70226542595006;266;0.977251418702196
21.22;8.3825917096302;289;0.976757957068838
19.53;9.54886533879614;314;0.977054034048853
18.76;9.3787837678761;327;0.977744880335554
17.92;7.54433253866718;330;0.978534418948927
17.39;5.86781419674114;334;0.979422649888971
16.95;3.60815904023213;335;0.979817419195658
16.6;2.84279197109198;332;0.980409573155687
16.3;2.84279197109198;335;0.980903034789045
15.61;2.84279197109198;344;0.981297804095732
15.11;2.34469594196903;0;0.981593881075746
14.41;2.0166814837661;18;0.981495188749075
13.76;1.67651834192604;49;0.98119911176906
13.25;1.59147755646602;95;0.980705650135702
12.36;2.0166814837661;124;0.980508265482359
11.84;2.08957358558898;138;0.980212188502344
11.53;2.0166814837661;146;0.980409573155687
11.36;2.0166814837661;149;0.98060695780903
10.7;2.0166814837661;135;0.981396496422403
10.5;1.93164069830609;139;0.981988650382433
12.83;1.59147755646602;132;0.982580804342462
15.18;1.33635520008597;101;0.98307426597582
17.26;3.26799589839206;21;0.983567727609178
18.65;6.03789576766117;8;0.98307426597582
19.36;7.37425096774714;7;0.982284727362448
19.52;8.21251013871016;7;0.981593881075746
19.48;8.79564695329313;7;0.981297804095732
19.03;8.88068773875315;9;0.981297804095732
18.24;8.3825917096302;10;0.981495188749075
17.18;6.62103258224414;12;0.981692573402418
16.47;6.45095101132411;14;0.982284727362448
15.93;6.19582865494406;14;0.982778188995806
15.49;5.86781419674114;15;0.982876881322477
15.15;5.35756948398104;15;0.982876881322477
14.92;4.68939188393805;16;0.982679496669134
14.5;4.02121428389506;15;0.982284727362448
13.94;3.52311825477211;15;0.981889958055761
13.26;3.18295511293205;14;0.981396496422403
12.59;2.84279197109198;19;0.980804342462374
12.19;2.51477751288906;29;0.980409573155687
12.33;2.08957358558898;45;0.980310880829016
12.49;1.84659991284607;66;0.980409573155687
11.46;2.17461437104899;83;0.98119911176906
10.8;2.34469594196903;105;0.98179126572909
13.46;1.84659991284607;114;0.982186035035776
17.18;2.0166814837661;92;0.982778188995806
18.83;2.08957358558898;86;0.982679496669134
20.16;1.84659991284607;104;0.982186035035776
21.28;1.50643677100601;122;0.981495188749075
22.03;0.668177600042987;141;0.980804342462374
22.41;0.413055243662937;307;0.980212188502344
22.43;1.84659991284607;331;0.980113496175672
21.55;4.02121428389506;343;0.980212188502344
19.75;5.11459581123813;351;0.980804342462374
18.11;5.35756948398104;5;0.981297804095732
17.23;4.77443266939807;20;0.981495188749075
16.51;3.93617349843505;32;0.981889958055761
15.75;3.18295511293205;40;0.981988650382433
14.88;2.84279197109198;45;0.981889958055761
14.07;2.59981829834908;48;0.981692573402418
13.42;2.59981829834908;53;0.981495188749075
12.84;2.59981829834908;64;0.980903034789045
12.16;2.59981829834908;76;0.980705650135702
11.56;2.51477751288906;85;0.980508265482359
11.23;2.51477751288906;92;0.980508265482359
10.98;2.42973672742904;98;0.980804342462374
11.06;2.25965515650901;105;0.981889958055761
11.13;2.17461437104899;112;0.982383419689119
14.44;1.33635520008597;103;0.98307426597582
18.07;2.08957358558898;41;0.983765112262522
20.08;3.52311825477211;27;0.983863804589193
21.43;4.10625506935508;23;0.983271650629164
22.29;4.51931031301802;17;0.982383419689119
22.7;5.02955502577812;12;0.981692573402418
22.62;5.78277341128112;8;0.98119911176906
21.93;7.03408782590708;7;0.981001727115717
20.49;7.54433253866718;9;0.98119911176906
18.97;6.62103258224414;15;0.981692573402418
18.08;5.78277341128112;24;0.98179126572909
17.43;5.02955502577812;28;0.982186035035776
16.8;4.44641821119515;32;0.982580804342462
16.16;3.93617349843505;38;0.982778188995806
15.49;3.60815904023213;39;0.982975573649149
14.73;3.26799589839206;41;0.982580804342462
13.96;3.18295511293205;42;0.982383419689119
13.33;3.01287354201201;44;0.981988650382433
12.73;2.68485908380909;53;0.981692573402418
12.37;2.59981829834908;64;0.981495188749075
11.83;2.84279197109198;78;0.981396496422403
11.3;3.01287354201201;101;0.981297804095732
10.7;2.76989986926911;104;0.982186035035776
10.63;2.59981829834908;114;0.982679496669134
13.86;1.84659991284607;125;0.983271650629164
18.8;1.76155912738606;116;0.983765112262522
21.15;1.33635520008597;109;0.983765112262522
22.83;1.17842231280309;120;0.982975573649149
24.06;1.09338152734307;126;0.982186035035776
24.75;0.58313681458297;97;0.981297804095732
24.99;1.17842231280309;6;0.980804342462374
24.7;3.09791432747203;353;0.980903034789045
23.3;5.02955502577812;354;0.981297804095732
21.01;5.19963659669815;1;0.98179126572909
19.47;4.44641821119515;14;0.98179126572909
18.32;3.43807746931209;28;0.982383419689119
17.35;2.84279197109198;37;0.982778188995806
16.27;2.59981829834908;49;0.983172958302492
15.11;2.25965515650901;70;0.983271650629164
14.63;2.0166814837661;88;0.98307426597582
14.45;1.76155912738606;94;0.982679496669134
14.24;1.67651834192604;99;0.982284727362448
13.36;2.0166814837661;115;0.981988650382433
12.32;2.25965515650901;133;0.981495188749075
11.34;2.51477751288906;140;0.981396496422403
10.45;3.09791432747203;145;0.981495188749075
9.8;3.35303668385208;142;0.981593881075746
9.44;3.09791432747203;142;0.981889958055761
12.65;2.08957358558898;142;0.982679496669134
18.52;1.67651834192604;146;0.983172958302492
21.33;1.25131441462596;151;0.983370342955835
23.03;1.42139598554599;162;0.982975573649149
24.05;1.17842231280309;167;0.982383419689119
24.48;0.340163141840066;215;0.981593881075746
24.56;1.17842231280309;314;0.981297804095732
22.54;3.11006301110917;326;0.981297804095732
21.57;3.13436037838346;335;0.981692573402418
20.59;3.1708064292949;345;0.981988650382433
19.61;3.20725248020634;359;0.982284727362448
18.63;3.24369853111777;17;0.982778188995806
17.65;3.26799589839206;33;0.983271650629164
16.68;3.3044419493035;52;0.98366641993585
15.7;3.34088800021493;84;0.983567727609178
14.72;3.37733405112637;152;0.978435726622255
13.74;3.40163141840066;152;0.978337034295583
12.77;3.43807746931209;148;0.977942264988897
11.79;3.47452352022353;141;0.977843572662226
10.81;3.51096957113497;138;0.977843572662226
9.83;3.5474156220464;138;0.977646188008882
8.85;3.57171298932069;138;0.977942264988897
7.88;3.60815904023213;137;0.978040957315569
11.2;4.44641821119515;139;0.978534418948927
14.51;5.11459581123813;139;0.979027880582285
17.68;6.94904704044706;137;0.979027880582285
19.67;8.96572852421317;136;0.97873180360227
21.33;9.30589166605323;138;0.977843572662226
22.77;8.71060616783311;143;0.977054034048853
23.89;7.37425096774714;149;0.97626449543548
24.73;5.44261026944105;161;0.975771033802122
24.51;2.68485908380909;202;0.97567234147545
22.3;3.681051142055;285;0.97567234147545
18.76;5.11459581123813;295;0.976363187762151
17.21;4.10625506935508;307;0.976659264742166
15.51;2.59981829834908;319;0.977251418702196
15.72;1.42139598554599;347;0.977942264988897
16.13;1.17842231280309;63;0.978337034295583
15.4;1.50643677100601;105;0.978337034295583
13.48;2.0166814837661;127;0.978040957315569
12.02;2.51477751288906;135;0.977547495682211
11.18;2.84279197109198;144;0.977054034048853
10.71;2.927832756552;152;0.976955341722181
10.33;3.09791432747203;154;0.976560572415495
10.01;3.18295511293205;149;0.976461880088823
9.74;3.26799589839206;145;0.976363187762151
9.62;3.43807746931209;148;0.976363187762151
9.46;3.26799589839206;145;0.976659264742166
12.18;2.42973672742904;144;0.977054034048853
17.17;2.51477751288906;148;0.977350111028867
19.49;2.59981829834908;150;0.977350111028867
20.69;1.67651834192604;173;0.976560572415495
21.46;1.50643677100601;245;0.975869726128794
21.76;2.59981829834908;285;0.975277572168764
21.54;3.681051142055;306;0.974981495188749
20.61;4.77443266939807;325;0.975178879842092
19.18;5.19963659669815;336;0.975474956822107
17.5;4.27633664027511;349;0.975771033802122
16.72;3.35303668385208;5;0.975968418455465
15.65;2.59981829834908;31;0.976461880088823
14.45;2.08957358558898;52;0.97685664939551
14.23;1.76155912738606;80;0.976955341722181
13.81;1.84659991284607;105;0.977054034048853
13.49;1.76155912738606;116;0.976955341722181
13.18;1.76155912738606;122;0.976659264742166
13.05;1.67651834192604;131;0.976363187762151
12.53;1.84659991284607;147;0.976461880088823
11.74;2.17461437104899;159;0.976363187762151
11.08;2.51477751288906;168;0.976165803108808
10.82;2.68485908380909;178;0.976560572415495
10.88;2.59981829834908;184;0.976955341722181
10.93;2.51477751288906;183;0.977547495682211
13.46;1.42139598554599;186;0.978040957315569
16.67;1.00834074188305;246;0.978830495928942
18.04;1.67651834192604;310;0.978929188255613
19.11;2.68485908380909;321;0.978337034295583
19.98;3.93617349843505;330;0.977547495682211
20.31;4.9445142403181;334;0.977054034048853
20.28;5.44261026944105;336;0.976757957068838
19.76;5.6977326258211;338;0.976955341722181
18.86;5.52765105490107;342;0.976955341722181
17.69;4.60435109847803;348;0.977448803355539
17.02;4.27633664027511;349;0.977942264988897
16.37;3.681051142055;352;0.978830495928942
15.76;3.18295511293205;351;0.978929188255613
14.97;2.42973672742904;346;0.979225265235628
14.24;2.17461437104899;330;0.979126572908956
13.8;2.42973672742904;325;0.979027880582285
13.8;2.76989986926911;326;0.978633111275598
13.66;2.927832756552;327;0.978337034295583
13.53;3.09791432747203;326;0.978040957315569
13.6;3.26799589839206;329;0.977843572662226
13.68;3.26799589839206;330;0.977547495682211
13.56;3.26799589839206;328;0.977547495682211
13.87;3.76609192751502;326;0.977547495682211
14.08;3.681051142055;324;0.97813964964224
15.96;3.85113271297503;322;0.978435726622255
17.47;6.36591022586409;329;0.979027880582285
18.54;6.62103258224414;327;0.979126572908956
19.13;7.11912861136709;323;0.978534418948927
19.35;7.78730621141008;323;0.977744880335554
19.08;8.29755092417018;325;0.977152726375524
18.66;8.6255653823731;329;0.977152726375524
18.01;8.6255653823731;334;0.977350111028867
17.44;8.04242856779013;338;0.977448803355539
16.72;6.45095101132411;339;0.977448803355539
16.34;5.52765105490107;329;0.977547495682211
15.9;5.44261026944105;326;0.977942264988897
15.48;5.61269184036109;325;0.977942264988897
15.25;5.61269184036109;325;0.977646188008882
15.17;5.6977326258211;325;0.978040957315569
15.29;6.11078786948404;326;0.977942264988897
15.35;6.36591022586409;325;0.977646188008882
15.18;6.36591022586409;319;0.976955341722181
14.85;6.94904704044706;320;0.976757957068838
14.59;7.28921018228713;326;0.976560572415495
14.62;7.8723469968701;331;0.976363187762151
14.58;7.95738778233011;337;0.97626449543548
14.85;8.04242856779013;337;0.976165803108808
14.8;8.46763249509021;342;0.976659264742166
15.57;10.3871245097592;347;0.976955341722181
16.07;11.7356283934823;350;0.977646188008882
16.48;11.5655468225622;350;0.978238341968912
16.72;11.8935612807652;347;0.977843572662226
16.79;11.9786020662252;347;0.977350111028867
16.73;11.8935612807652;349;0.976659264742166
16.69;11.8935612807652;349;0.976461880088823
16.22;12.0636428516852;350;0.976659264742166
15.67;11.2253836807222;350;0.977054034048853
15.07;9.97406926609622;349;0.977350111028867
14.79;9.30589166605323;352;0.977448803355539
14.65;9.22085088059321;350;0.977744880335554
14.64;9.71894690971617;348;0.97813964964224
14.28;9.63390612425615;349;0.978534418948927
14.03;9.46382455333612;352;0.978830495928942
13.85;8.96572852421317;354;0.979027880582285
13.68;8.6255653823731;355;0.978929188255613
13.56;8.79564695329313;354;0.978337034295583
13.62;8.88068773875315;355;0.978435726622255
13.42;8.79564695329313;356;0.978435726622255
13.29;8.71060616783311;357;0.978435726622255
13.17;8.6255653823731;358;0.978534418948927
13.39;9.05076930967318;1;0.979027880582285
13.51;9.05076930967318;5;0.979620034542314
14.7;9.3787837678761;9;0.980409573155687
15.59;11.8935612807652;13;0.980903034789045
16.11;11.7356283934823;15;0.981100419442388
16.71;11.3954652516422;14;0.980508265482359
16.95;11.0553021098021;11;0.979916111522329
16.93;10.8973692225193;8;0.9793239575623
16.93;10.8123284370592;6;0.979225265235628
16.55;10.7272876515992;6;0.979422649888971
15.94;10.1320021533791;6;0.979916111522329
15.13;8.71060616783311;8;0.980212188502344
14.5;7.78730621141008;11;0.980705650135702
14.31;7.54433253866718;13;0.981001727115717
14.15;7.28921018228713;12;0.981396496422403
14.09;6.94904704044706;13;0.981692573402418
13.86;6.36591022586409;13;0.981889958055761
13.65;5.78277341128112;12;0.981889958055761
13.57;5.44261026944105;11;0.981988650382433
13.22;5.11459581123813;12;0.981593881075746
13.12;5.11459581123813;10;0.981889958055761
13.14;5.35756948398104;8;0.981889958055761
13.09;5.52765105490107;9;0.982087342709104
13.01;5.78277341128112;11;0.982186035035776
12.85;5.44261026944105;17;0.982580804342462
12.97;4.77443266939807;20;0.982778188995806
14.5;4.60435109847803;22;0.983863804589193
16.31;7.28921018228713;18;0.984455958549223
17.31;7.8723469968701;15;0.984752035529238
17.91;7.95738778233011;12;0.984357266222551
18.32;8.29755092417018;10;0.983765112262522
18.42;8.54052459691308;8;0.983370342955835
18.17;8.71060616783311;8;0.983172958302492
17.72;8.6255653823731;10;0.983469035282507
16.88;8.04242856779013;14;0.983469035282507
15.81;6.45095101132411;17;0.983863804589193
15.16;5.44261026944105;22;0.984159881569208
14.67;4.9445142403181;27;0.984850727855909
14.22;4.51931031301802;32;0.985048112509252
13.78;4.02121428389506;37;0.985146804835924
13.3;3.35303668385208;40;0.985442881815939
12.79;3.26799589839206;38;0.985245497162596
12.46;3.35303668385208;36;0.985048112509252
12.19;3.26799589839206;36;0.984752035529238
11.75;3.01287354201201;39;0.984752035529238
11.27;2.68485908380909;45;0.984752035529238
11.29;2.42973672742904;47;0.984752035529238
10.44;2.42973672742904;53;0.984850727855909
9.53;2.42973672742904;95;0.985344189489267
9.74;2.42973672742904;107;0.985936343449297
11.79;1.84659991284607;111;0.986528497409326
13.99;1.50643677100601;88;0.986923266716013
16.16;2.25965515650901;35;0.987120651369356
18.02;5.44261026944105;10;0.98613372810264
19.04;6.87615493862419;4;0.985245497162596
19.36;7.11912861136709;1;0.984455958549223
19.33;7.54433253866718;357;0.984357266222551
18.85;7.95738778233011;357;0.984554650875894
17.83;7.70226542595006;1;0.984752035529238
16.98;7.37425096774714;5;0.984752035529238
16.52;6.53599179678412;3;0.984850727855909
16.14;6.28086944040407;3;0.984949420182581
15.91;6.45095101132411;3;0.984752035529238
15.71;6.45095101132411;3;0.984850727855909
15.55;6.19582865494406;2;0.984752035529238
15.05;5.78277341128112;360;0.98425857389588
14.91;5.6977326258211;357;0.983863804589193
15.03;6.03789576766117;356;0.983370342955835
14.97;6.62103258224414;355;0.98307426597582
14.99;7.11912861136709;356;0.98307426597582
14.95;7.45929175320716;357;0.982975573649149
14.82;7.28921018228713;357;0.982975573649149
14.99;7.45929175320716;358;0.983567727609178
15.06;7.37425096774714;0;0.98366641993585
16.4;7.54433253866718;360;0.98366641993585
17.7;10.3020837242991;360;0.984357266222551
18.67;10.6422468661392;357;0.984455958549223
19.13;11.0553021098021;355;0.983863804589193
19.42;11.3104244661822;356;0.982975573649149
19.36;11.1403428952622;357;0.981988650382433
19.25;10.8973692225193;358;0.981692573402418
18.78;10.6422468661392;358;0.981889958055761
18.05;9.97406926609622;360;0.982186035035776
17.29;7.70226542595006;0;0.982679496669134
16.61;5.86781419674114;3;0.982679496669134
16.15;4.85947345485808;360;0.983172958302492
15.84;4.44641821119515;357;0.983469035282507
15.49;4.27633664027511;354;0.984061189242536
15.35;4.27633664027511;357;0.984357266222551
15.37;4.36137742573513;3;0.984159881569208
15.51;4.36137742573513;12;0.98366641993585
15.13;3.60815904023213;22;0.983172958302492
14.54;2.76989986926911;32;0.982975573649149
13.88;2.08957358558898;45;0.982876881322477
13.62;1.59147755646602;53;0.982975573649149
13.33;1.50643677100601;59;0.98307426597582
13.33;2.17461437104899;58;0.983567727609178
13.21;2.34469594196903;97;0.983962496915865
13.87;2.51477751288906;121;0.984752035529238
15.65;1.84659991284607;125;0.985048112509252
17.71;1.17842231280309;103;0.985442881815939
19.56;1.25131441462596;96;0.984752035529238
21.03;0.923299956423036;83;0.983962496915865
21.93;1.50643677100601;6;0.983271650629164
22.22;3.681051142055;347;0.982975573649149
21.3;6.28086944040407;351;0.982975573649149
19.65;7.03408782590708;0;0.983172958302492
17.83;6.79111415316417;10;0.983962496915865
16.75;5.6977326258211;20;0.98425857389588
16.15;4.36137742573513;25;0.984752035529238
15.6;3.52311825477211;22;0.984850727855909
14.86;2.76989986926911;17;0.984850727855909
14.23;2.59981829834908;21;0.984949420182581
13.67;1.50643677100601;46;0.984752035529238
13.73;1.09338152734307;43;0.984357266222551
14.06;1.00834074188305;29;0.983962496915865
14.34;0.668177600042987;30;0.983567727609178
14.08;1.25131441462596;6;0.983370342955835
14.08;1.84659991284607;10;0.983469035282507
14.27;1.84659991284607;10;0.983469035282507
15.08;3.93617349843505;2;0.984159881569208
15.36;3.85113271297503;7;0.98425857389588
16.33;3.681051142055;10;0.984949420182581
17.84;5.61269184036109;11;0.985344189489267
18.84;6.03789576766117;6;0.98554157414261
19.46;6.62103258224414;2;0.984850727855909
20.03;6.94904704044706;1;0.984159881569208
20.09;6.79111415316417;360;0.983172958302492
20.08;6.45095101132411;358;0.982679496669134
19.67;6.62103258224414;357;0.982383419689119
18.78;6.36591022586409;359;0.982482112015791
17.73;5.27252869852102;3;0.982778188995806
17.24;4.60435109847803;9;0.982876881322477
16.73;3.76609192751502;14;0.98307426597582
16.24;2.59981829834908;17;0.983271650629164
15.57;1.59147755646602;18;0.983469035282507
15.99;0.413055243662937;9;0.983271650629164
15.85;0.498096029122954;219;0.98307426597582
15.24;1.09338152734307;228;0.982679496669134
15.27;1.25131441462596;242;0.982284727362448
15.53;1.33635520008597;260;0.981988650382433
15.71;1.42139598554599;288;0.981692573402418
15.8;1.59147755646602;307;0.981593881075746
16.12;1.67651834192604;325;0.981495188749075
16.14;1.42139598554599;338;0.981495188749075
16.24;1.50643677100601;343;0.981593881075746
17.14;2.59981829834908;353;0.982284727362448
17.96;3.43807746931209;358;0.982482112015791
18.5;3.85113271297503;359;0.982482112015791
19.14;4.36137742573513;359;0.981889958055761
19.43;4.85947345485808;357;0.980903034789045
19.69;5.35756948398104;355;0.980212188502344
19.59;5.52765105490107;353;0.979718726868986
19.14;5.44261026944105;353;0.9793239575623
18.44;4.9445142403181;352;0.979027880582285
17.73;4.27633664027511;352;0.979027880582285
17.06;3.60815904023213;354;0.979027880582285
16.78;2.76989986926911;345;0.979126572908956
16.34;1.84659991284607;330;0.978830495928942
15.54;1.50643677100601;285;0.978830495928942
15.16;2.42973672742904;248;0.979027880582285
14.83;2.84279197109198;235;0.979126572908956
14.96;2.76989986926911;223;0.978929188255613
15.16;2.68485908380909;212;0.978830495928942
15.5;2.51477751288906;198;0.978534418948927
15.54;2.51477751288906;184;0.97813964964224
15.66;2.76989986926911;182;0.97813964964224
15.34;3.09791432747203;182;0.978040957315569
15.75;2.76989986926911;202;0.978238341968912
15.97;3.01287354201201;196;0.978534418948927
16.72;3.60815904023213;193;0.978633111275598
17.45;2.927832756552;180;0.97873180360227
18.33;3.01287354201201;172;0.978633111275598
19.3;3.35303668385208;192;0.97813964964224
20.36;4.02121428389506;217;0.977448803355539
21.08;4.44641821119515;230;0.976955341722181
21.36;4.51931031301802;240;0.976461880088823
21.21;5.02955502577812;255;0.976659264742166
20.22;5.52765105490107;273;0.977054034048853
18.63;5.19963659669815;284;0.977547495682211
17.43;4.60435109847803;283;0.977942264988897
16.7;3.35303668385208;279;0.978435726622255
15.79;2.0166814837661;259;0.978830495928942
14.93;1.59147755646602;208;0.978929188255613
13.89;2.25965515650901;173;0.978929188255613
13.14;2.68485908380909;162;0.978929188255613
12.36;2.927832756552;154;0.978435726622255
11.77;3.01287354201201;150;0.977942264988897
11.06;2.927832756552;147;0.977744880335554
10.37;2.84279197109198;145;0.977350111028867
10.08;2.927832756552;145;0.977547495682211
10.04;3.26799589839206;147;0.977744880335554
10.43;3.26799589839206;145;0.978337034295583
10.82;3.18295511293205;145;0.97873180360227
12.22;3.09791432747203;145;0.979521342215643
14.54;2.76989986926911;146;0.979817419195658
17.2;1.33635520008597;160;0.980212188502344
18.61;1.50643677100601;333;0.979422649888971
19.93;3.18295511293205;343;0.97873180360227
20.52;4.36137742573513;344;0.977843572662226
20.73;5.19963659669815;345;0.977547495682211
20.21;5.78277341128112;347;0.977448803355539
19.25;5.86781419674114;349;0.977744880335554
18.07;5.11459581123813;353;0.978040957315569
17.31;4.85947345485808;357;0.978534418948927
16.88;4.02121428389506;9;0.978929188255613
16.37;3.26799589839206;19;0.978929188255613
16.13;3.01287354201201;24;0.979027880582285
15.95;3.01287354201201;21;0.979027880582285
15.81;3.43807746931209;14;0.97873180360227
15.91;3.93617349843505;12;0.978534418948927
15.86;4.36137742573513;12;0.97813964964224
15.91;4.9445142403181;13;0.977942264988897
15.81;4.9445142403181;13;0.977744880335554
15.79;4.9445142403181;14;0.978040957315569
15.69;4.60435109847803;14;0.978337034295583
15.56;4.60435109847803;18;0.978929188255613
15.44;3.76609192751502;22;0.9793239575623
16.28;4.44641821119515;21;0.979817419195658
17.89;6.53599179678412;17;0.980310880829016
19.02;6.87615493862419;14;0.980409573155687
19.86;6.62103258224414;11;0.979817419195658
20.59;6.28086944040407;7;0.979027880582285
20.81;6.45095101132411;1;0.978337034295583
20.73;7.03408782590708;357;0.977942264988897
20.14;7.37425096774714;358;0.977942264988897
19.17;7.28921018228713;1;0.97813964964224
18.03;6.45095101132411;6;0.978534418948927
17.04;5.61269184036109;13;0.979126572908956
16.44;4.44641821119515;18;0.979422649888971
15.85;3.35303668385208;21;0.979718726868986
15.32;2.927832756552;17;0.980113496175672
15;2.84279197109198;14;0.980409573155687
15.04;3.09791432747203;13;0.980508265482359
15.12;3.26799589839206;11;0.980409573155687
15.14;3.52311825477211;11;0.980508265482359
15.24;3.43807746931209;18;0.980409573155687
15.1;2.84279197109198;29;0.980014803849001
14.88;2.25965515650901;32;0.979817419195658
14.65;2.17461437104899;16;0.980014803849001
15.12;3.52311825477211;9;0.981100419442388
15.27;4.27633664027511;358;0.981692573402418
15.98;5.61269184036109;354;0.982580804342462
16.98;5.19963659669815;359;0.98307426597582
18.09;5.86781419674114;353;0.98366641993585
18.69;6.53599179678412;347;0.983271650629164
19.19;5.52765105490107;349;0.981988650382433
19.55;5.11459581123813;342;0.981001727115717
19.65;7.03408782590708;333;0.981100419442388
19.13;7.54433253866718;335;0.981692573402418
18.27;6.03789576766117;338;0.981988650382433
17.42;4.68939188393805;336;0.982284727362448
17.08;4.36137742573513;328;0.982186035035776
16.64;3.18295511293205;318;0.982778188995806
16.28;2.68485908380909;303;0.982482112015791
16.29;3.681051142055;304;0.982679496669134
16.32;4.77443266939807;318;0.982679496669134
16.43;5.52765105490107;337;0.982186035035776
15.81;5.95285498220115;351;0.981889958055761
15.43;6.28086944040407;3;0.981495188749075
14.89;6.79111415316417;10;0.981297804095732
14.89;6.94904704044706;12;0.981396496422403
14.53;6.45095101132411;11;0.981297804095732
14.28;6.19582865494406;8;0.981396496422403
14.3;6.62103258224414;4;0.981495188749075
14.52;7.03408782590708;2;0.982186035035776
15.54;7.03408782590708;1;0.982482112015791
16.71;10.0591100515562;2;0.98307426597582
17.53;11.2253836807222;0;0.983172958302492
18.03;12.0636428516852;359;0.982975573649149
18.09;12.4888467789853;358;0.982383419689119
18.13;12.8168612371882;356;0.981692573402418
18.01;13.0719835935682;356;0.981297804095732
17.5;13.3271059499483;356;0.981396496422403
16.78;13.0719835935682;358;0.981495188749075
16.1;11.4805060371022;358;0.98179126572909
15.87;10.9702613243421;359;0.981988650382433
15.53;9.97406926609622;360;0.982383419689119
15.27;9.3787837678761;2;0.982383419689119
14.91;8.6255653823731;4;0.982482112015791
14.59;7.8723469968701;5;0.982482112015791
14.36;7.20416939682711;8;0.982482112015791
14.59;6.79111415316417;9;0.981889958055761
14.5;6.36591022586409;10;0.98179126572909
14.24;5.86781419674114;10;0.981692573402418
13.86;5.19963659669815;14;0.981495188749075
13.18;4.02121428389506;27;0.981495188749075
12.54;2.68485908380909;47;0.981396496422403
12.18;2.17461437104899;52;0.982186035035776
11.79;1.67651834192604;80;0.982482112015791
13.13;1.59147755646602;97;0.982975573649149
14.56;1.59147755646602;90;0.98366641993585
16.14;1.00834074188305;64;0.983863804589193
17.58;1.25131441462596;338;0.983567727609178
18.8;2.42973672742904;316;0.982778188995806
19.33;3.60815904023213;318;0.982087342709104
19.43;4.44641821119515;325;0.981593881075746
18.95;5.61269184036109;334;0.981495188749075
17.86;6.28086944040407;342;0.981593881075746
16.57;5.35756948398104;348;0.981889958055761
15.85;5.11459581123813;349;0.982186035035776
15.23;3.93617349843505;356;0.982679496669134
14.56;3.09791432747203;355;0.982679496669134
13.89;2.927832756552;352;0.98307426597582
13.26;2.84279197109198;358;0.98307426597582
12.54;2.25965515650901;17;0.982876881322477
12.17;2.0166814837661;42;0.982482112015791
11.59;2.0166814837661;61;0.982087342709104
11.03;2.17461437104899;85;0.981988650382433
10.82;2.17461437104899;107;0.981889958055761
10.69;2.17461437104899;124;0.982087342709104
10.32;1.93164069830609;138;0.982383419689119
11.07;1.33635520008597;110;0.98307426597582
11.22;1.84659991284607;123;0.98366641993585
12.25;1.67651834192604;124;0.98425857389588
13.87;1.25131441462596;67;0.985442881815939
15.68;3.60815904023213;16;0.985640266469282
16.92;4.60435109847803;11;0.985146804835924
17.75;4.85947345485808;9;0.984061189242536
18.28;5.11459581123813;4;0.983271650629164
18.45;5.27252869852102;359;0.982975573649149
18.14;5.78277341128112;358;0.98307426597582
17.25;6.53599179678412;358;0.983469035282507
16.11;5.61269184036109;5;0.983962496915865
15.51;4.68939188393805;8;0.98425857389588
14.77;5.02955502577812;15;0.984850727855909
14.21;4.27633664027511;25;0.985048112509252
13.53;3.52311825477211;30;0.985048112509252
12.84;3.09791432747203;33;0.985344189489267
12.18;2.76989986926911;41;0.985245497162596
11.99;2.59981829834908;53;0.984850727855909
11.49;2.25965515650901;74;0.984455958549223
11.17;2.08957358558898;80;0.98425857389588
11.01;2.08957358558898;71;0.984061189242536
10.96;2.25965515650901;78;0.983962496915865
10.96;2.17461437104899;95;0.983863804589193
11.15;2.68485908380909;70;0.984554650875894
10.98;2.0166814837661;82;0.984949420182581
12.5;1.17842231280309;98;0.985245497162596
14.15;0.58313681458297;90;0.985837651122625
16.37;1.67651834192604;4;0.986331112755983
18.52;5.02955502577812;2;0.986035035775968
19.52;6.11078786948404;5;0.985245497162596
20.08;6.87615493862419;8;0.984455958549223
20.05;6.87615493862419;10;0.984061189242536
19.68;7.03408782590708;12;0.984159881569208
18.82;7.11912861136709;13;0.984554650875894
17.59;5.78277341128112;16;0.985146804835924
16.41;5.35756948398104;19;0.98554157414261
15.71;3.85113271297503;33;0.985837651122625
14.88;2.59981829834908;44;0.985936343449297
13.69;1.84659991284607;49;0.986331112755983
13.66;1.17842231280309;49;0.986627189735998
13.61;0.838259170963019;39;0.986331112755983
12.92;1.09338152734307;52;0.985936343449297
10.61;2.08957358558898;79;0.98554157414261
10.2;2.51477751288906;103;0.985146804835924
9.96;2.68485908380909;123;0.985146804835924
9.61;2.927832756552;133;0.985048112509252
9.09;3.26799589839206;140;0.985442881815939
8.82;3.43807746931209;149;0.985936343449297
8.51;3.52311825477211;143;0.986331112755983
9.21;3.60815904023213;140;0.986824574389341
11.71;3.26799589839206;143;0.987318036022699
16.02;2.51477751288906;150;0.987515420676042
19.39;1.50643677100601;157;0.987021959042684
21.38;0.838259170963019;151;0.98613372810264
22.55;0.170081570920033;119;0.985442881815939
23.07;0.838259170963019;351;0.984949420182581
22.86;2.59981829834908;348;0.984653343202566
21.48;4.36137742573513;352;0.984949420182581
19.26;4.60435109847803;359;0.985344189489267
17.63;4.27633664027511;11;0.985640266469282
16.48;3.76609192751502;28;0.986232420429312
15.61;3.26799589839206;41;0.986232420429312
14.74;2.76989986926911;53;0.985936343449297
13.72;2.42973672742904;68;0.985936343449297
12.82;2.34469594196903;86;0.98554157414261
11.96;2.51477751288906;105;0.985442881815939
11.29;2.84279197109198;121;0.984949420182581
10.65;3.26799589839206;131;0.984850727855909
9.99;3.60815904023213;135;0.984752035529238
9.36;3.93617349843505;138;0.984653343202566
8.97;4.1912958548151;139;0.984752035529238
8.52;4.1912958548151;139;0.985442881815939
8.84;4.51931031301802;138;0.985936343449297
12.14;4.44641821119515;136;0.986923266716013
17.35;5.44261026944105;133;0.987318036022699
20.03;7.62937332412719;132;0.987712805329386
21.53;8.46763249509021;133;0.987021959042684
22.61;8.71060616783311;132;0.986232420429312
23.31;8.46763249509021;130;0.985146804835924
23.67;7.95738778233011;126;0.984455958549223
23.65;7.37425096774714;122;0.984357266222551
23.13;6.62103258224414;118;0.984357266222551
21.86;4.85947345485808;112;0.984752035529238
20.67;4.44641821119515;114;0.984850727855909
19.34;4.10625506935508;112;0.985146804835924
18.05;3.85113271297503;110;0.985048112509252
16.82;3.76609192751502;111;0.985146804835924
15.68;3.85113271297503;115;0.985442881815939
14.66;3.93617349843505;119;0.985245497162596
13.82;4.10625506935508;122;0.985048112509252
13.08;4.27633664027511;122;0.984653343202566
12.53;4.51931031301802;120;0.984455958549223
12.09;4.68939188393805;119;0.984455958549223
11.69;4.77443266939807;117;0.984357266222551
11.34;4.85947345485808;117;0.984554650875894
11.22;4.9445142403181;117;0.985245497162596
11.23;5.19963659669815;120;0.98554157414261
13.29;5.19963659669815;121;0.986331112755983
16.38;6.94904704044706;120;0.986528497409326
18.57;9.54886533879614;120;0.986429805082655
20.17;11.1403428952622;119;0.98554157414261
21.34;11.6505876080223;117;0.984455958549223
22.14;11.4805060371022;116;0.983370342955835
22.59;10.8123284370592;114;0.982778188995806
22.63;10.1320021533791;112;0.982679496669134
22.13;9.05076930967318;107;0.982679496669134
20.89;6.79111415316417;101;0.982975573649149
19.72;5.35756948398104;87;0.983370342955835
18.29;4.68939188393805;78;0.983567727609178
16.99;4.36137742573513;73;0.983863804589193
15.8;3.93617349843505;77;0.983765112262522
14.51;3.35303668385208;88;0.984061189242536
13.38;3.26799589839206;103;0.983962496915865
12.72;3.93617349843505;112;0.983567727609178
12.5;4.68939188393805;114;0.98307426597582
12.4;5.19963659669815;113;0.982679496669134
12.38;5.44261026944105;113;0.982482112015791
12.28;5.61269184036109;114;0.982580804342462
12.02;5.61269184036109;114;0.982679496669134
12.14;6.19582865494406;107;0.982383419689119
12.11;6.19582865494406;107;0.982679496669134
13.68;5.61269184036109;107;0.983370342955835
16.11;7.28921018228713;106;0.98366641993585
18.18;9.54886533879614;108;0.983469035282507
19.87;10.4721652952192;110;0.982580804342462
21.02;10.3871245097592;112;0.981100419442388
21.84;9.8890284806362;113;0.980014803849001
22.28;9.22085088059321;112;0.979126572908956
22.34;8.79564695329313;109;0.978929188255613
21.92;8.12746935325015;107;0.978534418948927
20.76;6.11078786948404;98;0.978633111275598
19.63;5.11459581123813;87;0.978534418948927
18.4;4.77443266939807;88;0.978435726622255
17.42;4.68939188393805;96;0.97873180360227
16.62;4.68939188393805;104;0.978830495928942
16.04;4.9445142403181;110;0.978929188255613
15.51;5.44261026944105;113;0.978929188255613
15.26;6.03789576766117;113;0.978534418948927
15.18;6.70607336770416;113;0.977843572662226
15.15;7.62937332412719;115;0.977350111028867
15.24;8.71060616783311;117;0.976955341722181
15.24;9.80398769517618;117;0.976659264742166
15.17;10.8973692225193;116;0.976363187762151
15.63;11.4805060371022;116;0.976560572415495
15.64;11.9786020662252;118;0.976461880088823
16.3;11.3954652516422;119;0.97685664939551
17.52;12.9019020226482;119;0.977350111028867
19.26;13.4850388372312;120;0.977448803355539
20.91;13.3271059499483;122;0.97685664939551
22.33;12.9019020226482;124;0.975869726128794
23.48;12.2337244226052;125;0.974981495188749
24.12;11.3954652516422;126;0.974685418208734
24.37;10.6422468661392;125;0.974685418208734
24.04;9.46382455333612;122;0.974784110535406
22.82;7.70226542595006;112;0.975277572168764
21.97;8.29755092417018;109;0.975474956822107
21.18;9.05076930967318;109;0.975869726128794
20.5;9.63390612425615;110;0.976165803108808
19.86;9.80398769517618;111;0.976659264742166
19.26;9.71894690971617;111;0.976757957068838
18.69;9.54886533879614;114;0.976757957068838
18.01;9.46382455333612;116;0.976659264742166
17.45;9.30589166605323;119;0.976461880088823
16.88;9.1358100951332;121;0.976461880088823
16.39;9.05076930967318;122;0.97626449543548
15.88;8.88068773875315;123;0.976461880088823
15.45;8.79564695329313;124;0.976757957068838
15.47;9.05076930967318;122;0.977054034048853
15.29;8.88068773875315;123;0.977547495682211
16.65;8.29755092417018;124;0.978435726622255
18.87;9.97406926609622;122;0.978929188255613
21.02;10.3871245097592;122;0.979225265235628
22.73;10.0591100515562;123;0.978337034295583
24.05;9.22085088059321;125;0.977744880335554
24.86;8.29755092417018;127;0.977054034048853
25.26;7.45929175320716;127;0.976461880088823
25.35;6.79111415316417;124;0.976560572415495
24.96;5.78277341128112;118;0.976659264742166
23.61;4.27633664027511;101;0.976955341722181
22.35;4.60435109847803;93;0.977054034048853
20.9;4.9445142403181;86;0.977251418702196
19.83;5.19963659669815;85;0.977547495682211
18.88;5.27252869852102;89;0.977942264988897
18.02;5.19963659669815;96;0.978337034295583
17.3;5.27252869852102;103;0.97813964964224
16.58;5.35756948398104;109;0.977942264988897
16.07;5.61269184036109;114;0.977547495682211
15.7;5.95285498220115;118;0.977350111028867
15.4;6.36591022586409;122;0.977054034048853
15.13;6.70607336770416;124;0.977251418702196
14.86;7.03408782590708;125;0.977547495682211
14.23;6.45095101132411;126;0.97813964964224
14.08;6.62103258224414;126;0.978633111275598
15.85;6.62103258224414;126;0.979422649888971
18.83;7.8723469968701;125;0.979916111522329
21.45;8.54052459691308;123;0.980014803849001
23.34;8.29755092417018;123;0.9793239575623
24.47;7.03408782590708;123;0.978337034295583
25;5.61269184036109;116;0.977350111028867
25.21;4.60435109847803;106;0.976659264742166
25.09;4.02121428389506;99;0.976659264742166
24.58;3.60815904023213;89;0.976659264742166
22.95;3.01287354201201;70;0.976955341722181
20.53;4.02121428389506;46;0.977350111028867
19.16;3.85113271297503;52;0.977744880335554
17.89;3.60815904023213;55;0.978238341968912
16.59;3.35303668385208;63;0.978534418948927
15.3;3.09791432747203;79;0.97873180360227
14.23;3.43807746931209;89;0.978040957315569
13.27;3.52311825477211;99;0.977843572662226
12.36;3.52311825477211;108;0.977350111028867
11.44;3.52311825477211;112;0.976955341722181
10.62;3.52311825477211;115;0.976757957068838
10;3.76609192751502;122;0.976659264742166
9.41;3.93617349843505;128;0.976363187762151
9.58;3.76609192751502;124;0.976560572415495
9.09;3.85113271297503;132;0.976659264742166
10.95;2.84279197109198;136;0.977152726375524
16.3;1.76155912738606;122;0.977646188008882
20.5;1.84659991284607;49;0.977843572662226
22.04;3.85113271297503;22;0.977251418702196
22.87;5.52765105490107;15;0.976363187762151
23.09;6.62103258224414;12;0.975474956822107
22.82;7.03408782590708;12;0.974784110535406
22.04;7.03408782590708;12;0.974685418208734
20.42;6.70607336770416;10;0.974882802862078
18.17;5.6977326258211;9;0.975376264495435
16.57;5.02955502577812;14;0.975573649148779
15.51;4.36137742573513;21;0.975968418455465
14.62;3.93617349843505;23;0.976363187762151
13.85;4.02121428389506;21;0.97685664939551
13.15;4.02121428389506;24;0.97685664939551
12.6;3.76609192751502;31;0.976659264742166
12.1;3.09791432747203;35;0.976067110782137
11.2;2.51477751288906;25;0.976165803108808
10.51;2.68485908380909;12;0.975869726128794
10.15;3.09791432747203;16;0.976165803108808
9.76;3.18295511293205;23;0.976067110782137
9.43;2.84279197109198;30;0.976165803108808
9.97;2.42973672742904;33;0.976560572415495
10.32;2.59981829834908;28;0.97685664939551
12.32;2.927832756552;21;0.977646188008882
14.47;4.68939188393805;15;0.978238341968912
16.24;6.36591022586409;10;0.978435726622255
17.27;6.53599179678412;3;0.977646188008882
18.08;6.94904704044706;358;0.976659264742166
18.43;7.37425096774714;355;0.975869726128794
18.29;7.62937332412719;354;0.975573649148779
17.8;7.54433253866718;353;0.97567234147545
17.13;7.37425096774714;353;0.975968418455465
16.31;6.53599179678412;354;0.97626449543548
15.98;5.86781419674114;355;0.976067110782137
15.61;4.9445142403181;355;0.976659264742166
15.44;4.68939188393805;353;0.976757957068838
15.36;4.60435109847803;353;0.97685664939551
14.92;4.36137742573513;353;0.97685664939551
14.41;4.27633664027511;354;0.97685664939551
13.95;4.44641821119515;357;0.976363187762151
13.78;4.68939188393805;359;0.976067110782137
13.66;4.9445142403181;357;0.975968418455465
13.67;5.11459581123813;354;0.976067110782137
13.74;5.35756948398104;352;0.976363187762151
13.61;5.44261026944105;352;0.976461880088823
13.52;5.86781419674114;358;0.976461880088823
13.42;5.61269184036109;356;0.976955341722181
14.65;5.52765105490107;353;0.977448803355539
16;8.12746935325015;354;0.977942264988897
17.01;8.04242856779013;352;0.978238341968912
17.6;7.8723469968701;349;0.977646188008882
17.98;7.54433253866718;344;0.976955341722181
18.14;7.62937332412719;336;0.976659264742166
17.98;7.70226542595006;334;0.976461880088823
17.47;7.70226542595006;334;0.976363187762151
16.74;7.54433253866718;336;0.976659264742166
15.9;6.70607336770416;337;0.977054034048853
15.43;5.61269184036109;334;0.977350111028867
14.98;4.9445142403181;333;0.977744880335554
14.72;4.60435109847803;337;0.97813964964224
14.44;4.44641821119515;342;0.97813964964224
14.53;4.9445142403181;345;0.978238341968912
14.41;5.6977326258211;347;0.978337034295583
14.24;6.28086944040407;346;0.97813964964224
14.06;6.36591022586409;345;0.978040957315569
13.77;6.11078786948404;345;0.978040957315569
13.53;5.78277341128112;344;0.978040957315569
13.38;5.11459581123813;337;0.978435726622255
13.11;4.36137742573513;327;0.978929188255613
12.7;4.1912958548151;337;0.978633111275598
12.53;3.93617349843505;343;0.978929188255613
13.8;3.85113271297503;344;0.979620034542314
15.37;5.61269184036109;341;0.980409573155687
16.32;5.78277341128112;330;0.980804342462374
17.02;6.19582865494406;325;0.980212188502344
17.58;6.62103258224414;322;0.979620034542314
17.71;6.94904704044706;319;0.979027880582285
17.49;7.11912861136709;319;0.978830495928942
17.03;6.42665364404982;321;0.978929188255613
16.32;6.24442338949264;325;0.979126572908956
15.61;6.06219313493546;331;0.979521342215643
14.9;5.87996288037828;344;0.979422649888971
14.19;5.6977326258211;356;0.979521342215643
13.48;5.51550237126393;5;0.979916111522329
12.77;5.33327211670675;6;0.979916111522329
12.06;5.15104186214957;2;0.980310880829016
